#include "h264_encode_stream_256x128.h"

/*
 * Embedded 256x128 Annex-B H.264 elementary stream for decode stress test.
 * Stream data is copied from legacy bk_h264d test content.
 */
const uint8_t h264_encode_stream_256x128[49152] =
{
	0x33, 0x34, 0x36, 0x35, 0x36, 0x3B, 0x40, 0x44, 0x5A, 0x60, 0x62, 0x5F, 0x5F, 0x67, 0x6F, 0x73, 
	0x70, 0x64, 0x58, 0x54, 0x58, 0x5A, 0x54, 0x4D, 0x3E, 0x39, 0x33, 0x32, 0x33, 0x34, 0x33, 0x31, 
	0x30, 0x2E, 0x2D, 0x2C, 0x2D, 0x2E, 0x2D, 0x2C, 0x2C, 0x2C, 0x2C, 0x2D, 0x2D, 0x2E, 0x2E, 0x2E, 
	0x2D, 0x2D, 0x2D, 0x2D, 0x2D, 0x2D, 0x2D, 0x2D, 0x2D, 0x2D, 0x2D, 0x2D, 0x2D, 0x2D, 0x2D, 0x2D, 
	0x2D, 0x2D, 0x2D, 0x2D, 0x2D, 0x2D, 0x2D, 0x2D, 0x2D, 0x2D, 0x2C, 0x2C, 0x2C, 0x2C, 0x2B, 0x2B, 
	0x2C, 0x2C, 0x2C, 0x2C, 0x2C, 0x2C, 0x2C, 0x2C, 0x2C, 0x2C, 0x2C, 0x2C, 0x2C, 0x2C, 0x2C, 0x2C, 
	0x2D, 0x2D, 0x2D, 0x2D, 0x2C, 0x2C, 0x2C, 0x2B, 0x2C, 0x2C, 0x2C, 0x2C, 0x2C, 0x2C, 0x2B, 0x2C, 
	0x2B, 0x2B, 0x2B, 0x2B, 0x2B, 0x2A, 0x2A, 0x2A, 0x2C, 0x2C, 0x2C, 0x2B, 0x2B, 0x2A, 0x2A, 0x29, 
	0x28, 0x29, 0x29, 0x2A, 0x2C, 0x2C, 0x2B, 0x2B, 0x28, 0x29, 0x2B, 0x2D, 0x2C, 0x2A, 0x29, 0x2B, 
	0x29, 0x29, 0x28, 0x2A, 0x2B, 0x2B, 0x2A, 0x29, 0x29, 0x29, 0x2A, 0x2A, 0x2A, 0x2A, 0x2B, 0x2C, 
	0x29, 0x29, 0x29, 0x29, 0x29, 0x29, 0x29, 0x29, 0x2A, 0x2A, 0x2A, 0x2A, 0x2A, 0x2A, 0x2A, 0x2A, 
	0x29, 0x29, 0x29, 0x29, 0x29, 0x29, 0x29, 0x29, 0x2B, 0x2B, 0x2B, 0x2B, 0x2B, 0x2A, 0x29, 0x28, 
	0x29, 0x29, 0x29, 0x29, 0x29, 0x29, 0x29, 0x29, 0x29, 0x29, 0x29, 0x29, 0x29, 0x29, 0x29, 0x29, 
	0x29, 0x29, 0x29, 0x29, 0x28, 0x28, 0x28, 0x28, 0x27, 0x27, 0x27, 0x27, 0x27, 0x27, 0x27, 0x27, 
	0x28, 0x28, 0x28, 0x28, 0x28, 0x27, 0x27, 0x27, 0x27, 0x27, 0x27, 0x27, 0x27, 0x27, 0x27, 0x27, 
	0x28, 0x28, 0x28, 0x28, 0x28, 0x28, 0x28, 0x28, 0x27, 0x27, 0x27, 0x27, 0x27, 0x27, 0x27, 0x27, 
	0x31, 0x33, 0x34, 0x35, 0x35, 0x38, 0x3C, 0x40, 0x45, 0x4C, 0x50, 0x51, 0x55, 0x5D, 0x68, 0x6D, 
	0x68, 0x64, 0x5E, 0x5D, 0x5D, 0x5B, 0x53, 0x4C, 0x3E, 0x3A, 0x35, 0x34, 0x35, 0x36, 0x35, 0x33, 
	0x31, 0x30, 0x2E, 0x2E, 0x2E, 0x2F, 0x2E, 0x2D, 0x2D, 0x2D, 0x2D, 0x2E, 0x2E, 0x2F, 0x2F, 0x2F, 
	0x2D, 0x2D, 0x2D, 0x2D, 0x2D, 0x2D, 0x2D, 0x2D, 0x2D, 0x2D, 0x2D, 0x2D, 0x2D, 0x2D, 0x2D, 0x2D, 
	0x2D, 0x2D, 0x2D, 0x2D, 0x2D, 0x2D, 0x2D, 0x2D, 0x2D, 0x2D, 0x2D, 0x2D, 0x2C, 0x2C, 0x2C, 0x2C, 
	0x2D, 0x2D, 0x2D, 0x2D, 0x2D, 0x2D, 0x2D, 0x2D, 0x2D, 0x2D, 0x2D, 0x2D, 0x2D, 0x2D, 0x2D, 0x2D, 
	0x2D, 0x2D, 0x2D, 0x2D, 0x2C, 0x2C, 0x2C, 0x2C, 0x2D, 0x2D, 0x2D, 0x2D, 0x2D, 0x2D, 0x2C, 0x2D, 
	0x2B, 0x2C, 0x2B, 0x2B, 0x2B, 0x2B, 0x2A, 0x2A, 0x2B, 0x2B, 0x2B, 0x2C, 0x2C, 0x2B, 0x2B, 0x2B, 
	0x2A, 0x2B, 0x2B, 0x2C, 0x2C, 0x2C, 0x2C, 0x2C, 0x31, 0x31, 0x2E, 0x29, 0x27, 0x2B, 0x2F, 0x2F, 
	0x2B, 0x2A, 0x29, 0x29, 0x2A, 0x2A, 0x28, 0x27, 0x29, 0x29, 0x2A, 0x2A, 0x2A, 0x2A, 0x2B, 0x2B, 
	0x2A, 0x2A, 0x2A, 0x2A, 0x2A, 0x2A, 0x2A, 0x2A, 0x2B, 0x2B, 0x2B, 0x2B, 0x2B, 0x2B, 0x2B, 0x2B, 
	0x2A, 0x2A, 0x2A, 0x2A, 0x2A, 0x2A, 0x2A, 0x2A, 0x2B, 0x2B, 0x2C, 0x2C, 0x2C, 0x2C, 0x2B, 0x2A, 
	0x2B, 0x2B, 0x2B, 0x2B, 0x2B, 0x2B, 0x2B, 0x2B, 0x2A, 0x2A, 0x2A, 0x2A, 0x2A, 0x2A, 0x2A, 0x2A, 
	0x2A, 0x2A, 0x2A, 0x2A, 0x2A, 0x2A, 0x29, 0x29, 0x29, 0x29, 0x29, 0x29, 0x29, 0x29, 0x29, 0x29, 
	0x2A, 0x2A, 0x2A, 0x29, 0x29, 0x29, 0x29, 0x29, 0x29, 0x29, 0x29, 0x29, 0x29, 0x29, 0x29, 0x29, 
	0x28, 0x28, 0x28, 0x28, 0x28, 0x28, 0x28, 0x28, 0x28, 0x28, 0x28, 0x28, 0x28, 0x28, 0x28, 0x28, 
	0x30, 0x31, 0x33, 0x33, 0x33, 0x35, 0x37, 0x39, 0x3C, 0x41, 0x45, 0x46, 0x48, 0x4F, 0x56, 0x5A, 
	0x5C, 0x5E, 0x61, 0x62, 0x60, 0x59, 0x4F, 0x48, 0x3F, 0x3B, 0x38, 0x36, 0x37, 0x37, 0x38, 0x37, 
	0x33, 0x32, 0x30, 0x2F, 0x30, 0x30, 0x2F, 0x2E, 0x2E, 0x2E, 0x2F, 0x2F, 0x2F, 0x2F, 0x2F, 0x30, 
	0x2E, 0x2E, 0x2E, 0x2E, 0x2E, 0x2E, 0x2E, 0x2E, 0x2D, 0x2D, 0x2D, 0x2D, 0x2D, 0x2D, 0x2D, 0x2D, 
	0x2E, 0x2E, 0x2E, 0x2E, 0x2E, 0x2E, 0x2E, 0x2E, 0x2E, 0x2E, 0x2E, 0x2E, 0x2D, 0x2D, 0x2D, 0x2D, 
	0x2E, 0x2E, 0x2E, 0x2E, 0x2E, 0x2E, 0x2E, 0x2E, 0x2E, 0x2E, 0x2E, 0x2E, 0x2E, 0x2E, 0x2E, 0x2E, 
	0x2E, 0x2E, 0x2E, 0x2D, 0x2D, 0x2D, 0x2D, 0x2D, 0x2D, 0x2D, 0x2D, 0x2D, 0x2D, 0x2D, 0x2D, 0x2D, 
	0x2D, 0x2C, 0x2C, 0x2B, 0x2C, 0x2C, 0x2B, 0x2C, 0x2B, 0x2A, 0x2C, 0x2D, 0x2D, 0x2E, 0x2E, 0x2E, 
	0x2E, 0x2E, 0x2F, 0x30, 0x30, 0x30, 0x30, 0x30, 0x2B, 0x32, 0x36, 0x33, 0x32, 0x33, 0x2F, 0x27, 
	0x2E, 0x2E, 0x2C, 0x2B, 0x2B, 0x2A, 0x29, 0x28, 0x29, 0x2A, 0x2A, 0x2A, 0x2A, 0x2A, 0x2A, 0x2B, 
	0x2B, 0x2B, 0x2B, 0x2B, 0x2B, 0x2B, 0x2B, 0x2B, 0x2A, 0x2A, 0x2A, 0x2A, 0x2A, 0x2A, 0x2A, 0x2B, 
	0x2B, 0x2B, 0x2B, 0x2B, 0x2B, 0x2B, 0x2B, 0x2B, 0x2B, 0x2B, 0x2D, 0x2D, 0x2D, 0x2D, 0x2D, 0x2D, 
	0x2C, 0x2C, 0x2C, 0x2C, 0x2C, 0x2C, 0x2C, 0x2C, 0x2C, 0x2C, 0x2C, 0x2C, 0x2C, 0x2C, 0x2C, 0x2C, 
	0x2B, 0x2B, 0x2B, 0x2B, 0x2A, 0x2A, 0x2A, 0x2A, 0x2A, 0x2A, 0x2A, 0x2A, 0x2A, 0x2A, 0x2A, 0x2A, 
	0x2B, 0x2A, 0x2A, 0x2A, 0x2A, 0x2A, 0x2A, 0x2A, 0x2A, 0x2A, 0x2A, 0x2A, 0x2A, 0x2A, 0x2A, 0x2A, 
	0x29, 0x29, 0x29, 0x29, 0x29, 0x29, 0x29, 0x29, 0x28, 0x28, 0x28, 0x28, 0x28, 0x28, 0x28, 0x28, 
	0x31, 0x31, 0x32, 0x33, 0x33, 0x33, 0x33, 0x34, 0x3B, 0x3E, 0x42, 0x41, 0x43, 0x45, 0x49, 0x4D, 
	0x50, 0x54, 0x5A, 0x5E, 0x5D, 0x56, 0x4B, 0x43, 0x3F, 0x3C, 0x38, 0x36, 0x37, 0x38, 0x38, 0x37, 
	0x33, 0x32, 0x30, 0x30, 0x30, 0x30, 0x2F, 0x2E, 0x2F, 0x2F, 0x2F, 0x2F, 0x2F, 0x2F, 0x2F, 0x2F, 
	0x30, 0x30, 0x30, 0x30, 0x30, 0x30, 0x30, 0x30, 0x2E, 0x2E, 0x2E, 0x2E, 0x2E, 0x2E, 0x2E, 0x2E, 
	0x2F, 0x2F, 0x2F, 0x2F, 0x2F, 0x2F, 0x2F, 0x2F, 0x30, 0x2F, 0x2F, 0x2F, 0x2F, 0x2E, 0x2E, 0x2E, 
	0x2F, 0x2F, 0x2F, 0x2F, 0x2F, 0x2F, 0x2F, 0x2F, 0x2F, 0x2F, 0x2F, 0x2F, 0x2F, 0x2F, 0x2F, 0x2F, 
	0x2F, 0x2F, 0x2F, 0x2E, 0x2E, 0x2E, 0x2E, 0x2E, 0x2D, 0x2D, 0x2D, 0x2D, 0x2D, 0x2D, 0x2D, 0x2D, 
	0x2D, 0x2D, 0x2D, 0x2D, 0x2D, 0x2C, 0x2D, 0x2C, 0x2B, 0x2C, 0x2C, 0x2C, 0x2D, 0x2E, 0x2F, 0x30, 
	0x32, 0x32, 0x33, 0x34, 0x35, 0x35, 0x35, 0x35, 0x3B, 0x39, 0x38, 0x36, 0x35, 0x36, 0x36, 0x36, 
	0x32, 0x31, 0x2F, 0x2E, 0x2E, 0x2D, 0x2C, 0x2A, 0x2A, 0x2A, 0x2A, 0x2A, 0x2B, 0x2B, 0x2B, 0x2A, 
	0x2A, 0x2B, 0x2B, 0x2B, 0x2B, 0x2B, 0x2B, 0x2B, 0x2B, 0x2B, 0x2B, 0x2B, 0x2B, 0x2B, 0x2B, 0x2B, 
	0x2B, 0x2B, 0x2B, 0x2B, 0x2B, 0x2B, 0x2B, 0x2B, 0x2B, 0x2B, 0x2D, 0x2D, 0x2D, 0x2D, 0x2D, 0x2D, 
	0x2D, 0x2D, 0x2D, 0x2D, 0x2D, 0x2D, 0x2D, 0x2D, 0x2C, 0x2C, 0x2C, 0x2C, 0x2C, 0x2C, 0x2C, 0x2C, 
	0x2C, 0x2C, 0x2B, 0x2B, 0x2B, 0x2B, 0x2A, 0x2A, 0x2A, 0x2A, 0x2A, 0x2A, 0x2A, 0x2A, 0x2A, 0x2A, 
	0x2B, 0x2B, 0x2B, 0x2A, 0x2A, 0x2A, 0x2A, 0x2A, 0x2A, 0x2A, 0x2A, 0x2A, 0x2A, 0x2A, 0x2A, 0x2A, 
	0x29, 0x29, 0x29, 0x29, 0x29, 0x29, 0x29, 0x29, 0x29, 0x29, 0x29, 0x29, 0x29, 0x29, 0x29, 0x29, 
	0x32, 0x32, 0x33, 0x33, 0x34, 0x33, 0x32, 0x31, 0x35, 0x37, 0x3B, 0x3E, 0x41, 0x43, 0x48, 0x4C, 
	0x4B, 0x4D, 0x51, 0x56, 0x59, 0x55, 0x4C, 0x45, 0x3E, 0x3C, 0x38, 0x35, 0x35, 0x35, 0x36, 0x36, 
	0x33, 0x32, 0x31, 0x30, 0x31, 0x31, 0x30, 0x2F, 0x30, 0x30, 0x30, 0x2F, 0x2F, 0x2F, 0x2F, 0x2F, 
	0x31, 0x31, 0x31, 0x31, 0x31, 0x31, 0x31, 0x31, 0x2F, 0x2F, 0x2F, 0x2F, 0x2F, 0x2F, 0x2F, 0x2F, 
	0x30, 0x30, 0x30, 0x30, 0x30, 0x30, 0x30, 0x30, 0x31, 0x31, 0x31, 0x30, 0x30, 0x30, 0x30, 0x2F, 
	0x30, 0x2F, 0x30, 0x2F, 0x30, 0x2F, 0x30, 0x2F, 0x30, 0x2F, 0x30, 0x2F, 0x30, 0x2F, 0x30, 0x30, 
	0x30, 0x30, 0x30, 0x2F, 0x2F, 0x2F, 0x2F, 0x2F, 0x2F, 0x2F, 0x2F, 0x2F, 0x2F, 0x2F, 0x2F, 0x2F, 
	0x2E, 0x2E, 0x2E, 0x2E, 0x2E, 0x2E, 0x2E, 0x2E, 0x2E, 0x2E, 0x2D, 0x2E, 0x2F, 0x30, 0x32, 0x32, 
	0x35, 0x36, 0x37, 0x39, 0x39, 0x3A, 0x3B, 0x3B, 0x3E, 0x39, 0x39, 0x3E, 0x3F, 0x38, 0x36, 0x37, 
	0x36, 0x34, 0x31, 0x30, 0x2F, 0x2E, 0x2D, 0x2C, 0x2B, 0x2B, 0x2B, 0x2B, 0x2A, 0x2B, 0x2B, 0x2B, 
	0x2C, 0x2C, 0x2C, 0x2C, 0x2C, 0x2C, 0x2C, 0x2D, 0x2C, 0x2D, 0x2C, 0x2D, 0x2C, 0x2D, 0x2C, 0x2D, 
	0x2D, 0x2D, 0x2D, 0x2D, 0x2D, 0x2D, 0x2D, 0x2D, 0x2B, 0x2B, 0x2C, 0x2D, 0x2D, 0x2D, 0x2D, 0x2D, 
	0x2C, 0x2C, 0x2C, 0x2C, 0x2C, 0x2C, 0x2C, 0x2C, 0x2B, 0x2B, 0x2B, 0x2B, 0x2B, 0x2B, 0x2B, 0x2B, 
	0x2C, 0x2C, 0x2C, 0x2C, 0x2C, 0x2C, 0x2B, 0x2B, 0x2B, 0x2B, 0x2B, 0x2B, 0x2B, 0x2B, 0x2B, 0x2B, 
	0x2C, 0x2C, 0x2C, 0x2B, 0x2B, 0x2B, 0x2B, 0x2A, 0x2A, 0x2A, 0x2A, 0x2A, 0x2A, 0x2A, 0x2A, 0x2A, 
	0x2A, 0x2A, 0x2A, 0x2A, 0x2A, 0x2A, 0x2A, 0x2A, 0x2A, 0x2A, 0x2A, 0x2A, 0x2A, 0x2A, 0x2A, 0x2A, 
	0x34, 0x33, 0x33, 0x33, 0x34, 0x34, 0x33, 0x31, 0x32, 0x32, 0x35, 0x39, 0x3C, 0x3D, 0x40, 0x44, 
	0x4A, 0x49, 0x4B, 0x50, 0x53, 0x52, 0x4E, 0x48, 0x42, 0x3F, 0x3B, 0x38, 0x36, 0x34, 0x35, 0x35, 
	0x34, 0x33, 0x32, 0x32, 0x33, 0x33, 0x33, 0x32, 0x31, 0x31, 0x31, 0x31, 0x31, 0x30, 0x30, 0x30, 
	0x32, 0x32, 0x32, 0x32, 0x32, 0x32, 0x32, 0x32, 0x31, 0x31, 0x31, 0x31, 0x31, 0x31, 0x31, 0x31, 
	0x31, 0x31, 0x31, 0x31, 0x31, 0x31, 0x31, 0x31, 0x32, 0x32, 0x32, 0x32, 0x31, 0x31, 0x31, 0x31, 
	0x30, 0x30, 0x30, 0x30, 0x30, 0x30, 0x30, 0x30, 0x30, 0x30, 0x30, 0x30, 0x30, 0x30, 0x30, 0x30, 
	0x31, 0x31, 0x31, 0x30, 0x30, 0x30, 0x30, 0x30, 0x2F, 0x2F, 0x2F, 0x2F, 0x2F, 0x2F, 0x2F, 0x2F, 
	0x2F, 0x2F, 0x2F, 0x2F, 0x2F, 0x30, 0x30, 0x30, 0x30, 0x31, 0x30, 0x31, 0x32, 0x34, 0x37, 0x37, 
	0x3A, 0x3B, 0x3D, 0x3F, 0x41, 0x43, 0x43, 0x45, 0x49, 0x46, 0x47, 0x4D, 0x4E, 0x48, 0x42, 0x41, 
	0x3A, 0x38, 0x34, 0x32, 0x31, 0x30, 0x2E, 0x2D, 0x2D, 0x2D, 0x2C, 0x2C, 0x2C, 0x2C, 0x2B, 0x2C, 
	0x2C, 0x2D, 0x2C, 0x2D, 0x2C, 0x2D, 0x2D, 0x2C, 0x2D, 0x2D, 0x2D, 0x2D, 0x2D, 0x2D, 0x2D, 0x2D, 
	0x2D, 0x2D, 0x2D, 0x2D, 0x2D, 0x2D, 0x2D, 0x2D, 0x2C, 0x2C, 0x2D, 0x2D, 0x2D, 0x2D, 0x2D, 0x2D, 
	0x2C, 0x2C, 0x2C, 0x2C, 0x2C, 0x2C, 0x2C, 0x2C, 0x2B, 0x2B, 0x2B, 0x2B, 0x2B, 0x2B, 0x2B, 0x2B, 
	0x2C, 0x2C, 0x2C, 0x2C, 0x2C, 0x2C, 0x2C, 0x2C, 0x2C, 0x2C, 0x2C, 0x2C, 0x2C, 0x2C, 0x2C, 0x2C, 
	0x2C, 0x2C, 0x2C, 0x2C, 0x2C, 0x2B, 0x2B, 0x2B, 0x2B, 0x2B, 0x2B, 0x2B, 0x2B, 0x2B, 0x2B, 0x2B, 
	0x2B, 0x2B, 0x2B, 0x2B, 0x2B, 0x2B, 0x2B, 0x2B, 0x2B, 0x2B, 0x2B, 0x2B, 0x2B, 0x2B, 0x2B, 0x2B, 
	0x34, 0x32, 0x32, 0x32, 0x34, 0x35, 0x34, 0x33, 0x36, 0x33, 0x34, 0x37, 0x37, 0x36, 0x37, 0x3C, 
	0x43, 0x45, 0x46, 0x47, 0x48, 0x48, 0x48, 0x48, 0x47, 0x44, 0x41, 0x3C, 0x37, 0x36, 0x36, 0x36, 
	0x35, 0x34, 0x33, 0x33, 0x35, 0x36, 0x36, 0x35, 0x33, 0x33, 0x33, 0x33, 0x33, 0x33, 0x32, 0x32, 
	0x33, 0x33, 0x33, 0x33, 0x33, 0x33, 0x33, 0x33, 0x33, 0x33, 0x33, 0x33, 0x33, 0x33, 0x33, 0x33, 
	0x32, 0x32, 0x32, 0x32, 0x32, 0x32, 0x32, 0x32, 0x33, 0x33, 0x33, 0x33, 0x32, 0x32, 0x32, 0x32, 
	0x31, 0x31, 0x31, 0x31, 0x31, 0x31, 0x31, 0x31, 0x31, 0x31, 0x31, 0x31, 0x31, 0x31, 0x31, 0x31, 
	0x31, 0x31, 0x31, 0x31, 0x31, 0x31, 0x30, 0x30, 0x30, 0x30, 0x30, 0x30, 0x30, 0x30, 0x30, 0x30, 
	0x2F, 0x2F, 0x30, 0x30, 0x30, 0x31, 0x31, 0x31, 0x32, 0x33, 0x33, 0x35, 0x38, 0x3B, 0x3F, 0x40, 
	0x44, 0x46, 0x48, 0x4A, 0x4D, 0x4F, 0x51, 0x51, 0x50, 0x53, 0x52, 0x4D, 0x4E, 0x51, 0x4A, 0x40, 
	0x43, 0x3F, 0x3A, 0x36, 0x34, 0x32, 0x30, 0x2E, 0x2F, 0x2F, 0x2E, 0x2E, 0x2D, 0x2D, 0x2D, 0x2D, 
	0x2D, 0x2D, 0x2D, 0x2D, 0x2D, 0x2D, 0x2D, 0x2D, 0x2E, 0x2E, 0x2E, 0x2E, 0x2E, 0x2E, 0x2E, 0x2E, 
	0x2D, 0x2D, 0x2D, 0x2D, 0x2D, 0x2D, 0x2D, 0x2D, 0x2D, 0x2D, 0x2E, 0x2E, 0x2E, 0x2D, 0x2D, 0x2D, 
	0x2E, 0x2E, 0x2E, 0x2E, 0x2E, 0x2E, 0x2E, 0x2E, 0x2D, 0x2D, 0x2D, 0x2D, 0x2D, 0x2D, 0x2D, 0x2D, 
	0x2E, 0x2E, 0x2D, 0x2D, 0x2D, 0x2D, 0x2D, 0x2D, 0x2D, 0x2D, 0x2D, 0x2D, 0x2D, 0x2D, 0x2D, 0x2D, 
	0x2D, 0x2D, 0x2D, 0x2D, 0x2D, 0x2D, 0x2D, 0x2D, 0x2D, 0x2D, 0x2D, 0x2D, 0x2D, 0x2D, 0x2D, 0x2C, 
	0x2B, 0x2B, 0x2B, 0x2B, 0x2B, 0x2B, 0x2B, 0x2B, 0x2C, 0x2C, 0x2C, 0x2C, 0x2C, 0x2C, 0x2C, 0x2C, 
	0x34, 0x32, 0x31, 0x32, 0x34, 0x35, 0x35, 0x33, 0x36, 0x32, 0x32, 0x36, 0x36, 0x36, 0x38, 0x3D, 
	0x3C, 0x3F, 0x42, 0x41, 0x3D, 0x3C, 0x40, 0x43, 0x4B, 0x48, 0x44, 0x3F, 0x3A, 0x37, 0x37, 0x37, 
	0x37, 0x36, 0x35, 0x35, 0x37, 0x39, 0x39, 0x38, 0x36, 0x36, 0x35, 0x35, 0x34, 0x34, 0x34, 0x33, 
	0x33, 0x33, 0x33, 0x33, 0x33, 0x33, 0x33, 0x33, 0x33, 0x33, 0x33, 0x33, 0x33, 0x33, 0x33, 0x33, 
	0x32, 0x32, 0x32, 0x32, 0x32, 0x32, 0x32, 0x32, 0x33, 0x33, 0x33, 0x33, 0x33, 0x33, 0x32, 0x31, 
	0x32, 0x32, 0x32, 0x32, 0x32, 0x32, 0x32, 0x32, 0x32, 0x32, 0x32, 0x32, 0x32, 0x32, 0x32, 0x32, 
	0x31, 0x31, 0x31, 0x31, 0x31, 0x31, 0x31, 0x31, 0x31, 0x31, 0x31, 0x31, 0x31, 0x31, 0x31, 0x31, 
	0x30, 0x30, 0x30, 0x30, 0x31, 0x31, 0x31, 0x32, 0x34, 0x34, 0x36, 0x38, 0x3C, 0x40, 0x44, 0x46, 
	0x4E, 0x4F, 0x51, 0x55, 0x58, 0x5A, 0x5B, 0x5D, 0x69, 0x8A, 0xA6, 0xAD, 0xAC, 0xA2, 0x7D, 0x54, 
	0x4A, 0x46, 0x41, 0x3C, 0x38, 0x35, 0x32, 0x30, 0x30, 0x30, 0x2F, 0x2F, 0x2E, 0x2E, 0x2E, 0x2D, 
	0x2E, 0x2E, 0x2E, 0x2E, 0x2E, 0x2E, 0x2E, 0x2E, 0x2E, 0x2E, 0x2E, 0x2E, 0x2E, 0x2E, 0x2E, 0x2E, 
	0x2E, 0x2E, 0x2E, 0x2E, 0x2E, 0x2E, 0x2E, 0x2E, 0x2F, 0x2F, 0x2F, 0x2F, 0x2F, 0x2E, 0x2D, 0x2D, 
	0x2F, 0x2F, 0x2F, 0x2F, 0x2F, 0x2F, 0x2F, 0x2F, 0x2E, 0x2E, 0x2E, 0x2E, 0x2E, 0x2E, 0x2E, 0x2E, 
	0x2F, 0x2F, 0x2F, 0x2F, 0x2E, 0x2E, 0x2E, 0x2E, 0x2F, 0x2F, 0x2F, 0x2F, 0x2F, 0x2F, 0x2F, 0x2F, 
	0x2E, 0x2E, 0x2E, 0x2E, 0x2E, 0x2D, 0x2D, 0x2D, 0x2D, 0x2D, 0x2D, 0x2D, 0x2D, 0x2D, 0x2D, 0x2D, 
	0x2B, 0x2B, 0x2B, 0x2B, 0x2B, 0x2B, 0x2B, 0x2B, 0x2C, 0x2B, 0x2C, 0x2B, 0x2C, 0x2B, 0x2C, 0x2B, 
	0x37, 0x37, 0x36, 0x36, 0x35, 0x35, 0x35, 0x34, 0x35, 0x35, 0x35, 0x35, 0x35, 0x36, 0x37, 0x37, 
	0x39, 0x39, 0x39, 0x39, 0x39, 0x39, 0x39, 0x39, 0x3C, 0x3C, 0x3C, 0x3B, 0x3A, 0x38, 0x37, 0x36, 
	0x33, 0x37, 0x37, 0x37, 0x3D, 0x44, 0x41, 0x37, 0x36, 0x36, 0x36, 0x36, 0x36, 0x36, 0x36, 0x36, 
	0x35, 0x35, 0x35, 0x35, 0x35, 0x35, 0x35, 0x35, 0x34, 0x34, 0x34, 0x34, 0x34, 0x34, 0x34, 0x34, 
	0x34, 0x34, 0x34, 0x34, 0x34, 0x34, 0x34, 0x34, 0x34, 0x34, 0x34, 0x34, 0x34, 0x34, 0x34, 0x34, 
	0x34, 0x34, 0x34, 0x34, 0x34, 0x34, 0x34, 0x34, 0x34, 0x34, 0x34, 0x34, 0x34, 0x34, 0x34, 0x34, 
	0x34, 0x34, 0x34, 0x33, 0x33, 0x33, 0x33, 0x33, 0x31, 0x31, 0x30, 0x30, 0x30, 0x30, 0x31, 0x32, 
	0x32, 0x33, 0x32, 0x31, 0x32, 0x32, 0x34, 0x36, 0x33, 0x35, 0x3E, 0x3F, 0x44, 0x45, 0x45, 0x58, 
	0x52, 0x84, 0x8E, 0x88, 0x99, 0x98, 0x94, 0xA8, 0xD7, 0xE2, 0xE1, 0xE6, 0xE2, 0xE8, 0xD5, 0x6E, 
	0x54, 0x52, 0x50, 0x41, 0x3E, 0x40, 0x34, 0x37, 0x33, 0x31, 0x30, 0x2F, 0x2F, 0x2F, 0x2F, 0x2E, 
	0x2E, 0x2E, 0x2F, 0x2F, 0x2F, 0x2F, 0x2F, 0x2E, 0x2F, 0x2F, 0x2E, 0x2E, 0x2E, 0x2E, 0x2D, 0x2D, 
	0x2E, 0x2E, 0x2E, 0x2F, 0x2F, 0x30, 0x30, 0x30, 0x30, 0x30, 0x30, 0x30, 0x30, 0x30, 0x30, 0x30, 
	0x30, 0x30, 0x30, 0x30, 0x30, 0x30, 0x30, 0x30, 0x2F, 0x2F, 0x2F, 0x2F, 0x2F, 0x2F, 0x2F, 0x2F, 
	0x30, 0x30, 0x30, 0x30, 0x30, 0x30, 0x30, 0x30, 0x30, 0x30, 0x30, 0x30, 0x30, 0x30, 0x30, 0x30, 
	0x30, 0x30, 0x30, 0x30, 0x30, 0x30, 0x30, 0x30, 0x2F, 0x2F, 0x2F, 0x2F, 0x2F, 0x2F, 0x2F, 0x2F, 
	0x2D, 0x2D, 0x2D, 0x2D, 0x2D, 0x2D, 0x2D, 0x2D, 0x2E, 0x2E, 0x2E, 0x2E, 0x2E, 0x2E, 0x2E, 0x2E, 
	0x38, 0x38, 0x38, 0x39, 0x38, 0x37, 0x36, 0x36, 0x36, 0x35, 0x35, 0x35, 0x36, 0x36, 0x37, 0x38, 
	0x38, 0x38, 0x38, 0x38, 0x38, 0x38, 0x38, 0x38, 0x3B, 0x3B, 0x3B, 0x3A, 0x39, 0x38, 0x37, 0x36, 
	0x36, 0x39, 0x39, 0x38, 0x3E, 0x44, 0x41, 0x38, 0x36, 0x36, 0x36, 0x36, 0x36, 0x36, 0x36, 0x36, 
	0x35, 0x35, 0x35, 0x35, 0x35, 0x35, 0x35, 0x35, 0x35, 0x35, 0x35, 0x35, 0x35, 0x35, 0x35, 0x35, 
	0x35, 0x35, 0x35, 0x35, 0x35, 0x35, 0x35, 0x35, 0x35, 0x35, 0x35, 0x35, 0x35, 0x35, 0x35, 0x35, 
	0x35, 0x35, 0x35, 0x35, 0x35, 0x35, 0x35, 0x35, 0x35, 0x35, 0x35, 0x35, 0x35, 0x35, 0x35, 0x35, 
	0x35, 0x35, 0x35, 0x35, 0x35, 0x34, 0x34, 0x34, 0x33, 0x33, 0x31, 0x31, 0x31, 0x32, 0x32, 0x33, 
	0x32, 0x33, 0x33, 0x32, 0x32, 0x33, 0x35, 0x37, 0x37, 0x40, 0x3B, 0x44, 0x48, 0x4A, 0x5B, 0x5C, 
	0x8C, 0xD1, 0xE8, 0xE4, 0xE9, 0xE9, 0xE6, 0xE6, 0xE5, 0xEA, 0xE5, 0xEA, 0xE4, 0xE6, 0xE3, 0xA5, 
	0x69, 0x5A, 0x4F, 0x49, 0x44, 0x3D, 0x36, 0x39, 0x34, 0x32, 0x31, 0x30, 0x30, 0x30, 0x2F, 0x2E, 
	0x2E, 0x2E, 0x2F, 0x2F, 0x30, 0x2F, 0x2F, 0x2F, 0x30, 0x30, 0x2F, 0x2F, 0x2F, 0x2F, 0x2F, 0x2F, 
	0x2F, 0x30, 0x30, 0x30, 0x31, 0x31, 0x31, 0x32, 0x31, 0x31, 0x31, 0x31, 0x31, 0x31, 0x31, 0x31, 
	0x32, 0x32, 0x32, 0x32, 0x32, 0x32, 0x32, 0x32, 0x31, 0x31, 0x31, 0x31, 0x31, 0x31, 0x31, 0x31, 
	0x30, 0x30, 0x30, 0x30, 0x30, 0x30, 0x30, 0x30, 0x30, 0x30, 0x30, 0x30, 0x30, 0x30, 0x30, 0x30, 
	0x30, 0x30, 0x30, 0x30, 0x30, 0x30, 0x30, 0x30, 0x30, 0x30, 0x30, 0x30, 0x30, 0x30, 0x30, 0x30, 
	0x2E, 0x2E, 0x2E, 0x2E, 0x2E, 0x2E, 0x2E, 0x2E, 0x2F, 0x2F, 0x2F, 0x2F, 0x2F, 0x2F, 0x2F, 0x2F, 
	0x38, 0x39, 0x3B, 0x3C, 0x3B, 0x3A, 0x38, 0x37, 0x37, 0x37, 0x36, 0x36, 0x37, 0x37, 0x38, 0x38, 
	0x38, 0x38, 0x38, 0x38, 0x38, 0x38, 0x38, 0x39, 0x39, 0x39, 0x39, 0x39, 0x39, 0x38, 0x38, 0x37, 
	0x37, 0x39, 0x39, 0x38, 0x3D, 0x42, 0x3E, 0x37, 0x37, 0x37, 0x37, 0x37, 0x37, 0x37, 0x37, 0x37, 
	0x36, 0x36, 0x36, 0x36, 0x36, 0x36, 0x36, 0x36, 0x36, 0x36, 0x36, 0x36, 0x36, 0x36, 0x36, 0x36, 
	0x36, 0x36, 0x36, 0x36, 0x36, 0x36, 0x36, 0x36, 0x36, 0x36, 0x36, 0x36, 0x36, 0x36, 0x36, 0x36, 
	0x36, 0x36, 0x36, 0x36, 0x36, 0x36, 0x36, 0x36, 0x36, 0x36, 0x36, 0x36, 0x36, 0x36, 0x36, 0x36, 
	0x37, 0x37, 0x37, 0x36, 0x36, 0x36, 0x35, 0x35, 0x35, 0x35, 0x34, 0x33, 0x33, 0x33, 0x34, 0x34, 
	0x34, 0x35, 0x35, 0x35, 0x35, 0x37, 0x38, 0x3B, 0x3F, 0x48, 0x3C, 0x4E, 0x4F, 0x5D, 0xA9, 0xCD, 
	0xD9, 0xE8, 0xE9, 0xE3, 0xE3, 0xE2, 0xE3, 0xE9, 0xE9, 0xEA, 0xE4, 0xEA, 0xE7, 0xE1, 0xE9, 0xD8, 
	0xAB, 0x8B, 0x66, 0x59, 0x50, 0x48, 0x45, 0x38, 0x38, 0x36, 0x33, 0x31, 0x31, 0x31, 0x30, 0x2F, 
	0x2F, 0x30, 0x31, 0x31, 0x31, 0x31, 0x31, 0x31, 0x31, 0x31, 0x31, 0x31, 0x31, 0x30, 0x30, 0x30, 
	0x31, 0x31, 0x31, 0x31, 0x32, 0x32, 0x32, 0x32, 0x32, 0x32, 0x32, 0x32, 0x33, 0x33, 0x33, 0x33, 
	0x33, 0x33, 0x33, 0x33, 0x33, 0x33, 0x33, 0x33, 0x32, 0x32, 0x32, 0x32, 0x32, 0x32, 0x32, 0x32, 
	0x30, 0x30, 0x30, 0x30, 0x30, 0x30, 0x30, 0x30, 0x30, 0x30, 0x30, 0x30, 0x30, 0x30, 0x30, 0x30, 
	0x30, 0x30, 0x30, 0x30, 0x30, 0x30, 0x30, 0x30, 0x30, 0x30, 0x30, 0x30, 0x30, 0x30, 0x30, 0x30, 
	0x30, 0x30, 0x30, 0x30, 0x30, 0x30, 0x30, 0x30, 0x30, 0x30, 0x30, 0x30, 0x30, 0x30, 0x30, 0x30, 
	0x3A, 0x3C, 0x3E, 0x3E, 0x3E, 0x3E, 0x3B, 0x3A, 0x38, 0x37, 0x37, 0x37, 0x38, 0x38, 0x39, 0x39, 
	0x38, 0x38, 0x38, 0x38, 0x39, 0x39, 0x39, 0x39, 0x38, 0x39, 0x38, 0x39, 0x39, 0x39, 0x38, 0x38, 
	0x37, 0x38, 0x38, 0x37, 0x3B, 0x3E, 0x3C, 0x36, 0x37, 0x37, 0x37, 0x37, 0x37, 0x37, 0x37, 0x37, 
	0x37, 0x37, 0x37, 0x37, 0x37, 0x37, 0x37, 0x37, 0x37, 0x37, 0x37, 0x37, 0x37, 0x37, 0x37, 0x37, 
	0x37, 0x37, 0x37, 0x37, 0x37, 0x37, 0x37, 0x37, 0x37, 0x37, 0x37, 0x37, 0x37, 0x37, 0x37, 0x37, 
	0x36, 0x36, 0x36, 0x36, 0x36, 0x36, 0x36, 0x36, 0x36, 0x36, 0x36, 0x36, 0x36, 0x36, 0x36, 0x36, 
	0x38, 0x37, 0x37, 0x37, 0x37, 0x36, 0x35, 0x35, 0x36, 0x36, 0x35, 0x34, 0x34, 0x34, 0x35, 0x35, 
	0x36, 0x36, 0x38, 0x38, 0x3A, 0x3B, 0x3E, 0x40, 0x3B, 0x4A, 0x4A, 0x57, 0x5E, 0x7E, 0xCB, 0xE8, 
	0xE9, 0xE4, 0xE3, 0xE9, 0xEA, 0xE8, 0xE8, 0xEB, 0xE5, 0xEA, 0xE4, 0xEA, 0xEA, 0xE0, 0xE7, 0xE9, 
	0xE3, 0xE5, 0xD2, 0xAA, 0x6B, 0x45, 0x4A, 0x49, 0x3C, 0x3A, 0x37, 0x35, 0x33, 0x33, 0x33, 0x31, 
	0x31, 0x31, 0x32, 0x33, 0x33, 0x33, 0x34, 0x34, 0x31, 0x31, 0x31, 0x32, 0x32, 0x32, 0x31, 0x31, 
	0x32, 0x32, 0x32, 0x32, 0x32, 0x32, 0x32, 0x32, 0x32, 0x32, 0x32, 0x32, 0x33, 0x33, 0x33, 0x33, 
	0x34, 0x34, 0x34, 0x34, 0x34, 0x34, 0x34, 0x34, 0x33, 0x33, 0x33, 0x33, 0x33, 0x33, 0x33, 0x33, 
	0x32, 0x32, 0x32, 0x32, 0x32, 0x32, 0x32, 0x32, 0x32, 0x32, 0x32, 0x32, 0x32, 0x32, 0x32, 0x32, 
	0x31, 0x31, 0x31, 0x31, 0x31, 0x31, 0x31, 0x31, 0x30, 0x30, 0x30, 0x30, 0x30, 0x30, 0x30, 0x30, 
	0x31, 0x31, 0x31, 0x31, 0x31, 0x31, 0x31, 0x31, 0x30, 0x30, 0x30, 0x30, 0x30, 0x30, 0x30, 0x30, 
	0x3C, 0x3D, 0x40, 0x40, 0x40, 0x40, 0x3E, 0x3C, 0x3A, 0x3A, 0x3A, 0x39, 0x38, 0x38, 0x39, 0x3A, 
	0x39, 0x39, 0x39, 0x39, 0x38, 0x38, 0x38, 0x38, 0x37, 0x38, 0x39, 0x39, 0x39, 0x39, 0x39, 0x39, 
	0x39, 0x39, 0x39, 0x39, 0x3A, 0x3D, 0x3B, 0x37, 0x39, 0x39, 0x39, 0x39, 0x39, 0x39, 0x39, 0x39, 
	0x38, 0x38, 0x38, 0x38, 0x38, 0x38, 0x38, 0x38, 0x37, 0x37, 0x37, 0x37, 0x37, 0x37, 0x37, 0x37, 
	0x37, 0x37, 0x37, 0x37, 0x37, 0x37, 0x37, 0x37, 0x37, 0x37, 0x37, 0x37, 0x37, 0x37, 0x37, 0x37, 
	0x37, 0x37, 0x37, 0x37, 0x37, 0x37, 0x37, 0x37, 0x37, 0x37, 0x37, 0x37, 0x37, 0x37, 0x37, 0x37, 
	0x37, 0x37, 0x37, 0x37, 0x36, 0x35, 0x35, 0x35, 0x36, 0x36, 0x35, 0x35, 0x35, 0x35, 0x36, 0x36, 
	0x36, 0x37, 0x39, 0x3A, 0x3C, 0x3F, 0x43, 0x45, 0x50, 0x58, 0x58, 0x5A, 0x84, 0xC7, 0xE2, 0xDC, 
	0xD8, 0xE2, 0xEB, 0xEB, 0xE6, 0xEB, 0xEB, 0xE8, 0xE6, 0xEB, 0xE7, 0xEB, 0xEB, 0xE8, 0xE4, 0xE3, 
	0xD4, 0xE5, 0xE8, 0xD6, 0x97, 0x59, 0x46, 0x43, 0x41, 0x3E, 0x3A, 0x37, 0x35, 0x34, 0x33, 0x33, 
	0x32, 0x32, 0x33, 0x34, 0x35, 0x35, 0x35, 0x35, 0x34, 0x34, 0x34, 0x33, 0x33, 0x33, 0x32, 0x32, 
	0x33, 0x33, 0x32, 0x32, 0x32, 0x32, 0x32, 0x32, 0x32, 0x32, 0x32, 0x32, 0x33, 0x33, 0x33, 0x33, 
	0x34, 0x34, 0x34, 0x34, 0x34, 0x34, 0x34, 0x34, 0x32, 0x32, 0x32, 0x32, 0x32, 0x32, 0x32, 0x32, 
	0x33, 0x33, 0x33, 0x33, 0x33, 0x33, 0x33, 0x33, 0x33, 0x33, 0x33, 0x33, 0x33, 0x33, 0x33, 0x33, 
	0x32, 0x32, 0x32, 0x32, 0x32, 0x32, 0x32, 0x32, 0x31, 0x31, 0x31, 0x31, 0x31, 0x31, 0x31, 0x31, 
	0x32, 0x32, 0x32, 0x32, 0x32, 0x32, 0x32, 0x32, 0x31, 0x31, 0x31, 0x31, 0x31, 0x31, 0x31, 0x31, 
	0x3D, 0x3E, 0x3F, 0x40, 0x40, 0x40, 0x3F, 0x3E, 0x3B, 0x3B, 0x3A, 0x3A, 0x39, 0x39, 0x3A, 0x3A, 
	0x39, 0x39, 0x39, 0x39, 0x39, 0x39, 0x39, 0x39, 0x38, 0x39, 0x3A, 0x3A, 0x3A, 0x3A, 0x3A, 0x39, 
	0x3C, 0x3C, 0x3B, 0x3C, 0x3D, 0x3E, 0x3C, 0x3B, 0x3A, 0x3A, 0x3A, 0x3A, 0x3A, 0x3A, 0x3A, 0x3A, 
	0x39, 0x39, 0x39, 0x39, 0x39, 0x39, 0x39, 0x39, 0x38, 0x38, 0x38, 0x38, 0x38, 0x38, 0x38, 0x38, 
	0x38, 0x38, 0x38, 0x38, 0x38, 0x38, 0x38, 0x38, 0x38, 0x38, 0x38, 0x38, 0x38, 0x38, 0x38, 0x38, 
	0x38, 0x38, 0x38, 0x38, 0x38, 0x38, 0x38, 0x38, 0x38, 0x38, 0x38, 0x38, 0x38, 0x38, 0x38, 0x38, 
	0x38, 0x38, 0x37, 0x37, 0x36, 0x36, 0x36, 0x35, 0x36, 0x36, 0x36, 0x36, 0x36, 0x36, 0x37, 0x37, 
	0x37, 0x38, 0x3B, 0x3D, 0x40, 0x45, 0x49, 0x4B, 0x50, 0x4D, 0x56, 0x6F, 0xAD, 0xE0, 0xE1, 0xE1, 
	0xEA, 0xE7, 0xE8, 0xE7, 0xE4, 0xE8, 0xEB, 0xE8, 0xEA, 0xEB, 0xE8, 0xE6, 0xEB, 0xEB, 0xE1, 0xDA, 
	0xE3, 0xD7, 0xDE, 0xE2, 0xD2, 0x9B, 0x5C, 0x51, 0x46, 0x43, 0x3E, 0x39, 0x38, 0x36, 0x35, 0x34, 
	0x34, 0x34, 0x36, 0x36, 0x37, 0x37, 0x37, 0x38, 0x39, 0x38, 0x37, 0x37, 0x36, 0x35, 0x34, 0x33, 
	0x34, 0x34, 0x34, 0x33, 0x33, 0x33, 0x33, 0x32, 0x33, 0x33, 0x33, 0x33, 0x33, 0x33, 0x33, 0x33, 
	0x34, 0x34, 0x34, 0x34, 0x34, 0x34, 0x34, 0x34, 0x33, 0x33, 0x33, 0x33, 0x33, 0x33, 0x33, 0x33, 
	0x34, 0x34, 0x34, 0x34, 0x34, 0x34, 0x34, 0x34, 0x34, 0x34, 0x34, 0x34, 0x34, 0x34, 0x34, 0x34, 
	0x33, 0x33, 0x33, 0x33, 0x33, 0x33, 0x33, 0x33, 0x32, 0x32, 0x32, 0x32, 0x32, 0x32, 0x32, 0x32, 
	0x32, 0x32, 0x32, 0x32, 0x32, 0x32, 0x32, 0x32, 0x31, 0x31, 0x31, 0x31, 0x31, 0x31, 0x31, 0x31, 
	0x3E, 0x3E, 0x3E, 0x3F, 0x3F, 0x3F, 0x3F, 0x3F, 0x3D, 0x3C, 0x3B, 0x3A, 0x3A, 0x3A, 0x3A, 0x3B, 
	0x3A, 0x3A, 0x3A, 0x3A, 0x3A, 0x3A, 0x3A, 0x3A, 0x3A, 0x3A, 0x3B, 0x3B, 0x3B, 0x3B, 0x3A, 0x3A, 
	0x3D, 0x3C, 0x3C, 0x3D, 0x3E, 0x3E, 0x3D, 0x3D, 0x3B, 0x3B, 0x3B, 0x3B, 0x3B, 0x3B, 0x3B, 0x3B, 
	0x39, 0x39, 0x39, 0x39, 0x39, 0x39, 0x39, 0x39, 0x3A, 0x3A, 0x3A, 0x3A, 0x3A, 0x3A, 0x3A, 0x3A, 
	0x3A, 0x3A, 0x3A, 0x3A, 0x3A, 0x3A, 0x3A, 0x3A, 0x3A, 0x3A, 0x3A, 0x3A, 0x3A, 0x3A, 0x3A, 0x3A, 
	0x39, 0x39, 0x39, 0x39, 0x39, 0x39, 0x39, 0x39, 0x39, 0x39, 0x39, 0x39, 0x39, 0x39, 0x39, 0x39, 
	0x38, 0x38, 0x38, 0x38, 0x38, 0x37, 0x37, 0x37, 0x37, 0x37, 0x37, 0x38, 0x37, 0x39, 0x3A, 0x3B, 
	0x3B, 0x3D, 0x40, 0x44, 0x48, 0x4C, 0x51, 0x55, 0x64, 0x89, 0xA1, 0xC5, 0xE7, 0xE4, 0xDB, 0xE5, 
	0xE2, 0xD7, 0xD9, 0xE7, 0xEA, 0xEA, 0xE6, 0xE8, 0xEB, 0xEA, 0xEB, 0xE7, 0xE7, 0xE9, 0xE1, 0xD8, 
	0xE7, 0xE2, 0xE9, 0xD9, 0xD2, 0xA8, 0x5A, 0x57, 0x4E, 0x4A, 0x44, 0x40, 0x3D, 0x3C, 0x3A, 0x39, 
	0x39, 0x3A, 0x3B, 0x3C, 0x3D, 0x3D, 0x3D, 0x3D, 0x3E, 0x3E, 0x3D, 0x3B, 0x39, 0x38, 0x37, 0x36, 
	0x36, 0x36, 0x36, 0x35, 0x35, 0x34, 0x34, 0x34, 0x34, 0x34, 0x34, 0x34, 0x34, 0x34, 0x34, 0x34, 
	0x35, 0x35, 0x35, 0x35, 0x35, 0x35, 0x35, 0x35, 0x35, 0x35, 0x35, 0x35, 0x35, 0x35, 0x35, 0x35, 
	0x35, 0x35, 0x35, 0x35, 0x35, 0x35, 0x35, 0x35, 0x35, 0x35, 0x35, 0x35, 0x35, 0x35, 0x35, 0x35, 
	0x34, 0x34, 0x34, 0x34, 0x34, 0x34, 0x34, 0x34, 0x33, 0x33, 0x33, 0x33, 0x33, 0x33, 0x33, 0x33, 
	0x32, 0x32, 0x32, 0x32, 0x32, 0x32, 0x32, 0x32, 0x32, 0x32, 0x32, 0x32, 0x32, 0x32, 0x32, 0x32, 
	0x3E, 0x3E, 0x3E, 0x3E, 0x3F, 0x3F, 0x3F, 0x3F, 0x3D, 0x3D, 0x3C, 0x3B, 0x3B, 0x3B, 0x3B, 0x3B, 
	0x3B, 0x3B, 0x3B, 0x3B, 0x3B, 0x3B, 0x3B, 0x3B, 0x3B, 0x3C, 0x3C, 0x3C, 0x3C, 0x3B, 0x3B, 0x3A, 
	0x3C, 0x3B, 0x3B, 0x3C, 0x3D, 0x3C, 0x3C, 0x3D, 0x3B, 0x3B, 0x3B, 0x3B, 0x3B, 0x3B, 0x3B, 0x3B, 
	0x3A, 0x3A, 0x3A, 0x3A, 0x3A, 0x3A, 0x3A, 0x3A, 0x3C, 0x3C, 0x3C, 0x3C, 0x3C, 0x3C, 0x3C, 0x3C, 
	0x3C, 0x3C, 0x3C, 0x3C, 0x3C, 0x3C, 0x3C, 0x3C, 0x3C, 0x3C, 0x3C, 0x3C, 0x3C, 0x3C, 0x3C, 0x3C, 
	0x3A, 0x3A, 0x3A, 0x3A, 0x3A, 0x3A, 0x3A, 0x3A, 0x3A, 0x3A, 0x3A, 0x3A, 0x3A, 0x3A, 0x3A, 0x3A, 
	0x3A, 0x3A, 0x3A, 0x39, 0x39, 0x39, 0x39, 0x39, 0x38, 0x38, 0x38, 0x38, 0x39, 0x3B, 0x3C, 0x3D, 
	0x40, 0x43, 0x46, 0x4A, 0x4F, 0x54, 0x5A, 0x5D, 0x7C, 0xD3, 0xDC, 0xD9, 0xE4, 0xE2, 0xE9, 0xE2, 
	0xDE, 0xEA, 0xEA, 0xE2, 0xE0, 0xE8, 0xEA, 0xEA, 0xEB, 0xE8, 0xEB, 0xEB, 0xE9, 0xEA, 0xE3, 0xDD, 
	0xD9, 0xE1, 0xEB, 0xCA, 0xDA, 0xD1, 0x73, 0x5F, 0x56, 0x51, 0x4B, 0x46, 0x44, 0x42, 0x40, 0x40, 
	0x3F, 0x40, 0x41, 0x43, 0x44, 0x44, 0x44, 0x43, 0x42, 0x41, 0x40, 0x3E, 0x3C, 0x3A, 0x39, 0x38, 
	0x37, 0x37, 0x37, 0x37, 0x36, 0x36, 0x36, 0x35, 0x36, 0x36, 0x36, 0x36, 0x36, 0x36, 0x36, 0x36, 
	0x36, 0x36, 0x36, 0x36, 0x36, 0x36, 0x36, 0x36, 0x37, 0x37, 0x37, 0x37, 0x37, 0x37, 0x37, 0x37, 
	0x36, 0x36, 0x36, 0x36, 0x36, 0x36, 0x36, 0x36, 0x36, 0x36, 0x36, 0x36, 0x36, 0x36, 0x36, 0x36, 
	0x34, 0x34, 0x34, 0x34, 0x34, 0x34, 0x34, 0x34, 0x33, 0x33, 0x33, 0x33, 0x33, 0x33, 0x33, 0x33, 
	0x32, 0x32, 0x32, 0x32, 0x32, 0x32, 0x32, 0x32, 0x33, 0x33, 0x33, 0x33, 0x33, 0x33, 0x33, 0x33, 
	0x3D, 0x3E, 0x3E, 0x3F, 0x3F, 0x3F, 0x3F, 0x3F, 0x3D, 0x3D, 0x3C, 0x3B, 0x3B, 0x3B, 0x3C, 0x3C, 
	0x3D, 0x3D, 0x3D, 0x3D, 0x3E, 0x3E, 0x3D, 0x3E, 0x3C, 0x3C, 0x3C, 0x3C, 0x3C, 0x3C, 0x3C, 0x3C, 
	0x3D, 0x3D, 0x3D, 0x3D, 0x3E, 0x3F, 0x3E, 0x3E, 0x3B, 0x3B, 0x3B, 0x3B, 0x3B, 0x3B, 0x3B, 0x3B, 
	0x3C, 0x3C, 0x3C, 0x3C, 0x3B, 0x3B, 0x3A, 0x3A, 0x3D, 0x3D, 0x3D, 0x3D, 0x3C, 0x3C, 0x3C, 0x3D, 
	0x3D, 0x3D, 0x3D, 0x3D, 0x3D, 0x3D, 0x3C, 0x3C, 0x3B, 0x3B, 0x3B, 0x3B, 0x3B, 0x3B, 0x3B, 0x3B, 
	0x3C, 0x3C, 0x3C, 0x3B, 0x3B, 0x3B, 0x3B, 0x3B, 0x3B, 0x3B, 0x3B, 0x3B, 0x3B, 0x3B, 0x3B, 0x3B, 
	0x3B, 0x3A, 0x3A, 0x39, 0x39, 0x39, 0x3A, 0x3A, 0x39, 0x3B, 0x37, 0x3B, 0x3E, 0x3C, 0x41, 0x3E, 
	0x48, 0x44, 0x4F, 0x59, 0x52, 0x56, 0x77, 0xA7, 0xD3, 0xD1, 0xD5, 0xE0, 0xE7, 0xE5, 0xDF, 0xDB, 
	0xDF, 0xE1, 0xE3, 0xE3, 0xE1, 0xE3, 0xE7, 0xEA, 0xEB, 0xEB, 0xEB, 0xEB, 0xEA, 0xEA, 0xE9, 0xE8, 
	0xE2, 0xE5, 0xDE, 0xD4, 0xD6, 0xD5, 0xB8, 0x93, 0x63, 0x53, 0x59, 0x45, 0x48, 0x45, 0x47, 0x42, 
	0x3B, 0x50, 0x46, 0x4C, 0x4A, 0x4D, 0x4A, 0x4D, 0x4D, 0x4B, 0x4C, 0x42, 0x37, 0x41, 0x46, 0x36, 
	0x37, 0x39, 0x39, 0x37, 0x36, 0x36, 0x37, 0x38, 0x37, 0x37, 0x36, 0x36, 0x35, 0x36, 0x36, 0x37, 
	0x37, 0x37, 0x37, 0x37, 0x37, 0x37, 0x37, 0x37, 0x37, 0x37, 0x37, 0x37, 0x37, 0x37, 0x37, 0x37, 
	0x37, 0x37, 0x37, 0x37, 0x37, 0x37, 0x37, 0x37, 0x36, 0x36, 0x36, 0x36, 0x36, 0x36, 0x36, 0x36, 
	0x36, 0x36, 0x36, 0x36, 0x36, 0x36, 0x36, 0x36, 0x36, 0x35, 0x35, 0x35, 0x35, 0x35, 0x34, 0x34, 
	0x34, 0x34, 0x34, 0x34, 0x34, 0x34, 0x34, 0x34, 0x33, 0x33, 0x33, 0x33, 0x33, 0x33, 0x33, 0x33, 
	0x3D, 0x3D, 0x3D, 0x3E, 0x3F, 0x3F, 0x3F, 0x3F, 0x3E, 0x3D, 0x3C, 0x3C, 0x3C, 0x3C, 0x3D, 0x3D, 
	0x3D, 0x3C, 0x3C, 0x3C, 0x3C, 0x3C, 0x3D, 0x3D, 0x3D, 0x3D, 0x3D, 0x3D, 0x3D, 0x3D, 0x3D, 0x3D, 
	0x3D, 0x3D, 0x3D, 0x3D, 0x3E, 0x3E, 0x3F, 0x3E, 0x3D, 0x3D, 0x3D, 0x3D, 0x3D, 0x3D, 0x3D, 0x3D, 
	0x3D, 0x3E, 0x3D, 0x3D, 0x3D, 0x3C, 0x3C, 0x3C, 0x3D, 0x3D, 0x3D, 0x3D, 0x3C, 0x3C, 0x3C, 0x3D, 
	0x3D, 0x3E, 0x3E, 0x3D, 0x3D, 0x3D, 0x3D, 0x3D, 0x3C, 0x3C, 0x3C, 0x3C, 0x3C, 0x3C, 0x3C, 0x3C, 
	0x3C, 0x3C, 0x3C, 0x3C, 0x3C, 0x3B, 0x3B, 0x3B, 0x3B, 0x3B, 0x3B, 0x3B, 0x3B, 0x3B, 0x3B, 0x3B, 
	0x3C, 0x3B, 0x3A, 0x3A, 0x3A, 0x3A, 0x3A, 0x3A, 0x37, 0x3B, 0x3D, 0x41, 0x41, 0x40, 0x47, 0x4A, 
	0x45, 0x51, 0x55, 0x69, 0x84, 0xA6, 0xCA, 0xCF, 0xD2, 0xCC, 0xCB, 0xD2, 0xDA, 0xDC, 0xDA, 0xD7, 
	0xD7, 0xDB, 0xDE, 0xE0, 0xE0, 0xE2, 0xE8, 0xEB, 0xEA, 0xEB, 0xEB, 0xEB, 0xEA, 0xEA, 0xEA, 0xE8, 
	0xE4, 0xE3, 0xD9, 0xCE, 0xD0, 0xD9, 0xD0, 0xBE, 0x79, 0x5E, 0x5A, 0x51, 0x5E, 0x56, 0x51, 0x52, 
	0x52, 0x50, 0x4A, 0x5D, 0x54, 0x57, 0x58, 0x51, 0x51, 0x47, 0x4D, 0x54, 0x4A, 0x42, 0x43, 0x40, 
	0x3E, 0x3F, 0x3F, 0x3C, 0x3C, 0x3A, 0x39, 0x37, 0x37, 0x36, 0x37, 0x36, 0x35, 0x36, 0x37, 0x37, 
	0x37, 0x37, 0x37, 0x37, 0x37, 0x37, 0x37, 0x37, 0x37, 0x37, 0x37, 0x37, 0x37, 0x37, 0x37, 0x37, 
	0x37, 0x37, 0x37, 0x37, 0x37, 0x37, 0x38, 0x38, 0x36, 0x36, 0x36, 0x36, 0x36, 0x36, 0x36, 0x36, 
	0x36, 0x36, 0x36, 0x36, 0x36, 0x36, 0x36, 0x36, 0x36, 0x36, 0x36, 0x35, 0x35, 0x35, 0x35, 0x35, 
	0x35, 0x35, 0x35, 0x35, 0x35, 0x35, 0x35, 0x35, 0x34, 0x34, 0x34, 0x34, 0x34, 0x34, 0x34, 0x34, 
	0x3D, 0x3D, 0x3D, 0x3D, 0x3D, 0x3D, 0x3D, 0x3D, 0x3D, 0x3D, 0x3D, 0x3D, 0x3D, 0x3D, 0x3D, 0x3D, 
	0x3E, 0x3D, 0x3C, 0x3C, 0x3C, 0x3C, 0x3D, 0x3E, 0x3E, 0x3E, 0x3E, 0x3E, 0x3E, 0x3E, 0x3E, 0x3E, 
	0x3D, 0x3C, 0x3C, 0x3C, 0x3D, 0x3D, 0x3D, 0x3E, 0x3E, 0x3E, 0x3E, 0x3E, 0x3E, 0x3E, 0x3E, 0x3E, 
	0x3E, 0x3F, 0x3E, 0x3D, 0x3D, 0x3D, 0x3E, 0x3E, 0x3E, 0x3E, 0x3D, 0x3D, 0x3D, 0x3D, 0x3D, 0x3D, 
	0x3E, 0x3F, 0x3E, 0x3E, 0x3E, 0x3E, 0x3D, 0x3D, 0x3D, 0x3D, 0x3D, 0x3D, 0x3D, 0x3D, 0x3D, 0x3D, 
	0x3C, 0x3C, 0x3C, 0x3C, 0x3C, 0x3C, 0x3C, 0x3C, 0x3C, 0x3C, 0x3C, 0x3C, 0x3C, 0x3C, 0x3C, 0x3C, 
	0x3C, 0x3C, 0x3C, 0x3B, 0x3A, 0x3A, 0x3B, 0x3B, 0x40, 0x3D, 0x3D, 0x3F, 0x3E, 0x3F, 0x44, 0x4C, 
	0x52, 0x4E, 0x66, 0xAF, 0xCE, 0xC1, 0xD7, 0xE5, 0xCE, 0xC9, 0xCA, 0xD2, 0xD9, 0xD6, 0xCF, 0xC9, 
	0xCC, 0xD0, 0xD6, 0xDA, 0xDD, 0xE1, 0xE7, 0xEB, 0xEA, 0xEA, 0xEB, 0xEB, 0xEB, 0xEA, 0xEA, 0xE9, 
	0xE5, 0xE5, 0xE3, 0xDD, 0xDE, 0xE1, 0xDE, 0xD7, 0xB0, 0x8B, 0x71, 0x61, 0x68, 0x55, 0x49, 0x59, 
	0x51, 0x5E, 0x7C, 0xA7, 0x9E, 0xA4, 0xA9, 0x9C, 0x95, 0x6F, 0x55, 0x53, 0x51, 0x4A, 0x48, 0x46, 
	0x41, 0x3E, 0x3D, 0x3C, 0x3B, 0x3A, 0x39, 0x38, 0x38, 0x38, 0x37, 0x36, 0x37, 0x36, 0x37, 0x38, 
	0x37, 0x37, 0x37, 0x37, 0x37, 0x37, 0x37, 0x37, 0x37, 0x37, 0x37, 0x37, 0x37, 0x37, 0x37, 0x37, 
	0x37, 0x37, 0x37, 0x37, 0x37, 0x37, 0x38, 0x38, 0x37, 0x37, 0x37, 0x37, 0x37, 0x37, 0x37, 0x37, 
	0x37, 0x37, 0x37, 0x37, 0x37, 0x37, 0x37, 0x37, 0x37, 0x37, 0x36, 0x36, 0x36, 0x36, 0x35, 0x35, 
	0x35, 0x35, 0x35, 0x35, 0x35, 0x35, 0x35, 0x35, 0x35, 0x35, 0x35, 0x35, 0x35, 0x35, 0x35, 0x35, 
	0x3E, 0x3E, 0x3E, 0x3E, 0x3E, 0x3E, 0x3D, 0x3D, 0x3E, 0x3E, 0x3D, 0x3E, 0x3D, 0x3E, 0x3E, 0x3F, 
	0x40, 0x3F, 0x3E, 0x3E, 0x3D, 0x3E, 0x3E, 0x3F, 0x3E, 0x3E, 0x3E, 0x3E, 0x3E, 0x3E, 0x3E, 0x3D, 
	0x3D, 0x3D, 0x3D, 0x3D, 0x3D, 0x3D, 0x3D, 0x3D, 0x3E, 0x3E, 0x3F, 0x3E, 0x3E, 0x3E, 0x3E, 0x3F, 
	0x3E, 0x3F, 0x3E, 0x3E, 0x3E, 0x3E, 0x3E, 0x3E, 0x3F, 0x3F, 0x3E, 0x3E, 0x3E, 0x3E, 0x3E, 0x3E, 
	0x3F, 0x3F, 0x3F, 0x3F, 0x3F, 0x3F, 0x3E, 0x3E, 0x3E, 0x3E, 0x3E, 0x3E, 0x3E, 0x3E, 0x3E, 0x3E, 
	0x3E, 0x3E, 0x3D, 0x3D, 0x3D, 0x3D, 0x3C, 0x3C, 0x3C, 0x3C, 0x3C, 0x3C, 0x3C, 0x3C, 0x3C, 0x3C, 
	0x3E, 0x3E, 0x3D, 0x3C, 0x3C, 0x3C, 0x3C, 0x3C, 0x40, 0x3C, 0x40, 0x44, 0x4A, 0x50, 0x4E, 0x52, 
	0x53, 0x72, 0xB2, 0xCF, 0xD4, 0xCB, 0xD2, 0xD0, 0xD0, 0xCC, 0xCB, 0xD1, 0xD4, 0xCF, 0xC5, 0xBE, 
	0xC4, 0xC9, 0xD1, 0xD6, 0xD9, 0xDD, 0xE4, 0xE9, 0xEA, 0xEA, 0xEA, 0xEB, 0xEB, 0xEA, 0xEA, 0xEA, 
	0xE8, 0xE9, 0xEA, 0xEA, 0xEB, 0xE7, 0xE3, 0xE0, 0xE2, 0xD7, 0xCD, 0xC2, 0xBC, 0x91, 0x63, 0x64, 
	0x63, 0x9E, 0xCE, 0xE7, 0xDC, 0xDE, 0xDF, 0xD7, 0xDB, 0xB5, 0x87, 0x68, 0x5A, 0x55, 0x51, 0x4D, 
	0x49, 0x45, 0x41, 0x3F, 0x3C, 0x39, 0x39, 0x3B, 0x3A, 0x39, 0x38, 0x38, 0x38, 0x38, 0x37, 0x38, 
	0x38, 0x38, 0x38, 0x38, 0x38, 0x38, 0x38, 0x38, 0x38, 0x38, 0x38, 0x38, 0x38, 0x38, 0x38, 0x38, 
	0x38, 0x38, 0x38, 0x38, 0x38, 0x38, 0x38, 0x38, 0x38, 0x38, 0x38, 0x38, 0x38, 0x38, 0x38, 0x38, 
	0x38, 0x38, 0x38, 0x38, 0x38, 0x38, 0x38, 0x38, 0x38, 0x38, 0x37, 0x37, 0x37, 0x37, 0x36, 0x36, 
	0x36, 0x36, 0x36, 0x36, 0x36, 0x36, 0x36, 0x36, 0x35, 0x35, 0x35, 0x35, 0x35, 0x35, 0x35, 0x35, 
	0x40, 0x40, 0x3F, 0x3F, 0x3F, 0x3E, 0x3E, 0x3E, 0x3F, 0x3F, 0x3E, 0x3E, 0x3F, 0x3F, 0x40, 0x41, 
	0x40, 0x40, 0x40, 0x40, 0x40, 0x3F, 0x3E, 0x3E, 0x3E, 0x3E, 0x3E, 0x3E, 0x3E, 0x3E, 0x3E, 0x3E, 
	0x3E, 0x3F, 0x3E, 0x3E, 0x3E, 0x3E, 0x3E, 0x3E, 0x3E, 0x3E, 0x3E, 0x3E, 0x3E, 0x3E, 0x3E, 0x3E, 
	0x3D, 0x3E, 0x3E, 0x3E, 0x3E, 0x3E, 0x3E, 0x3E, 0x3F, 0x3F, 0x3F, 0x3F, 0x3F, 0x3F, 0x3F, 0x3F, 
	0x40, 0x40, 0x3F, 0x3F, 0x3F, 0x3F, 0x3F, 0x3F, 0x3F, 0x3F, 0x3F, 0x3F, 0x3F, 0x3F, 0x3F, 0x3F, 
	0x3F, 0x3F, 0x3F, 0x3F, 0x3E, 0x3E, 0x3E, 0x3E, 0x3E, 0x3E, 0x3E, 0x3E, 0x3E, 0x3E, 0x3E, 0x3E, 
	0x3F, 0x3F, 0x3D, 0x3C, 0x3C, 0x3C, 0x3C, 0x3E, 0x3D, 0x3E, 0x4B, 0x48, 0x4A, 0x52, 0x4C, 0x51, 
	0x6A, 0x87, 0xD7, 0xCA, 0xC2, 0xD3, 0xD1, 0xD1, 0xD4, 0xCB, 0xC3, 0xC3, 0xC4, 0xC4, 0xC2, 0xC1, 
	0xC4, 0xC9, 0xD1, 0xD6, 0xD9, 0xDC, 0xE1, 0xE5, 0xE9, 0xEA, 0xEA, 0xEB, 0xEB, 0xEA, 0xEA, 0xEA, 
	0xEB, 0xE8, 0xE7, 0xEA, 0xEB, 0xE8, 0xE9, 0xEA, 0xE1, 0xE9, 0xE9, 0xE6, 0xE0, 0xBA, 0x78, 0x64, 
	0x76, 0xD1, 0xE8, 0xE8, 0xDD, 0xE2, 0xE2, 0xE4, 0xE4, 0xDC, 0xC9, 0xA9, 0x83, 0x62, 0x54, 0x57, 
	0x51, 0x4D, 0x4A, 0x4A, 0x45, 0x3E, 0x3C, 0x3F, 0x3C, 0x3B, 0x3A, 0x39, 0x38, 0x38, 0x38, 0x38, 
	0x39, 0x39, 0x39, 0x39, 0x39, 0x39, 0x39, 0x39, 0x39, 0x39, 0x39, 0x39, 0x39, 0x39, 0x39, 0x39, 
	0x39, 0x39, 0x39, 0x39, 0x39, 0x39, 0x39, 0x39, 0x39, 0x39, 0x39, 0x39, 0x39, 0x39, 0x39, 0x39, 
	0x38, 0x38, 0x38, 0x38, 0x38, 0x38, 0x38, 0x38, 0x38, 0x38, 0x37, 0x37, 0x37, 0x37, 0x36, 0x37, 
	0x37, 0x37, 0x37, 0x37, 0x37, 0x37, 0x37, 0x37, 0x37, 0x37, 0x37, 0x37, 0x37, 0x37, 0x37, 0x37, 
	0x42, 0x41, 0x41, 0x41, 0x40, 0x40, 0x3F, 0x3F, 0x40, 0x40, 0x3F, 0x40, 0x40, 0x41, 0x42, 0x43, 
	0x41, 0x42, 0x42, 0x43, 0x43, 0x42, 0x3F, 0x3E, 0x3F, 0x3F, 0x3F, 0x3F, 0x3F, 0x3F, 0x3F, 0x40, 
	0x40, 0x40, 0x40, 0x40, 0x3F, 0x3F, 0x3F, 0x3F, 0x3E, 0x3E, 0x3E, 0x3E, 0x3E, 0x3E, 0x3E, 0x3E, 
	0x3E, 0x3F, 0x3E, 0x3E, 0x3E, 0x3F, 0x3F, 0x3F, 0x40, 0x40, 0x40, 0x40, 0x40, 0x40, 0x40, 0x40, 
	0x41, 0x41, 0x40, 0x40, 0x40, 0x40, 0x3F, 0x3F, 0x40, 0x40, 0x40, 0x40, 0x40, 0x40, 0x40, 0x40, 
	0x40, 0x40, 0x40, 0x40, 0x40, 0x3F, 0x3F, 0x3F, 0x3F, 0x3F, 0x3F, 0x3F, 0x3F, 0x3F, 0x3F, 0x3F, 
	0x3F, 0x3E, 0x3E, 0x3E, 0x3E, 0x3E, 0x3F, 0x3F, 0x43, 0x44, 0x50, 0x43, 0x4B, 0x6D, 0x7A, 0x8C, 
	0x8E, 0x6D, 0xC0, 0xC3, 0xC5, 0xC5, 0xB6, 0xD2, 0xC5, 0xC1, 0xBF, 0xC1, 0xC3, 0xC0, 0xBE, 0xBF, 
	0xC4, 0xC9, 0xD2, 0xD7, 0xDA, 0xDC, 0xE0, 0xE4, 0xEA, 0xE9, 0xEA, 0xEB, 0xEB, 0xEB, 0xEA, 0xEA, 
	0xEB, 0xE8, 0xE4, 0xE6, 0xE8, 0xE7, 0xE7, 0xEA, 0xE9, 0xEA, 0xE6, 0xDF, 0xDA, 0xCA, 0x8E, 0x72, 
	0x86, 0xDC, 0xE3, 0xD6, 0xD9, 0xE7, 0xE4, 0xE8, 0xE0, 0xDE, 0xDB, 0xD4, 0xB5, 0x80, 0x61, 0x67, 
	0x58, 0x4F, 0x49, 0x4A, 0x4B, 0x44, 0x40, 0x3F, 0x3C, 0x3C, 0x3C, 0x3A, 0x3A, 0x39, 0x39, 0x39, 
	0x3A, 0x3A, 0x3A, 0x3A, 0x3A, 0x3A, 0x3A, 0x3A, 0x3A, 0x3A, 0x3A, 0x3A, 0x3A, 0x3A, 0x3A, 0x3A, 
	0x3A, 0x3A, 0x3A, 0x3A, 0x3A, 0x3A, 0x3A, 0x3A, 0x3A, 0x3A, 0x3A, 0x3A, 0x3A, 0x3A, 0x3A, 0x3A, 
	0x39, 0x39, 0x39, 0x39, 0x39, 0x39, 0x39, 0x39, 0x39, 0x39, 0x38, 0x38, 0x38, 0x38, 0x37, 0x37, 
	0x37, 0x37, 0x37, 0x37, 0x37, 0x37, 0x37, 0x37, 0x37, 0x37, 0x37, 0x37, 0x37, 0x37, 0x37, 0x37, 
	0x44, 0x43, 0x43, 0x42, 0x42, 0x41, 0x40, 0x40, 0x40, 0x40, 0x40, 0x40, 0x41, 0x42, 0x43, 0x44, 
	0x43, 0x46, 0x48, 0x49, 0x49, 0x46, 0x44, 0x41, 0x42, 0x42, 0x42, 0x42, 0x42, 0x42, 0x42, 0x42, 
	0x42, 0x42, 0x42, 0x41, 0x41, 0x41, 0x40, 0x40, 0x40, 0x40, 0x40, 0x40, 0x40, 0x40, 0x40, 0x40, 
	0x3F, 0x3F, 0x3F, 0x40, 0x40, 0x40, 0x41, 0x41, 0x41, 0x41, 0x41, 0x41, 0x41, 0x41, 0x41, 0x41, 
	0x41, 0x41, 0x41, 0x41, 0x41, 0x40, 0x40, 0x40, 0x41, 0x41, 0x41, 0x41, 0x41, 0x41, 0x41, 0x41, 
	0x41, 0x41, 0x41, 0x41, 0x41, 0x40, 0x40, 0x40, 0x40, 0x40, 0x40, 0x40, 0x40, 0x40, 0x40, 0x40, 
	0x3F, 0x3E, 0x3E, 0x3E, 0x3F, 0x40, 0x41, 0x41, 0x45, 0x43, 0x4F, 0x4C, 0x74, 0xB8, 0xCC, 0xD9, 
	0x9A, 0x7F, 0xC7, 0xBA, 0xBA, 0xBD, 0xAC, 0xAD, 0xAF, 0xB4, 0xBC, 0xC2, 0xC2, 0xBB, 0xB6, 0xB4, 
	0xBF, 0xC5, 0xCF, 0xD5, 0xD8, 0xDB, 0xE0, 0xE3, 0xE8, 0xEA, 0xEA, 0xEA, 0xEB, 0xEB, 0xEB, 0xEA, 
	0xE8, 0xE8, 0xEA, 0xEB, 0xEA, 0xE7, 0xE4, 0xE4, 0xE1, 0xE5, 0xE3, 0xDF, 0xD0, 0xCB, 0xA2, 0x8D, 
	0xB7, 0xE5, 0xE1, 0xDF, 0xE1, 0xE7, 0xE1, 0xE5, 0xE7, 0xE0, 0xD5, 0xD7, 0xD5, 0xB5, 0x99, 0x99, 
	0x89, 0x6E, 0x53, 0x4A, 0x4B, 0x49, 0x44, 0x41, 0x3E, 0x3E, 0x3D, 0x3C, 0x3B, 0x3A, 0x3A, 0x3A, 
	0x3B, 0x3B, 0x3B, 0x3B, 0x3B, 0x3B, 0x3B, 0x3B, 0x3B, 0x3B, 0x3B, 0x3B, 0x3B, 0x3B, 0x3B, 0x3B, 
	0x3B, 0x3B, 0x3B, 0x3B, 0x3B, 0x3B, 0x3B, 0x3B, 0x3B, 0x3B, 0x3B, 0x3B, 0x3B, 0x3B, 0x3B, 0x3B, 
	0x39, 0x39, 0x39, 0x39, 0x39, 0x39, 0x39, 0x39, 0x39, 0x39, 0x39, 0x39, 0x39, 0x38, 0x38, 0x38, 
	0x38, 0x38, 0x38, 0x38, 0x38, 0x38, 0x38, 0x38, 0x37, 0x37, 0x37, 0x37, 0x37, 0x37, 0x37, 0x37, 
	0x45, 0x44, 0x44, 0x43, 0x42, 0x42, 0x41, 0x41, 0x41, 0x41, 0x41, 0x41, 0x42, 0x42, 0x43, 0x45, 
	0x48, 0x4B, 0x4E, 0x50, 0x4F, 0x4B, 0x48, 0x44, 0x44, 0x44, 0x44, 0x44, 0x44, 0x44, 0x44, 0x44, 
	0x43, 0x43, 0x43, 0x42, 0x42, 0x41, 0x41, 0x41, 0x41, 0x41, 0x41, 0x41, 0x41, 0x41, 0x41, 0x41, 
	0x40, 0x40, 0x41, 0x41, 0x41, 0x42, 0x42, 0x42, 0x41, 0x41, 0x41, 0x41, 0x41, 0x41, 0x41, 0x41, 
	0x42, 0x42, 0x41, 0x41, 0x41, 0x41, 0x41, 0x40, 0x41, 0x41, 0x41, 0x41, 0x41, 0x41, 0x41, 0x41, 
	0x42, 0x42, 0x42, 0x41, 0x41, 0x41, 0x41, 0x41, 0x40, 0x40, 0x40, 0x40, 0x40, 0x40, 0x40, 0x40, 
	0x3F, 0x3E, 0x3E, 0x3F, 0x40, 0x41, 0x42, 0x43, 0x4C, 0x43, 0x52, 0x59, 0x93, 0xD7, 0xD5, 0xC8, 
	0xB0, 0xA8, 0xE2, 0xC5, 0xB6, 0xB3, 0xB2, 0xA4, 0xA8, 0xAB, 0xB2, 0xB6, 0xB4, 0xAE, 0xAC, 0xAF, 
	0xB8, 0xBF, 0xC9, 0xD1, 0xD5, 0xD9, 0xDE, 0xE2, 0xE8, 0xEA, 0xEA, 0xEA, 0xEB, 0xEB, 0xEB, 0xEB, 
	0xE7, 0xEA, 0xEB, 0xEA, 0xE7, 0xE8, 0xEB, 0xEB, 0xEA, 0xE9, 0xE5, 0xDC, 0xC3, 0xD1, 0xCF, 0xD7, 
	0xDD, 0xE4, 0xDB, 0xE7, 0xDE, 0xDB, 0xE0, 0xEA, 0xE3, 0xE9, 0xDE, 0xD7, 0xE2, 0xE2, 0xDA, 0xDA, 
	0xD2, 0xA3, 0x6F, 0x55, 0x51, 0x4D, 0x47, 0x43, 0x3E, 0x3E, 0x3D, 0x3C, 0x3B, 0x3A, 0x3A, 0x3A, 
	0x3B, 0x3B, 0x3B, 0x3B, 0x3B, 0x3B, 0x3B, 0x3B, 0x3B, 0x3B, 0x3B, 0x3B, 0x3B, 0x3B, 0x3B, 0x3B, 
	0x3B, 0x3B, 0x3B, 0x3B, 0x3B, 0x3B, 0x3B, 0x3B, 0x3B, 0x3B, 0x3B, 0x3B, 0x3B, 0x3B, 0x3B, 0x3B, 
	0x3A, 0x3A, 0x3A, 0x3A, 0x3A, 0x3A, 0x3A, 0x3A, 0x3A, 0x3A, 0x39, 0x39, 0x39, 0x39, 0x39, 0x38, 
	0x38, 0x38, 0x38, 0x38, 0x38, 0x38, 0x38, 0x38, 0x38, 0x38, 0x38, 0x38, 0x38, 0x38, 0x38, 0x38, 
	0x46, 0x46, 0x41, 0x43, 0x47, 0x44, 0x40, 0x46, 0x41, 0x41, 0x42, 0x42, 0x42, 0x44, 0x47, 0x4A, 
	0x50, 0x4F, 0x4E, 0x51, 0x5A, 0x5D, 0x56, 0x4A, 0x43, 0x48, 0x4B, 0x4A, 0x45, 0x44, 0x46, 0x4B, 
	0x49, 0x48, 0x43, 0x45, 0x47, 0x45, 0x48, 0x42, 0x46, 0x45, 0x43, 0x41, 0x41, 0x42, 0x43, 0x44, 
	0x43, 0x42, 0x42, 0x42, 0x42, 0x42, 0x43, 0x43, 0x43, 0x43, 0x43, 0x43, 0x43, 0x43, 0x43, 0x43, 
	0x43, 0x43, 0x43, 0x43, 0x43, 0x43, 0x43, 0x43, 0x42, 0x42, 0x42, 0x42, 0x42, 0x41, 0x41, 0x41, 
	0x42, 0x42, 0x42, 0x42, 0x41, 0x41, 0x41, 0x41, 0x42, 0x42, 0x42, 0x42, 0x42, 0x41, 0x41, 0x41, 
	0x40, 0x40, 0x3F, 0x40, 0x41, 0x43, 0x44, 0x45, 0x4B, 0x4E, 0x4C, 0x5D, 0x9D, 0xC2, 0xC0, 0xC9, 
	0xD1, 0xD9, 0xE1, 0xE1, 0xD6, 0xC2, 0xAC, 0x9F, 0xA5, 0xA3, 0xA4, 0xA6, 0xA8, 0xA7, 0xA8, 0xAC, 
	0xB3, 0xBE, 0xC4, 0xC7, 0xD1, 0xD8, 0xDE, 0xE7, 0xEB, 0xEA, 0xEA, 0xEA, 0xEB, 0xEB, 0xEB, 0xEB, 
	0xE8, 0xE8, 0xE8, 0xE8, 0xE9, 0xE9, 0xEA, 0xEA, 0xEA, 0xEA, 0xE4, 0xDC, 0xD6, 0xD5, 0xD9, 0xDB, 
	0xDC, 0xE5, 0xE8, 0xE4, 0xDD, 0xDC, 0xDD, 0xDE, 0xE2, 0xE4, 0xE3, 0xDD, 0xE0, 0xE5, 0xE3, 0xDD, 
	0xCF, 0xD0, 0xA8, 0xA4, 0x6C, 0x52, 0x44, 0x4A, 0x44, 0x41, 0x3E, 0x3D, 0x3C, 0x3D, 0x3D, 0x3C, 
	0x3C, 0x3D, 0x3D, 0x3D, 0x3D, 0x3D, 0x3D, 0x3D, 0x3E, 0x3D, 0x3D, 0x3D, 0x3D, 0x3D, 0x3C, 0x3C, 
	0x3C, 0x3C, 0x3C, 0x3C, 0x3C, 0x3C, 0x3B, 0x3B, 0x3B, 0x3B, 0x3B, 0x3B, 0x3B, 0x3B, 0x3B, 0x3B, 
	0x3B, 0x3B, 0x3C, 0x3C, 0x3C, 0x3C, 0x3B, 0x3B, 0x3B, 0x3B, 0x3B, 0x3B, 0x3B, 0x3B, 0x3B, 0x3B, 
	0x3B, 0x3A, 0x3A, 0x3A, 0x3A, 0x3A, 0x39, 0x39, 0x3B, 0x3B, 0x3B, 0x3A, 0x3A, 0x3A, 0x3A, 0x39, 
	0x49, 0x4A, 0x46, 0x45, 0x46, 0x44, 0x42, 0x46, 0x43, 0x43, 0x43, 0x43, 0x43, 0x44, 0x48, 0x4B, 
	0x5D, 0x59, 0x53, 0x4E, 0x4F, 0x54, 0x55, 0x52, 0x55, 0x4E, 0x47, 0x48, 0x4E, 0x51, 0x50, 0x4B, 
	0x46, 0x4C, 0x4D, 0x4C, 0x48, 0x47, 0x4B, 0x4C, 0x43, 0x42, 0x42, 0x44, 0x47, 0x47, 0x45, 0x42, 
	0x43, 0x43, 0x43, 0x43, 0x43, 0x43, 0x43, 0x43, 0x44, 0x44, 0x43, 0x43, 0x44, 0x44, 0x44, 0x44, 
	0x44, 0x44, 0x44, 0x44, 0x44, 0x44, 0x44, 0x44, 0x44, 0x44, 0x43, 0x43, 0x43, 0x43, 0x43, 0x43, 
	0x44, 0x44, 0x44, 0x43, 0x43, 0x43, 0x43, 0x43, 0x43, 0x43, 0x43, 0x42, 0x42, 0x42, 0x42, 0x42, 
	0x40, 0x40, 0x40, 0x40, 0x42, 0x44, 0x44, 0x46, 0x49, 0x50, 0x57, 0x6B, 0x83, 0xAD, 0xC5, 0xC5, 
	0xCF, 0xD5, 0xDD, 0xE0, 0xD8, 0xC5, 0xAD, 0x9D, 0x9A, 0x99, 0x99, 0x9D, 0xA0, 0xA0, 0xA4, 0xA8, 
	0xAF, 0xBB, 0xC0, 0xC4, 0xCF, 0xD7, 0xDF, 0xE8, 0xEA, 0xEA, 0xEA, 0xEA, 0xEB, 0xEB, 0xEB, 0xEB, 
	0xE8, 0xE7, 0xE6, 0xE5, 0xE7, 0xE9, 0xEA, 0xEA, 0xEA, 0xEA, 0xE6, 0xE0, 0xD7, 0xD3, 0xD5, 0xDA, 
	0xDC, 0xE3, 0xE6, 0xE3, 0xDE, 0xDD, 0xDD, 0xDB, 0xD7, 0xDA, 0xDC, 0xDC, 0xE1, 0xE4, 0xDC, 0xD1, 
	0xC4, 0xCB, 0xC4, 0xC8, 0xAA, 0x71, 0x51, 0x45, 0x44, 0x42, 0x40, 0x3E, 0x3C, 0x3E, 0x3E, 0x3C, 
	0x3D, 0x3E, 0x3E, 0x3E, 0x3E, 0x3E, 0x3E, 0x3E, 0x3E, 0x3E, 0x3E, 0x3D, 0x3D, 0x3D, 0x3D, 0x3D, 
	0x3C, 0x3C, 0x3C, 0x3C, 0x3C, 0x3C, 0x3C, 0x3C, 0x3C, 0x3C, 0x3C, 0x3C, 0x3C, 0x3C, 0x3C, 0x3C, 
	0x3B, 0x3C, 0x3C, 0x3C, 0x3C, 0x3C, 0x3C, 0x3B, 0x3B, 0x3B, 0x3B, 0x3B, 0x3B, 0x3B, 0x3B, 0x3B, 
	0x3B, 0x3B, 0x3B, 0x3A, 0x3A, 0x3A, 0x3A, 0x3A, 0x3B, 0x3B, 0x3A, 0x3A, 0x3A, 0x3A, 0x39, 0x39, 
	0x4A, 0x4C, 0x4C, 0x4A, 0x46, 0x45, 0x45, 0x45, 0x44, 0x44, 0x44, 0x44, 0x44, 0x45, 0x48, 0x4A, 
	0x52, 0x56, 0x58, 0x55, 0x53, 0x55, 0x57, 0x57, 0x52, 0x52, 0x53, 0x53, 0x52, 0x51, 0x50, 0x50, 
	0x50, 0x54, 0x51, 0x48, 0x47, 0x4C, 0x4B, 0x42, 0x50, 0x4D, 0x4A, 0x4A, 0x4B, 0x4A, 0x45, 0x41, 
	0x45, 0x45, 0x43, 0x43, 0x44, 0x44, 0x44, 0x44, 0x45, 0x45, 0x44, 0x44, 0x44, 0x44, 0x44, 0x44, 
	0x45, 0x45, 0x45, 0x45, 0x45, 0x45, 0x45, 0x45, 0x44, 0x44, 0x44, 0x44, 0x44, 0x44, 0x44, 0x44, 
	0x45, 0x45, 0x45, 0x45, 0x45, 0x45, 0x45, 0x45, 0x44, 0x44, 0x44, 0x43, 0x43, 0x43, 0x43, 0x43, 
	0x42, 0x41, 0x41, 0x41, 0x43, 0x44, 0x45, 0x46, 0x48, 0x50, 0x67, 0x9A, 0x8D, 0xA7, 0xCC, 0xCC, 
	0xCD, 0xD2, 0xD8, 0xDC, 0xD7, 0xC4, 0xAB, 0x98, 0x90, 0x8F, 0x90, 0x93, 0x96, 0x99, 0x9F, 0xA5, 
	0xAC, 0xB9, 0xC0, 0xC5, 0xCF, 0xD9, 0xE0, 0xEA, 0xE8, 0xE9, 0xEA, 0xEA, 0xEB, 0xEB, 0xEB, 0xEB, 
	0xE9, 0xE6, 0xE1, 0xE1, 0xE4, 0xE8, 0xEA, 0xEA, 0xEA, 0xE9, 0xE9, 0xE5, 0xDA, 0xD0, 0xD1, 0xD9, 
	0xDB, 0xDE, 0xDF, 0xDE, 0xDC, 0xDC, 0xDA, 0xD6, 0xD6, 0xD7, 0xD8, 0xDA, 0xE1, 0xE3, 0xD9, 0xCA, 
	0xC0, 0xC3, 0xD1, 0xD2, 0xCE, 0x80, 0x59, 0x47, 0x45, 0x43, 0x40, 0x3E, 0x3D, 0x3E, 0x3E, 0x3D, 
	0x3F, 0x40, 0x40, 0x40, 0x40, 0x40, 0x40, 0x40, 0x3F, 0x3F, 0x3E, 0x3E, 0x3E, 0x3E, 0x3D, 0x3D, 
	0x3D, 0x3D, 0x3D, 0x3D, 0x3D, 0x3D, 0x3D, 0x3D, 0x3D, 0x3D, 0x3C, 0x3C, 0x3C, 0x3C, 0x3C, 0x3C, 
	0x3C, 0x3C, 0x3C, 0x3C, 0x3C, 0x3C, 0x3C, 0x3C, 0x3C, 0x3C, 0x3C, 0x3C, 0x3C, 0x3C, 0x3C, 0x3C, 
	0x3C, 0x3C, 0x3B, 0x3B, 0x3B, 0x3B, 0x3A, 0x3A, 0x3B, 0x3A, 0x3A, 0x3A, 0x3A, 0x39, 0x39, 0x39, 
	0x4B, 0x4C, 0x50, 0x4D, 0x48, 0x47, 0x48, 0x45, 0x45, 0x45, 0x45, 0x44, 0x44, 0x45, 0x47, 0x48, 
	0x4A, 0x52, 0x57, 0x56, 0x51, 0x4D, 0x4B, 0x4A, 0x4E, 0x53, 0x58, 0x59, 0x57, 0x56, 0x58, 0x5B, 
	0x5B, 0x51, 0x57, 0x5D, 0x5B, 0x53, 0x4B, 0x54, 0x4E, 0x4C, 0x4A, 0x4A, 0x4A, 0x4B, 0x4B, 0x4A, 
	0x47, 0x46, 0x45, 0x44, 0x44, 0x44, 0x44, 0x44, 0x45, 0x45, 0x44, 0x44, 0x44, 0x44, 0x44, 0x44, 
	0x45, 0x45, 0x45, 0x45, 0x45, 0x45, 0x45, 0x45, 0x44, 0x45, 0x45, 0x45, 0x45, 0x45, 0x45, 0x45, 
	0x46, 0x46, 0x46, 0x46, 0x45, 0x45, 0x45, 0x45, 0x45, 0x45, 0x45, 0x45, 0x44, 0x44, 0x44, 0x44, 
	0x43, 0x43, 0x43, 0x43, 0x44, 0x44, 0x46, 0x47, 0x49, 0x4E, 0x68, 0xBF, 0xB4, 0xAF, 0xC3, 0xC7, 
	0xCB, 0xCE, 0xD2, 0xD3, 0xCC, 0xB9, 0xA2, 0x92, 0x8D, 0x8B, 0x8C, 0x90, 0x92, 0x97, 0x9E, 0xA7, 
	0xAD, 0xBE, 0xC8, 0xCB, 0xD4, 0xDD, 0xE3, 0xE8, 0xE7, 0xE8, 0xE9, 0xEB, 0xEB, 0xEB, 0xEB, 0xEA, 
	0xEA, 0xE6, 0xE1, 0xE0, 0xE4, 0xE7, 0xEA, 0xEA, 0xEA, 0xE9, 0xEA, 0xE9, 0xDE, 0xCF, 0xCF, 0xD8, 
	0xD8, 0xD7, 0xD7, 0xD9, 0xDC, 0xDC, 0xD8, 0xD4, 0xDE, 0xD9, 0xD4, 0xD5, 0xDC, 0xE0, 0xD8, 0xCD, 
	0xC4, 0xC2, 0xCF, 0xCD, 0xC9, 0x7C, 0x55, 0x4C, 0x46, 0x43, 0x40, 0x3E, 0x3E, 0x3E, 0x3E, 0x3E, 
	0x3F, 0x40, 0x40, 0x40, 0x40, 0x40, 0x40, 0x40, 0x40, 0x40, 0x3F, 0x3F, 0x3F, 0x3F, 0x3E, 0x3E, 
	0x3F, 0x3E, 0x3E, 0x3E, 0x3E, 0x3D, 0x3E, 0x3E, 0x3E, 0x3E, 0x3D, 0x3D, 0x3D, 0x3D, 0x3D, 0x3D, 
	0x3C, 0x3D, 0x3D, 0x3E, 0x3E, 0x3D, 0x3D, 0x3C, 0x3C, 0x3C, 0x3C, 0x3C, 0x3C, 0x3C, 0x3C, 0x3C, 
	0x3C, 0x3C, 0x3C, 0x3C, 0x3C, 0x3C, 0x3B, 0x3B, 0x3B, 0x3B, 0x3B, 0x3A, 0x3A, 0x3A, 0x3A, 0x3A, 
	0x56, 0x4E, 0x50, 0x50, 0x4A, 0x49, 0x4B, 0x45, 0x46, 0x46, 0x45, 0x44, 0x44, 0x45, 0x47, 0x48, 
	0x4C, 0x4F, 0x52, 0x51, 0x51, 0x56, 0x5A, 0x5C, 0x63, 0x60, 0x60, 0x65, 0x6B, 0x6A, 0x61, 0x58, 
	0x5B, 0x5C, 0x64, 0x58, 0x55, 0x5D, 0x57, 0x59, 0x58, 0x58, 0x58, 0x56, 0x51, 0x4F, 0x4E, 0x4E, 
	0x4A, 0x49, 0x48, 0x46, 0x45, 0x44, 0x44, 0x43, 0x46, 0x46, 0x46, 0x46, 0x46, 0x46, 0x46, 0x46, 
	0x45, 0x45, 0x45, 0x45, 0x45, 0x45, 0x45, 0x45, 0x44, 0x44, 0x45, 0x45, 0x45, 0x46, 0x46, 0x46, 
	0x47, 0x47, 0x46, 0x46, 0x46, 0x46, 0x45, 0x45, 0x46, 0x46, 0x45, 0x45, 0x45, 0x45, 0x44, 0x45, 
	0x44, 0x44, 0x43, 0x44, 0x44, 0x45, 0x47, 0x48, 0x4A, 0x51, 0x5B, 0xB3, 0xBC, 0xB3, 0xAF, 0xB0, 
	0xBE, 0xC1, 0xC3, 0xC1, 0xB7, 0xA8, 0x9A, 0x91, 0x8D, 0x8C, 0x8D, 0x8E, 0x91, 0x95, 0x9F, 0xA7, 
	0xB2, 0xC7, 0xD4, 0xD7, 0xDD, 0xE2, 0xE2, 0xE4, 0xE4, 0xE6, 0xE9, 0xEB, 0xEA, 0xEA, 0xEB, 0xEA, 
	0xEA, 0xE7, 0xE2, 0xE1, 0xE3, 0xE6, 0xE9, 0xEA, 0xEA, 0xE9, 0xEA, 0xE9, 0xE0, 0xD4, 0xD2, 0xD7, 
	0xD8, 0xD4, 0xD4, 0xD6, 0xDB, 0xDB, 0xD8, 0xD4, 0xD7, 0xD3, 0xD0, 0xD1, 0xD8, 0xDC, 0xD7, 0xCF, 
	0xC9, 0xCB, 0xD1, 0xCC, 0xB4, 0x78, 0x4F, 0x4E, 0x47, 0x45, 0x41, 0x3F, 0x3F, 0x40, 0x3F, 0x3F, 
	0x3F, 0x3F, 0x3F, 0x3F, 0x3F, 0x3F, 0x3F, 0x3F, 0x40, 0x40, 0x40, 0x40, 0x40, 0x40, 0x3F, 0x3F, 
	0x40, 0x40, 0x40, 0x3F, 0x3F, 0x3F, 0x3F, 0x3E, 0x3E, 0x3E, 0x3E, 0x3E, 0x3E, 0x3E, 0x3E, 0x3E, 
	0x3F, 0x3F, 0x3F, 0x3F, 0x3F, 0x3F, 0x3F, 0x3F, 0x3F, 0x3F, 0x3F, 0x3F, 0x3F, 0x3F, 0x3F, 0x3F, 
	0x3E, 0x3E, 0x3D, 0x3D, 0x3D, 0x3D, 0x3C, 0x3C, 0x3C, 0x3C, 0x3C, 0x3B, 0x3B, 0x3B, 0x3B, 0x3B, 
	0x70, 0x57, 0x50, 0x54, 0x4C, 0x4B, 0x4E, 0x47, 0x47, 0x47, 0x47, 0x45, 0x45, 0x46, 0x48, 0x4B, 
	0x4C, 0x4F, 0x51, 0x52, 0x55, 0x5B, 0x61, 0x62, 0x5B, 0x6E, 0x8B, 0xA7, 0xB8, 0xBC, 0xB7, 0xB1, 
	0xB0, 0x7E, 0x67, 0x5F, 0x67, 0x68, 0x5A, 0x66, 0x58, 0x5A, 0x5D, 0x5C, 0x59, 0x55, 0x51, 0x4F, 
	0x4F, 0x4D, 0x4B, 0x4A, 0x48, 0x46, 0x45, 0x44, 0x46, 0x46, 0x46, 0x46, 0x46, 0x46, 0x46, 0x46, 
	0x45, 0x45, 0x45, 0x45, 0x45, 0x45, 0x45, 0x45, 0x45, 0x45, 0x45, 0x46, 0x46, 0x47, 0x47, 0x47, 
	0x48, 0x48, 0x48, 0x47, 0x47, 0x47, 0x47, 0x46, 0x47, 0x47, 0x47, 0x46, 0x46, 0x46, 0x46, 0x46, 
	0x46, 0x46, 0x45, 0x45, 0x45, 0x46, 0x48, 0x49, 0x4A, 0x57, 0x50, 0x84, 0xA2, 0xB0, 0xA9, 0xA4, 
	0xA5, 0xA7, 0xA8, 0xA6, 0x9F, 0x98, 0x91, 0x8F, 0x8A, 0x89, 0x8A, 0x8C, 0x8C, 0x90, 0x9A, 0xA4, 
	0xB8, 0xD0, 0xDE, 0xDF, 0xE2, 0xE3, 0xE0, 0xDF, 0xE2, 0xE5, 0xE9, 0xEB, 0xEA, 0xE9, 0xEA, 0xEA, 
	0xEA, 0xE9, 0xE6, 0xE2, 0xE1, 0xE3, 0xE6, 0xE7, 0xE7, 0xE7, 0xE5, 0xE3, 0xE0, 0xDC, 0xD7, 0xD5, 
	0xD8, 0xD3, 0xCF, 0xD2, 0xD6, 0xD6, 0xD4, 0xD2, 0xC9, 0xCB, 0xCF, 0xD6, 0xDB, 0xDB, 0xD6, 0xD0, 
	0xCE, 0xCD, 0xCA, 0xB9, 0x88, 0x68, 0x4B, 0x4F, 0x48, 0x45, 0x42, 0x40, 0x40, 0x40, 0x40, 0x40, 
	0x3F, 0x3F, 0x3F, 0x3F, 0x3F, 0x3F, 0x3F, 0x3F, 0x41, 0x41, 0x40, 0x40, 0x40, 0x40, 0x40, 0x40, 
	0x41, 0x41, 0x41, 0x41, 0x40, 0x40, 0x40, 0x40, 0x40, 0x40, 0x40, 0x40, 0x40, 0x40, 0x40, 0x40, 
	0x3F, 0x3F, 0x40, 0x40, 0x40, 0x40, 0x3F, 0x3F, 0x3F, 0x3F, 0x3F, 0x3F, 0x3F, 0x3F, 0x3F, 0x3F, 
	0x3E, 0x3E, 0x3E, 0x3E, 0x3E, 0x3E, 0x3D, 0x3D, 0x3E, 0x3D, 0x3D, 0x3D, 0x3D, 0x3C, 0x3C, 0x3C, 
	0x93, 0x66, 0x53, 0x56, 0x4F, 0x4B, 0x4E, 0x4A, 0x49, 0x49, 0x49, 0x48, 0x47, 0x49, 0x4B, 0x4D, 
	0x51, 0x55, 0x57, 0x57, 0x5B, 0x64, 0x6F, 0x74, 0xA6, 0xBE, 0xD8, 0xE7, 0xE5, 0xDE, 0xDA, 0xD9, 
	0xD7, 0xD3, 0xB9, 0x77, 0x85, 0xC2, 0xA2, 0x66, 0x6D, 0x69, 0x63, 0x63, 0x64, 0x64, 0x5F, 0x5B, 
	0x54, 0x53, 0x50, 0x4E, 0x4B, 0x48, 0x47, 0x46, 0x47, 0x47, 0x47, 0x47, 0x47, 0x47, 0x47, 0x47, 
	0x47, 0x47, 0x47, 0x47, 0x47, 0x47, 0x47, 0x47, 0x46, 0x46, 0x47, 0x47, 0x48, 0x49, 0x49, 0x49, 
	0x49, 0x49, 0x49, 0x49, 0x49, 0x49, 0x49, 0x49, 0x48, 0x48, 0x48, 0x47, 0x47, 0x47, 0x47, 0x46, 
	0x47, 0x47, 0x46, 0x46, 0x46, 0x47, 0x48, 0x4A, 0x4C, 0x52, 0x51, 0x60, 0x78, 0x97, 0x9D, 0x98, 
	0x8B, 0x8C, 0x8B, 0x8C, 0x8C, 0x8B, 0x89, 0x88, 0x85, 0x84, 0x86, 0x86, 0x87, 0x8C, 0x96, 0xA1, 
	0xBC, 0xD4, 0xE1, 0xE1, 0xE1, 0xE1, 0xDB, 0xDA, 0xE0, 0xE4, 0xE9, 0xEB, 0xEA, 0xE9, 0xEA, 0xEA, 
	0xE9, 0xEA, 0xE8, 0xE5, 0xE1, 0xDF, 0xE1, 0xE3, 0xE3, 0xE2, 0xDD, 0xDA, 0xDD, 0xE2, 0xDC, 0xD2, 
	0xD2, 0xCB, 0xC5, 0xC7, 0xC8, 0xC6, 0xC4, 0xC4, 0xBE, 0xC6, 0xD1, 0xD7, 0xD8, 0xD4, 0xD0, 0xCE, 
	0xCE, 0xC6, 0xC2, 0x9E, 0x62, 0x58, 0x4D, 0x4D, 0x48, 0x46, 0x43, 0x41, 0x41, 0x41, 0x41, 0x41, 
	0x40, 0x40, 0x40, 0x40, 0x40, 0x40, 0x40, 0x40, 0x41, 0x41, 0x41, 0x41, 0x41, 0x40, 0x40, 0x40, 
	0x42, 0x42, 0x42, 0x42, 0x41, 0x41, 0x41, 0x41, 0x41, 0x41, 0x41, 0x41, 0x41, 0x41, 0x41, 0x41, 
	0x40, 0x40, 0x41, 0x41, 0x41, 0x41, 0x40, 0x40, 0x40, 0x40, 0x40, 0x40, 0x40, 0x40, 0x40, 0x40, 
	0x3F, 0x3F, 0x3F, 0x3F, 0x3F, 0x3E, 0x3E, 0x3E, 0x3F, 0x3F, 0x3F, 0x3F, 0x3E, 0x3E, 0x3E, 0x3E, 
	0xAB, 0x73, 0x56, 0x58, 0x4F, 0x4B, 0x50, 0x4B, 0x4A, 0x4A, 0x4B, 0x4A, 0x4A, 0x4B, 0x4D, 0x4F, 
	0x51, 0x57, 0x5C, 0x63, 0x76, 0x98, 0xBB, 0xD0, 0xCE, 0xD0, 0xD1, 0xD0, 0xD0, 0xD2, 0xD6, 0xD9, 
	0xD6, 0xC3, 0xD2, 0xD3, 0xD9, 0xD5, 0xAC, 0xA1, 0xC9, 0xB7, 0x9D, 0x89, 0x7E, 0x74, 0x66, 0x5B, 
	0x58, 0x56, 0x54, 0x50, 0x4E, 0x4A, 0x48, 0x48, 0x48, 0x48, 0x48, 0x48, 0x48, 0x48, 0x48, 0x48, 
	0x48, 0x48, 0x48, 0x48, 0x48, 0x48, 0x48, 0x48, 0x47, 0x48, 0x48, 0x49, 0x4A, 0x4A, 0x4A, 0x4A, 
	0x4B, 0x4B, 0x4B, 0x4A, 0x4A, 0x4A, 0x4A, 0x4A, 0x48, 0x48, 0x48, 0x48, 0x48, 0x47, 0x47, 0x47, 
	0x48, 0x48, 0x47, 0x46, 0x47, 0x48, 0x49, 0x49, 0x4D, 0x47, 0x53, 0x54, 0x59, 0x6E, 0x7D, 0x7E, 
	0x7D, 0x7B, 0x7A, 0x7B, 0x80, 0x83, 0x81, 0x7F, 0x7F, 0x80, 0x83, 0x84, 0x85, 0x89, 0x94, 0x9D, 
	0xBD, 0xD5, 0xE1, 0xDF, 0xDE, 0xDD, 0xD9, 0xD6, 0xDF, 0xE4, 0xE9, 0xEA, 0xEA, 0xE9, 0xEA, 0xEB, 
	0xE8, 0xEA, 0xEA, 0xE6, 0xDF, 0xDC, 0xDD, 0xE1, 0xE1, 0xDF, 0xD8, 0xD3, 0xDC, 0xE5, 0xE0, 0xCF, 
	0xC9, 0xC1, 0xBA, 0xBA, 0xB9, 0xB7, 0xB5, 0xB6, 0xBA, 0xC2, 0xCD, 0xD1, 0xCE, 0xC8, 0xC6, 0xC8, 
	0xCA, 0xC1, 0xC6, 0x98, 0x5D, 0x57, 0x55, 0x49, 0x49, 0x46, 0x43, 0x41, 0x41, 0x42, 0x41, 0x41, 
	0x41, 0x41, 0x41, 0x41, 0x41, 0x41, 0x41, 0x41, 0x42, 0x42, 0x41, 0x41, 0x41, 0x41, 0x41, 0x40, 
	0x43, 0x43, 0x42, 0x42, 0x42, 0x42, 0x41, 0x41, 0x41, 0x41, 0x41, 0x41, 0x41, 0x41, 0x41, 0x41, 
	0x41, 0x41, 0x41, 0x42, 0x42, 0x41, 0x41, 0x41, 0x40, 0x40, 0x40, 0x40, 0x40, 0x40, 0x40, 0x40, 
	0x3F, 0x3F, 0x3F, 0x3F, 0x3F, 0x3F, 0x3F, 0x3E, 0x3F, 0x3F, 0x3F, 0x3F, 0x3F, 0x3F, 0x3F, 0x3F, 
	0x98, 0x7E, 0x68, 0x5D, 0x56, 0x54, 0x52, 0x4A, 0x4B, 0x51, 0x4D, 0x4A, 0x4E, 0x4E, 0x4E, 0x53, 
	0x59, 0x65, 0x72, 0x8C, 0xB5, 0xCF, 0xD4, 0xD3, 0xD7, 0xD0, 0xCA, 0xCA, 0xCE, 0xCF, 0xCF, 0xD1, 
	0xD4, 0xD2, 0xCB, 0xC4, 0xC9, 0xD2, 0xD2, 0xCB, 0xCE, 0xDC, 0xE2, 0xD8, 0xDC, 0xD3, 0xAE, 0x9D, 
	0x60, 0x55, 0x59, 0x54, 0x4E, 0x4D, 0x48, 0x46, 0x4B, 0x4B, 0x4A, 0x49, 0x49, 0x48, 0x49, 0x49, 
	0x49, 0x49, 0x49, 0x49, 0x49, 0x48, 0x48, 0x48, 0x4B, 0x4B, 0x4B, 0x4B, 0x4B, 0x4D, 0x4E, 0x4F, 
	0x49, 0x4E, 0x52, 0x50, 0x4E, 0x4D, 0x4B, 0x48, 0x49, 0x49, 0x48, 0x47, 0x47, 0x47, 0x47, 0x48, 
	0x48, 0x48, 0x47, 0x47, 0x48, 0x48, 0x49, 0x49, 0x4C, 0x4C, 0x4E, 0x51, 0x54, 0x58, 0x5C, 0x5F, 
	0x66, 0x69, 0x6D, 0x73, 0x77, 0x7B, 0x7B, 0x7C, 0x79, 0x82, 0x77, 0x76, 0x87, 0x85, 0x91, 0xB9, 
	0xD7, 0xD8, 0xDC, 0xE2, 0xDF, 0xD9, 0xD7, 0xD8, 0xE1, 0xE7, 0xEB, 0xEB, 0xEA, 0xEA, 0xE9, 0xE8, 
	0xE3, 0xDF, 0xDD, 0xDF, 0xDF, 0xDD, 0xDC, 0xDB, 0xDD, 0xDB, 0xD7, 0xD6, 0xDB, 0xDF, 0xDA, 0xD2, 
	0xC8, 0xBD, 0xB0, 0xAB, 0xA8, 0xA6, 0xA7, 0xA8, 0xAF, 0xC2, 0xC8, 0xBC, 0xB7, 0xBE, 0xBD, 0xB2, 
	0xB6, 0xB4, 0xAE, 0x94, 0x6D, 0x53, 0x4C, 0x49, 0x45, 0x45, 0x44, 0x43, 0x42, 0x42, 0x41, 0x42, 
	0x44, 0x44, 0x44, 0x44, 0x44, 0x43, 0x44, 0x43, 0x42, 0x42, 0x43, 0x43, 0x43, 0x43, 0x41, 0x41, 
	0x42, 0x42, 0x42, 0x42, 0x42, 0x43, 0x43, 0x43, 0x42, 0x42, 0x42, 0x42, 0x42, 0x42, 0x42, 0x42, 
	0x43, 0x43, 0x43, 0x43, 0x43, 0x43, 0x43, 0x43, 0x42, 0x42, 0x42, 0x42, 0x42, 0x41, 0x41, 0x41, 
	0x3F, 0x3F, 0x3F, 0x3F, 0x3F, 0x3F, 0x3F, 0x3F, 0x3F, 0x3F, 0x3F, 0x3F, 0x3F, 0x3F, 0x3F, 0x3F, 
	0x8E, 0x8A, 0x89, 0x7D, 0x63, 0x52, 0x51, 0x50, 0x4B, 0x4E, 0x49, 0x48, 0x50, 0x54, 0x57, 0x5E, 
	0x75, 0x93, 0xAD, 0xBD, 0xCA, 0xD2, 0xD4, 0xD5, 0xD9, 0xD2, 0xCE, 0xD0, 0xD3, 0xD4, 0xD4, 0xD5, 
	0xD7, 0xD6, 0xCF, 0xC9, 0xCD, 0xD5, 0xD6, 0xCF, 0xC9, 0xD1, 0xDE, 0xE0, 0xE5, 0xE3, 0xD2, 0xCF, 
	0x87, 0x78, 0x5D, 0x54, 0x4C, 0x4D, 0x4C, 0x4F, 0x4B, 0x4B, 0x4B, 0x4A, 0x49, 0x4A, 0x4A, 0x4B, 
	0x4A, 0x4A, 0x4B, 0x4B, 0x49, 0x49, 0x49, 0x49, 0x43, 0x4D, 0x53, 0x4E, 0x48, 0x4A, 0x4F, 0x52, 
	0x57, 0x4F, 0x4B, 0x51, 0x53, 0x4D, 0x4B, 0x50, 0x4B, 0x4A, 0x4A, 0x49, 0x48, 0x49, 0x49, 0x49, 
	0x48, 0x49, 0x48, 0x48, 0x48, 0x49, 0x4A, 0x49, 0x4B, 0x4B, 0x4C, 0x4E, 0x50, 0x53, 0x57, 0x58, 
	0x58, 0x5B, 0x5F, 0x66, 0x6D, 0x73, 0x79, 0x7B, 0x7A, 0x79, 0x6C, 0x69, 0x73, 0x77, 0x8C, 0xB2, 
	0xD8, 0xDA, 0xDE, 0xE2, 0xDE, 0xD9, 0xD8, 0xDC, 0xDC, 0xE3, 0xE8, 0xE9, 0xE9, 0xE8, 0xE6, 0xE3, 
	0xE0, 0xDE, 0xDB, 0xDD, 0xDD, 0xDA, 0xD8, 0xD9, 0xD8, 0xD6, 0xD3, 0xD3, 0xD6, 0xD9, 0xD4, 0xCC, 
	0xBF, 0xB4, 0xAA, 0xA5, 0xA3, 0xA2, 0xA3, 0xA6, 0xA7, 0xB9, 0xC5, 0xBE, 0xB2, 0xAC, 0xAB, 0xA8, 
	0x8C, 0x88, 0x84, 0x75, 0x5C, 0x50, 0x4E, 0x4B, 0x46, 0x45, 0x44, 0x44, 0x43, 0x43, 0x42, 0x43, 
	0x43, 0x43, 0x44, 0x44, 0x44, 0x44, 0x44, 0x45, 0x46, 0x45, 0x45, 0x45, 0x46, 0x45, 0x46, 0x46, 
	0x44, 0x43, 0x44, 0x43, 0x44, 0x44, 0x44, 0x44, 0x43, 0x43, 0x43, 0x43, 0x43, 0x43, 0x43, 0x43, 
	0x43, 0x43, 0x43, 0x43, 0x43, 0x43, 0x43, 0x43, 0x44, 0x44, 0x44, 0x43, 0x43, 0x43, 0x43, 0x43, 
	0x41, 0x41, 0x41, 0x41, 0x41, 0x41, 0x41, 0x41, 0x40, 0x40, 0x40, 0x40, 0x40, 0x40, 0x40, 0x40, 
	0x8D, 0x96, 0xA1, 0x94, 0x6F, 0x54, 0x51, 0x54, 0x53, 0x55, 0x50, 0x50, 0x58, 0x5D, 0x5F, 0x66, 
	0x7F, 0xA9, 0xC8, 0xD1, 0xD4, 0xD4, 0xD3, 0xD6, 0xD7, 0xD2, 0xD0, 0xD3, 0xD6, 0xD5, 0xD6, 0xD8, 
	0xDB, 0xDA, 0xD5, 0xD0, 0xD3, 0xD9, 0xDA, 0xD7, 0xD6, 0xD2, 0xE0, 0xE4, 0xDE, 0xD7, 0xCD, 0xCE, 
	0x85, 0x80, 0x52, 0x57, 0x56, 0x56, 0x4F, 0x4F, 0x4D, 0x4C, 0x4C, 0x4B, 0x4B, 0x4B, 0x4B, 0x4B, 
	0x4C, 0x4C, 0x4C, 0x4C, 0x4C, 0x4C, 0x4C, 0x4C, 0x4B, 0x4E, 0x4E, 0x4C, 0x4E, 0x53, 0x53, 0x50, 
	0x56, 0x63, 0x64, 0x56, 0x50, 0x56, 0x56, 0x4E, 0x4D, 0x4D, 0x4C, 0x4B, 0x4B, 0x4B, 0x4A, 0x4B, 
	0x4A, 0x4A, 0x4A, 0x4A, 0x4A, 0x4A, 0x4B, 0x4B, 0x4D, 0x4C, 0x4C, 0x4C, 0x4D, 0x4F, 0x50, 0x51, 
	0x54, 0x54, 0x55, 0x57, 0x5D, 0x62, 0x68, 0x6B, 0x71, 0x6A, 0x60, 0x5B, 0x5F, 0x6F, 0x8D, 0xA9, 
	0xD6, 0xD9, 0xDD, 0xDE, 0xDA, 0xD6, 0xD8, 0xDC, 0xDC, 0xE2, 0xE8, 0xEB, 0xEA, 0xEA, 0xE7, 0xE3, 
	0xDC, 0xDA, 0xDA, 0xDB, 0xDC, 0xD8, 0xD8, 0xD9, 0xD6, 0xD4, 0xD0, 0xCE, 0xCE, 0xCD, 0xC6, 0xBE, 
	0xB3, 0xAA, 0xA1, 0x9D, 0x9C, 0x9B, 0x9E, 0xA0, 0xAB, 0xB4, 0xB6, 0xAE, 0xA7, 0xA4, 0x98, 0x8B, 
	0x71, 0x69, 0x63, 0x5C, 0x50, 0x4D, 0x4D, 0x48, 0x46, 0x45, 0x46, 0x44, 0x44, 0x44, 0x44, 0x43, 
	0x43, 0x43, 0x45, 0x46, 0x47, 0x47, 0x48, 0x48, 0x4A, 0x49, 0x47, 0x45, 0x45, 0x45, 0x45, 0x46, 
	0x45, 0x45, 0x45, 0x45, 0x45, 0x45, 0x45, 0x45, 0x44, 0x44, 0x45, 0x45, 0x45, 0x45, 0x45, 0x45, 
	0x44, 0x44, 0x44, 0x44, 0x44, 0x44, 0x44, 0x44, 0x45, 0x45, 0x44, 0x44, 0x44, 0x44, 0x44, 0x44, 
	0x43, 0x43, 0x43, 0x43, 0x43, 0x43, 0x43, 0x43, 0x42, 0x42, 0x42, 0x42, 0x42, 0x42, 0x42, 0x42, 
	0x96, 0x97, 0x9B, 0x8E, 0x6F, 0x59, 0x54, 0x53, 0x4F, 0x53, 0x53, 0x55, 0x5A, 0x5B, 0x5E, 0x66, 
	0x7B, 0x9D, 0xB7, 0xC2, 0xCB, 0xD1, 0xD1, 0xD1, 0xD1, 0xCE, 0xCC, 0xCF, 0xCF, 0xCF, 0xCF, 0xD2, 
	0xD5, 0xD5, 0xD2, 0xCF, 0xD1, 0xD7, 0xD8, 0xD6, 0xD1, 0xCC, 0xE3, 0xE9, 0xE3, 0xE1, 0xDB, 0xD6, 
	0xD9, 0xC8, 0x71, 0x67, 0x59, 0x54, 0x4B, 0x4E, 0x4E, 0x4D, 0x4C, 0x4C, 0x4C, 0x4C, 0x4C, 0x4C, 
	0x4D, 0x4D, 0x4D, 0x4D, 0x4D, 0x4E, 0x4E, 0x4E, 0x53, 0x51, 0x50, 0x54, 0x56, 0x57, 0x5C, 0x62, 
	0x6F, 0x8D, 0x96, 0x7D, 0x62, 0x5A, 0x56, 0x4F, 0x50, 0x4F, 0x4E, 0x4D, 0x4C, 0x4C, 0x4C, 0x4C, 
	0x4B, 0x4B, 0x4B, 0x4A, 0x4B, 0x4B, 0x4C, 0x4D, 0x4E, 0x4D, 0x4D, 0x4C, 0x4D, 0x4D, 0x4E, 0x4F, 
	0x53, 0x52, 0x51, 0x50, 0x51, 0x52, 0x56, 0x58, 0x58, 0x56, 0x59, 0x5C, 0x6A, 0x94, 0xBD, 0xC9, 
	0xD4, 0xD8, 0xDA, 0xDA, 0xD5, 0xD3, 0xD6, 0xDB, 0xDC, 0xE3, 0xE7, 0xE8, 0xE9, 0xEA, 0xE8, 0xE3, 
	0xDC, 0xD9, 0xD9, 0xDB, 0xDB, 0xD8, 0xD8, 0xDB, 0xD6, 0xD3, 0xCE, 0xC9, 0xC5, 0xBE, 0xB5, 0xAE, 
	0xAB, 0xA3, 0x9A, 0x97, 0x95, 0x95, 0x98, 0x9B, 0xAA, 0xB6, 0xB5, 0xA5, 0x9B, 0x97, 0x87, 0x71, 
	0x68, 0x5F, 0x5A, 0x55, 0x4D, 0x4C, 0x4C, 0x46, 0x46, 0x45, 0x45, 0x44, 0x44, 0x44, 0x45, 0x45, 
	0x46, 0x47, 0x48, 0x49, 0x4B, 0x4A, 0x4A, 0x4A, 0x4C, 0x4B, 0x4B, 0x49, 0x47, 0x46, 0x45, 0x45, 
	0x47, 0x47, 0x46, 0x46, 0x46, 0x46, 0x46, 0x46, 0x45, 0x45, 0x45, 0x45, 0x45, 0x45, 0x45, 0x45, 
	0x44, 0x44, 0x44, 0x44, 0x45, 0x45, 0x45, 0x45, 0x46, 0x45, 0x45, 0x45, 0x45, 0x45, 0x44, 0x44, 
	0x44, 0x44, 0x44, 0x44, 0x44, 0x44, 0x44, 0x44, 0x43, 0x43, 0x43, 0x43, 0x43, 0x43, 0x43, 0x43, 
	0x94, 0x8C, 0x87, 0x7D, 0x69, 0x5B, 0x57, 0x54, 0x51, 0x56, 0x58, 0x5B, 0x5F, 0x60, 0x67, 0x75, 
	0x7D, 0x94, 0xA6, 0xB1, 0xBE, 0xC8, 0xC7, 0xC7, 0xCA, 0xC7, 0xC5, 0xC5, 0xC4, 0xC2, 0xC3, 0xC7, 
	0xC7, 0xC8, 0xC7, 0xC6, 0xC9, 0xCD, 0xCF, 0xCF, 0xC3, 0xC5, 0xDB, 0xE3, 0xE2, 0xE9, 0xE5, 0xDC, 
	0xD3, 0xBD, 0x60, 0x59, 0x52, 0x55, 0x52, 0x57, 0x4F, 0x4E, 0x4D, 0x4D, 0x4C, 0x4D, 0x4D, 0x4D, 
	0x4D, 0x4D, 0x4E, 0x4E, 0x4E, 0x4F, 0x4F, 0x4F, 0x4F, 0x54, 0x60, 0x68, 0x5C, 0x54, 0x6A, 0x8B, 
	0xA3, 0xA8, 0xAD, 0xA5, 0x80, 0x58, 0x4D, 0x58, 0x51, 0x51, 0x4F, 0x4E, 0x4D, 0x4D, 0x4D, 0x4D, 
	0x4D, 0x4D, 0x4D, 0x4C, 0x4D, 0x4D, 0x4E, 0x4F, 0x4D, 0x4D, 0x4C, 0x4C, 0x4D, 0x4D, 0x4D, 0x4E, 
	0x4C, 0x4C, 0x4C, 0x4D, 0x4E, 0x4E, 0x50, 0x51, 0x4E, 0x51, 0x57, 0x58, 0x6C, 0xA7, 0xD1, 0xD2, 
	0xD2, 0xD7, 0xDA, 0xD9, 0xD5, 0xD5, 0xD8, 0xDB, 0xDD, 0xE1, 0xE3, 0xE2, 0xE4, 0xE6, 0xE4, 0xE1, 
	0xDF, 0xDB, 0xD8, 0xDA, 0xDA, 0xD7, 0xD7, 0xD6, 0xD1, 0xCE, 0xC9, 0xC4, 0xBC, 0xB2, 0xA9, 0xA4, 
	0xA5, 0x9E, 0x96, 0x92, 0x8F, 0x8F, 0x90, 0x94, 0x9D, 0xB2, 0xC6, 0xC2, 0xA6, 0x84, 0x6E, 0x67, 
	0x5D, 0x56, 0x56, 0x53, 0x4D, 0x4C, 0x4D, 0x49, 0x46, 0x46, 0x45, 0x45, 0x45, 0x46, 0x47, 0x47, 
	0x4A, 0x4A, 0x4B, 0x4C, 0x4D, 0x4D, 0x4D, 0x4D, 0x4E, 0x4F, 0x4F, 0x4F, 0x4D, 0x4B, 0x4A, 0x49, 
	0x48, 0x48, 0x47, 0x47, 0x47, 0x46, 0x46, 0x46, 0x45, 0x45, 0x45, 0x45, 0x45, 0x45, 0x45, 0x45, 
	0x46, 0x46, 0x46, 0x46, 0x46, 0x46, 0x46, 0x46, 0x46, 0x46, 0x45, 0x45, 0x45, 0x45, 0x45, 0x44, 
	0x45, 0x45, 0x45, 0x45, 0x45, 0x45, 0x45, 0x45, 0x44, 0x44, 0x44, 0x44, 0x44, 0x44, 0x44, 0x44, 
	0x83, 0x7D, 0x7B, 0x75, 0x64, 0x5A, 0x59, 0x58, 0x5B, 0x5C, 0x5B, 0x5D, 0x62, 0x64, 0x6F, 0x82, 
	0x83, 0x96, 0xA6, 0xB1, 0xB9, 0xB9, 0xB9, 0xC0, 0xC6, 0xC3, 0xC2, 0xC1, 0xBC, 0xB8, 0xB8, 0xBB, 
	0xBC, 0xBF, 0xC0, 0xC2, 0xC4, 0xC6, 0xCB, 0xCC, 0xCA, 0xCB, 0xD7, 0xD4, 0xD1, 0xD7, 0xD0, 0xCB, 
	0xD5, 0xB8, 0x6E, 0x66, 0x5F, 0x5B, 0x4F, 0x4D, 0x51, 0x50, 0x4F, 0x4F, 0x4E, 0x4E, 0x4F, 0x4F, 
	0x4E, 0x4E, 0x4F, 0x4F, 0x4F, 0x4F, 0x50, 0x50, 0x53, 0x55, 0x61, 0x6C, 0x68, 0x63, 0x7A, 0x9A, 
	0xA6, 0xA3, 0x9E, 0x95, 0x7C, 0x61, 0x53, 0x55, 0x53, 0x52, 0x50, 0x50, 0x4E, 0x4E, 0x4E, 0x4E, 
	0x4E, 0x4E, 0x4F, 0x4E, 0x4F, 0x4F, 0x4F, 0x51, 0x4B, 0x4B, 0x4C, 0x4C, 0x4C, 0x4D, 0x4D, 0x4D, 
	0x4C, 0x4D, 0x4E, 0x4E, 0x4F, 0x4E, 0x4E, 0x4D, 0x51, 0x55, 0x56, 0x52, 0x62, 0x99, 0xC5, 0xC8, 
	0xCD, 0xD2, 0xD6, 0xD7, 0xD8, 0xDA, 0xDC, 0xDC, 0xDF, 0xE1, 0xE1, 0xDF, 0xE0, 0xE3, 0xE1, 0xDD, 
	0xDD, 0xD6, 0xD4, 0xD7, 0xDA, 0xD6, 0xD0, 0xCC, 0xC7, 0xC4, 0xC1, 0xBE, 0xB5, 0xAB, 0xA3, 0xA0, 
	0x9E, 0x98, 0x90, 0x8C, 0x87, 0x86, 0x87, 0x8B, 0x98, 0xA1, 0xBF, 0xD8, 0xC5, 0x8B, 0x63, 0x5D, 
	0x5C, 0x56, 0x56, 0x54, 0x4C, 0x4C, 0x4D, 0x49, 0x48, 0x48, 0x48, 0x48, 0x48, 0x49, 0x49, 0x4B, 
	0x4C, 0x4D, 0x4F, 0x50, 0x51, 0x51, 0x52, 0x52, 0x51, 0x51, 0x51, 0x51, 0x50, 0x4E, 0x4C, 0x4B, 
	0x49, 0x49, 0x49, 0x48, 0x48, 0x47, 0x47, 0x47, 0x46, 0x46, 0x46, 0x46, 0x46, 0x46, 0x46, 0x46, 
	0x47, 0x47, 0x47, 0x47, 0x47, 0x47, 0x47, 0x47, 0x47, 0x47, 0x46, 0x46, 0x46, 0x46, 0x45, 0x45, 
	0x46, 0x46, 0x46, 0x46, 0x46, 0x46, 0x46, 0x46, 0x45, 0x45, 0x45, 0x45, 0x45, 0x45, 0x45, 0x45, 
	0x75, 0x70, 0x71, 0x6F, 0x63, 0x5C, 0x5D, 0x5B, 0x58, 0x58, 0x59, 0x61, 0x6F, 0x75, 0x7E, 0x8D, 
	0xA0, 0xAB, 0xB7, 0xC0, 0xC1, 0xB6, 0xB5, 0xC1, 0xC5, 0xC6, 0xC6, 0xC4, 0xBD, 0xB3, 0xB1, 0xB2, 
	0xB4, 0xB7, 0xBB, 0xBF, 0xC0, 0xC3, 0xC7, 0xCC, 0xCF, 0xD1, 0xD9, 0xD5, 0xD3, 0xCF, 0xC6, 0xD0, 
	0xD3, 0xA7, 0x6F, 0x5D, 0x58, 0x5A, 0x56, 0x58, 0x53, 0x52, 0x51, 0x51, 0x51, 0x51, 0x52, 0x52, 
	0x50, 0x50, 0x50, 0x51, 0x51, 0x52, 0x52, 0x53, 0x59, 0x57, 0x59, 0x62, 0x6C, 0x73, 0x7E, 0x88, 
	0x8A, 0x92, 0x8C, 0x78, 0x6A, 0x69, 0x60, 0x50, 0x55, 0x55, 0x53, 0x52, 0x50, 0x50, 0x50, 0x50, 
	0x50, 0x50, 0x4F, 0x4F, 0x50, 0x51, 0x51, 0x52, 0x4E, 0x4E, 0x4E, 0x4F, 0x4F, 0x4E, 0x4E, 0x4E, 
	0x51, 0x51, 0x50, 0x4F, 0x4E, 0x4D, 0x4C, 0x4B, 0x4E, 0x52, 0x56, 0x5A, 0x67, 0x8D, 0xB7, 0xCA, 
	0xBE, 0xC4, 0xCA, 0xCE, 0xD5, 0xDA, 0xDB, 0xD8, 0xDA, 0xDC, 0xDB, 0xDA, 0xDA, 0xDA, 0xD7, 0xD2, 
	0xCD, 0xC9, 0xC9, 0xD3, 0xD9, 0xD6, 0xCB, 0xC1, 0xBF, 0xBC, 0xBB, 0xB8, 0xB0, 0xA4, 0x9D, 0x9C, 
	0x95, 0x8E, 0x87, 0x83, 0x7F, 0x7C, 0x7E, 0x82, 0x91, 0x8D, 0xA5, 0xCB, 0xCD, 0xA3, 0x74, 0x61, 
	0x66, 0x5D, 0x58, 0x54, 0x4E, 0x4D, 0x4D, 0x47, 0x4B, 0x4B, 0x4B, 0x4B, 0x4C, 0x4D, 0x4E, 0x4F, 
	0x52, 0x52, 0x54, 0x56, 0x59, 0x5B, 0x5B, 0x5C, 0x61, 0x5E, 0x5B, 0x56, 0x52, 0x50, 0x4F, 0x4E, 
	0x4B, 0x4B, 0x4B, 0x4A, 0x4A, 0x49, 0x48, 0x48, 0x48, 0x48, 0x48, 0x48, 0x48, 0x48, 0x48, 0x48, 
	0x48, 0x48, 0x48, 0x48, 0x48, 0x48, 0x48, 0x48, 0x48, 0x48, 0x48, 0x48, 0x48, 0x47, 0x47, 0x47, 
	0x47, 0x47, 0x47, 0x47, 0x47, 0x47, 0x47, 0x47, 0x46, 0x46, 0x46, 0x46, 0x46, 0x46, 0x46, 0x46, 
	0x74, 0x68, 0x66, 0x68, 0x64, 0x62, 0x61, 0x5B, 0x5C, 0x5F, 0x67, 0x7D, 0x96, 0x9F, 0xA6, 0xB1, 
	0xCA, 0xCB, 0xCC, 0xD2, 0xD0, 0xC1, 0xBB, 0xC7, 0xC7, 0xC9, 0xCC, 0xCB, 0xC1, 0xB4, 0xAE, 0xAE, 
	0xAB, 0xAF, 0xB4, 0xB8, 0xBA, 0xBD, 0xC2, 0xC7, 0xD0, 0xD3, 0xDA, 0xD8, 0xD5, 0xC4, 0xB7, 0xCB, 
	0xB7, 0x8B, 0x70, 0x63, 0x63, 0x61, 0x57, 0x53, 0x55, 0x55, 0x54, 0x53, 0x53, 0x53, 0x53, 0x54, 
	0x52, 0x51, 0x52, 0x52, 0x53, 0x54, 0x54, 0x55, 0x54, 0x5A, 0x5E, 0x5D, 0x63, 0x6F, 0x77, 0x78, 
	0x88, 0x8C, 0x8A, 0x7F, 0x6F, 0x64, 0x5F, 0x5C, 0x57, 0x56, 0x55, 0x54, 0x52, 0x52, 0x51, 0x51, 
	0x50, 0x50, 0x50, 0x51, 0x51, 0x51, 0x52, 0x52, 0x51, 0x51, 0x51, 0x51, 0x51, 0x51, 0x4F, 0x4F, 
	0x50, 0x4F, 0x4F, 0x4E, 0x4E, 0x4F, 0x4F, 0x50, 0x50, 0x52, 0x58, 0x5D, 0x60, 0x6B, 0x8B, 0xAA, 
	0xB0, 0xB7, 0xBE, 0xC5, 0xCF, 0xD6, 0xD6, 0xD1, 0xCF, 0xD2, 0xD2, 0xD1, 0xD1, 0xD0, 0xCB, 0xC4, 
	0xBD, 0xBA, 0xC0, 0xCF, 0xDA, 0xD7, 0xC9, 0xBD, 0xBC, 0xB9, 0xB7, 0xB5, 0xAB, 0x9F, 0x97, 0x97, 
	0x8D, 0x87, 0x82, 0x7C, 0x78, 0x75, 0x77, 0x7B, 0x7F, 0x86, 0x99, 0xB1, 0xBA, 0xAD, 0x8E, 0x75, 
	0x6A, 0x5D, 0x56, 0x52, 0x4E, 0x50, 0x50, 0x49, 0x4D, 0x4D, 0x4E, 0x4E, 0x4F, 0x4F, 0x51, 0x51, 
	0x56, 0x57, 0x5A, 0x5D, 0x61, 0x64, 0x65, 0x66, 0x76, 0x71, 0x68, 0x5F, 0x58, 0x55, 0x53, 0x53, 
	0x4D, 0x4C, 0x4C, 0x4B, 0x4B, 0x4B, 0x4A, 0x49, 0x49, 0x49, 0x49, 0x49, 0x49, 0x49, 0x49, 0x49, 
	0x48, 0x48, 0x48, 0x48, 0x48, 0x48, 0x48, 0x48, 0x4A, 0x4A, 0x4A, 0x49, 0x49, 0x49, 0x49, 0x49, 
	0x48, 0x49, 0x49, 0x49, 0x49, 0x49, 0x49, 0x49, 0x48, 0x48, 0x48, 0x48, 0x48, 0x48, 0x48, 0x48, 
	0x6E, 0x6A, 0x68, 0x67, 0x68, 0x65, 0x62, 0x61, 0x60, 0x61, 0x87, 0xD4, 0xD4, 0xDC, 0xCE, 0xCF, 
	0xDB, 0xDD, 0xD3, 0xDD, 0xE0, 0xD7, 0xD4, 0xC4, 0xC9, 0xC5, 0xCA, 0xD1, 0xCC, 0xB8, 0xAA, 0xA7, 
	0xA7, 0xA9, 0xAA, 0xAD, 0xB1, 0xB7, 0xBC, 0xBE, 0xCA, 0xC7, 0xD4, 0xDA, 0xD6, 0xDF, 0xDC, 0xBE, 
	0x8F, 0x7B, 0x6C, 0x6B, 0x67, 0x5B, 0x57, 0x5C, 0x59, 0x55, 0x54, 0x57, 0x57, 0x54, 0x53, 0x56, 
	0x55, 0x55, 0x54, 0x55, 0x55, 0x56, 0x57, 0x57, 0x5B, 0x5A, 0x5B, 0x5D, 0x60, 0x63, 0x6C, 0x74, 
	0x7C, 0x87, 0x90, 0x8C, 0x7F, 0x70, 0x67, 0x61, 0x5C, 0x58, 0x56, 0x57, 0x58, 0x55, 0x53, 0x55, 
	0x56, 0x57, 0x52, 0x52, 0x57, 0x54, 0x51, 0x56, 0x53, 0x54, 0x53, 0x50, 0x51, 0x54, 0x52, 0x4E, 
	0x55, 0x4F, 0x4D, 0x51, 0x53, 0x51, 0x50, 0x51, 0x51, 0x57, 0x59, 0x5D, 0x63, 0x69, 0x78, 0x8F, 
	0xA0, 0xA9, 0xAF, 0xAD, 0xB0, 0xBB, 0xC3, 0xC4, 0xC4, 0xC3, 0xC4, 0xC9, 0xCB, 0xC8, 0xBF, 0xB7, 
	0xAC, 0xB1, 0xB8, 0xC1, 0xC9, 0xCE, 0xC8, 0xBF, 0xC2, 0xB9, 0xBD, 0xB1, 0x9E, 0x97, 0x8E, 0x8B, 
	0x82, 0x7E, 0x78, 0x74, 0x72, 0x73, 0x77, 0x7A, 0x7F, 0x88, 0x8D, 0x93, 0xA8, 0xB5, 0xA3, 0x81, 
	0x6E, 0x5E, 0x5C, 0x58, 0x55, 0x52, 0x4C, 0x56, 0x50, 0x50, 0x4F, 0x4E, 0x52, 0x57, 0x57, 0x53, 
	0x59, 0x69, 0x5A, 0x64, 0x62, 0x8A, 0x99, 0xB3, 0xC9, 0xC4, 0xC1, 0x95, 0x6F, 0x54, 0x5D, 0x52, 
	0x4F, 0x4C, 0x4C, 0x50, 0x4F, 0x4B, 0x4A, 0x4E, 0x4C, 0x4C, 0x4B, 0x4B, 0x4A, 0x4A, 0x4A, 0x4A, 
	0x4B, 0x4B, 0x4B, 0x4B, 0x4B, 0x4B, 0x4C, 0x4C, 0x4A, 0x4A, 0x4B, 0x4B, 0x4B, 0x4B, 0x4B, 0x4A, 
	0x4A, 0x4A, 0x4A, 0x4A, 0x4A, 0x4A, 0x49, 0x49, 0x4A, 0x4A, 0x4A, 0x4A, 0x4A, 0x4A, 0x4A, 0x4A, 
	0x73, 0x6E, 0x68, 0x67, 0x6C, 0x6E, 0x6B, 0x67, 0x6D, 0x6D, 0x95, 0xCC, 0xD6, 0xD9, 0xDA, 0xDA, 
	0xCE, 0xD8, 0xD5, 0xDD, 0xDE, 0xDA, 0xE1, 0xDA, 0xCF, 0xCB, 0xCE, 0xD5, 0xD0, 0xBB, 0xAA, 0xA6, 
	0x9D, 0x9E, 0xA0, 0xA4, 0xA9, 0xAE, 0xB1, 0xB3, 0xB9, 0xBC, 0xCF, 0xD7, 0xD3, 0xDA, 0xD9, 0xBE, 
	0x80, 0x7E, 0x7D, 0x7B, 0x73, 0x66, 0x5E, 0x5D, 0x5C, 0x58, 0x55, 0x56, 0x56, 0x56, 0x56, 0x56, 
	0x56, 0x56, 0x56, 0x56, 0x56, 0x58, 0x58, 0x59, 0x5A, 0x59, 0x5C, 0x60, 0x62, 0x65, 0x6B, 0x73, 
	0x85, 0x89, 0x8D, 0x8C, 0x88, 0x80, 0x76, 0x6C, 0x61, 0x5C, 0x59, 0x5A, 0x59, 0x56, 0x55, 0x56, 
	0x57, 0x59, 0x56, 0x54, 0x56, 0x53, 0x50, 0x54, 0x55, 0x57, 0x57, 0x54, 0x54, 0x55, 0x54, 0x51, 
	0x57, 0x54, 0x53, 0x53, 0x53, 0x52, 0x54, 0x56, 0x58, 0x5A, 0x58, 0x5F, 0x6C, 0x76, 0x80, 0x90, 
	0x96, 0x9E, 0xA3, 0xA1, 0xA3, 0xAB, 0xB0, 0xAF, 0xB1, 0xB1, 0xB3, 0xB9, 0xBD, 0xBB, 0xB6, 0xAF, 
	0xA1, 0xA5, 0xAA, 0xAF, 0xB5, 0xBB, 0xBD, 0xBA, 0xB3, 0xAA, 0xAC, 0xA1, 0x92, 0x8E, 0x84, 0x82, 
	0x7D, 0x7A, 0x75, 0x71, 0x70, 0x72, 0x75, 0x78, 0x78, 0x80, 0x84, 0x86, 0x92, 0x9A, 0x8D, 0x77, 
	0x73, 0x65, 0x60, 0x57, 0x56, 0x5B, 0x52, 0x53, 0x55, 0x54, 0x54, 0x56, 0x54, 0x54, 0x59, 0x60, 
	0x70, 0x7C, 0x6D, 0x7C, 0x87, 0xB8, 0xC5, 0xD5, 0xCA, 0xCE, 0xD8, 0xBD, 0x90, 0x61, 0x5A, 0x56, 
	0x56, 0x56, 0x50, 0x49, 0x49, 0x4F, 0x51, 0x4F, 0x4D, 0x4D, 0x4C, 0x4B, 0x4B, 0x4B, 0x4C, 0x4C, 
	0x4D, 0x4D, 0x4D, 0x4C, 0x4C, 0x4D, 0x4E, 0x4E, 0x4C, 0x4C, 0x4C, 0x4C, 0x4C, 0x4C, 0x4C, 0x4C, 
	0x4C, 0x4C, 0x4B, 0x4B, 0x4B, 0x4B, 0x4A, 0x4A, 0x4A, 0x4A, 0x4A, 0x4A, 0x4A, 0x4A, 0x4A, 0x4A, 
	0x76, 0x78, 0x74, 0x6D, 0x6B, 0x6E, 0x6F, 0x6D, 0x6A, 0x69, 0x8E, 0xB0, 0xC3, 0xC8, 0xD5, 0xD2, 
	0xCE, 0xD9, 0xD8, 0xDC, 0xDC, 0xDB, 0xE0, 0xDB, 0xD6, 0xD4, 0xD9, 0xE1, 0xDB, 0xC4, 0xAE, 0xA4, 
	0x9D, 0x9C, 0x9B, 0x9E, 0xA1, 0xA4, 0xA6, 0xA7, 0xA0, 0xA8, 0xBD, 0xC9, 0xC7, 0xCD, 0xCB, 0xB7, 
	0x91, 0x8B, 0x89, 0x8A, 0x82, 0x73, 0x69, 0x69, 0x62, 0x60, 0x5C, 0x58, 0x58, 0x5A, 0x5A, 0x57, 
	0x59, 0x58, 0x58, 0x58, 0x59, 0x5A, 0x5B, 0x5B, 0x5B, 0x5C, 0x61, 0x65, 0x67, 0x68, 0x6C, 0x71, 
	0x7E, 0x82, 0x84, 0x82, 0x82, 0x80, 0x7B, 0x74, 0x65, 0x60, 0x5C, 0x5D, 0x5C, 0x58, 0x57, 0x59, 
	0x57, 0x59, 0x5B, 0x5A, 0x59, 0x5A, 0x5A, 0x5B, 0x59, 0x5C, 0x5C, 0x59, 0x56, 0x56, 0x56, 0x54, 
	0x54, 0x55, 0x56, 0x53, 0x51, 0x55, 0x58, 0x5A, 0x59, 0x60, 0x63, 0x66, 0x6F, 0x76, 0x82, 0x92, 
	0x92, 0x99, 0x9C, 0x9A, 0x9A, 0x9D, 0xA0, 0x9E, 0x9A, 0x9A, 0x9C, 0xA1, 0xA6, 0xA7, 0xA4, 0x9F, 
	0x99, 0x9D, 0x9E, 0x9C, 0x9D, 0xA3, 0xA9, 0xAB, 0xA4, 0x98, 0x99, 0x90, 0x86, 0x86, 0x7E, 0x7B, 
	0x75, 0x73, 0x71, 0x6F, 0x6F, 0x71, 0x73, 0x76, 0x75, 0x7C, 0x80, 0x80, 0x82, 0x83, 0x7F, 0x78, 
	0x77, 0x68, 0x63, 0x5E, 0x5E, 0x61, 0x5A, 0x61, 0x66, 0x5E, 0x5A, 0x5A, 0x59, 0x56, 0x5C, 0x65, 
	0xA3, 0xBF, 0xBE, 0xC2, 0xBA, 0xD2, 0xD1, 0xD9, 0xD0, 0xD3, 0xDC, 0xC9, 0xA0, 0x68, 0x5B, 0x60, 
	0x56, 0x57, 0x59, 0x5A, 0x5A, 0x57, 0x51, 0x4B, 0x50, 0x50, 0x4E, 0x4F, 0x4E, 0x4E, 0x4F, 0x4F, 
	0x4F, 0x4F, 0x4F, 0x4F, 0x4F, 0x4F, 0x4F, 0x50, 0x4F, 0x4F, 0x4F, 0x4F, 0x4F, 0x4F, 0x4F, 0x4F, 
	0x4F, 0x4E, 0x4E, 0x4E, 0x4E, 0x4D, 0x4D, 0x4D, 0x4C, 0x4C, 0x4C, 0x4C, 0x4C, 0x4C, 0x4C, 0x4C, 
	0x7E, 0x8D, 0x92, 0x84, 0x75, 0x73, 0x78, 0x7C, 0x70, 0x6C, 0x7B, 0x8B, 0xA0, 0xB6, 0xD1, 0xD4, 
	0xDA, 0xDC, 0xD9, 0xDA, 0xDE, 0xDF, 0xDA, 0xCF, 0xD8, 0xD8, 0xDF, 0xE8, 0xE4, 0xCE, 0xB6, 0xA9, 
	0x9F, 0x99, 0x95, 0x95, 0x99, 0x9B, 0x9F, 0xA3, 0x9F, 0xA6, 0xB8, 0xC5, 0xC8, 0xCC, 0xCB, 0xBC, 
	0xC2, 0xAB, 0x9E, 0x9F, 0x94, 0x77, 0x65, 0x63, 0x64, 0x66, 0x64, 0x5F, 0x5C, 0x5E, 0x5D, 0x59, 
	0x5B, 0x5B, 0x5A, 0x5B, 0x5B, 0x5C, 0x5C, 0x5E, 0x5E, 0x61, 0x66, 0x6B, 0x6C, 0x6B, 0x6D, 0x70, 
	0x6F, 0x78, 0x7B, 0x75, 0x6E, 0x6F, 0x74, 0x76, 0x68, 0x63, 0x5F, 0x5E, 0x5E, 0x5B, 0x5B, 0x5D, 
	0x58, 0x5B, 0x5F, 0x5E, 0x5C, 0x60, 0x62, 0x5D, 0x5C, 0x5D, 0x5E, 0x5D, 0x5A, 0x58, 0x58, 0x58, 
	0x54, 0x57, 0x58, 0x55, 0x55, 0x5B, 0x5E, 0x5D, 0x5D, 0x64, 0x65, 0x68, 0x75, 0x7E, 0x85, 0x8D, 
	0x92, 0x97, 0x99, 0x97, 0x95, 0x96, 0x95, 0x93, 0x8D, 0x8B, 0x89, 0x8B, 0x8E, 0x91, 0x90, 0x8E, 
	0x8E, 0x91, 0x91, 0x8F, 0x8F, 0x93, 0x96, 0x96, 0x94, 0x87, 0x87, 0x80, 0x7B, 0x7E, 0x79, 0x76, 
	0x6E, 0x6D, 0x6D, 0x6E, 0x6E, 0x71, 0x73, 0x74, 0x76, 0x7A, 0x7E, 0x80, 0x7E, 0x7C, 0x7F, 0x83, 
	0x83, 0x70, 0x6F, 0x72, 0x70, 0x68, 0x61, 0x6D, 0x78, 0x6C, 0x60, 0x5E, 0x60, 0x63, 0x63, 0x64, 
	0xAF, 0xD5, 0xE0, 0xE0, 0xD1, 0xD8, 0xCF, 0xD1, 0xD5, 0xD4, 0xD1, 0xBE, 0x9A, 0x70, 0x62, 0x66, 
	0x63, 0x57, 0x52, 0x57, 0x58, 0x51, 0x50, 0x57, 0x55, 0x54, 0x53, 0x52, 0x52, 0x52, 0x52, 0x52, 
	0x51, 0x51, 0x51, 0x50, 0x50, 0x51, 0x50, 0x50, 0x50, 0x50, 0x51, 0x50, 0x51, 0x51, 0x51, 0x51, 
	0x50, 0x50, 0x50, 0x50, 0x50, 0x50, 0x4F, 0x4F, 0x50, 0x50, 0x50, 0x50, 0x50, 0x50, 0x50, 0x50, 
	0x77, 0x87, 0x92, 0x8A, 0x7D, 0x78, 0x7B, 0x7D, 0x75, 0x73, 0x6D, 0x76, 0x88, 0xB2, 0xCF, 0xDB, 
	0xDB, 0xD5, 0xD3, 0xD1, 0xD6, 0xDC, 0xDA, 0xD7, 0xD6, 0xD5, 0xDC, 0xE4, 0xE2, 0xD5, 0xC5, 0xBD, 
	0x9F, 0x95, 0x8D, 0x8B, 0x8E, 0x93, 0x9A, 0xA0, 0xA0, 0xA3, 0xAD, 0xB8, 0xC0, 0xC4, 0xC2, 0xBA, 
	0xC3, 0xB8, 0xAB, 0xA1, 0x95, 0x83, 0x75, 0x6F, 0x67, 0x68, 0x67, 0x64, 0x60, 0x5F, 0x5E, 0x5C, 
	0x5C, 0x5B, 0x5C, 0x5C, 0x5C, 0x5D, 0x5D, 0x5E, 0x62, 0x63, 0x69, 0x6E, 0x6D, 0x6C, 0x6D, 0x70, 
	0x72, 0x78, 0x79, 0x70, 0x6C, 0x6F, 0x74, 0x74, 0x69, 0x64, 0x61, 0x61, 0x61, 0x5E, 0x5D, 0x5F, 
	0x5D, 0x5E, 0x63, 0x61, 0x5E, 0x66, 0x69, 0x5D, 0x61, 0x60, 0x5F, 0x5E, 0x5C, 0x5B, 0x5B, 0x5C, 
	0x5B, 0x5D, 0x5C, 0x5B, 0x5D, 0x61, 0x62, 0x61, 0x71, 0x73, 0x6E, 0x6F, 0x81, 0x8B, 0x8A, 0x88, 
	0x8D, 0x91, 0x93, 0x91, 0x8F, 0x8E, 0x8C, 0x88, 0x85, 0x81, 0x7C, 0x7B, 0x7C, 0x80, 0x83, 0x85, 
	0x81, 0x85, 0x88, 0x88, 0x8A, 0x8B, 0x88, 0x82, 0x81, 0x74, 0x75, 0x71, 0x6E, 0x74, 0x6F, 0x6D, 
	0x6A, 0x6A, 0x6B, 0x6D, 0x6F, 0x70, 0x72, 0x74, 0x75, 0x76, 0x7A, 0x80, 0x7F, 0x7C, 0x81, 0x89, 
	0x92, 0x85, 0x86, 0x87, 0x8B, 0x87, 0x6F, 0x63, 0x73, 0x71, 0x6B, 0x64, 0x64, 0x69, 0x6C, 0x6C, 
	0xB7, 0xD1, 0xD8, 0xD9, 0xD8, 0xE1, 0xD8, 0xD2, 0xD3, 0xD7, 0xD1, 0xB7, 0x8D, 0x74, 0x69, 0x66, 
	0x66, 0x60, 0x5D, 0x60, 0x60, 0x5D, 0x5C, 0x5D, 0x59, 0x58, 0x57, 0x56, 0x54, 0x54, 0x54, 0x54, 
	0x54, 0x53, 0x52, 0x52, 0x51, 0x51, 0x51, 0x52, 0x51, 0x51, 0x51, 0x51, 0x51, 0x51, 0x51, 0x51, 
	0x51, 0x51, 0x51, 0x51, 0x50, 0x50, 0x50, 0x50, 0x51, 0x51, 0x51, 0x51, 0x51, 0x51, 0x51, 0x51, 
	0x6B, 0x72, 0x7B, 0x83, 0x86, 0x82, 0x7C, 0x77, 0x72, 0x7F, 0x84, 0x94, 0xA5, 0xC6, 0xD3, 0xD8, 
	0xD5, 0xCB, 0xCB, 0xC3, 0xC2, 0xC8, 0xCF, 0xE1, 0xDC, 0xDA, 0xDA, 0xDE, 0xDE, 0xDB, 0xD8, 0xD8, 
	0xB2, 0xA2, 0x92, 0x8B, 0x8A, 0x8B, 0x90, 0x97, 0x99, 0x98, 0x9B, 0xA5, 0xAF, 0xB3, 0xB4, 0xB2, 
	0xBC, 0xBF, 0xAE, 0x8B, 0x77, 0x7B, 0x7A, 0x6F, 0x7B, 0x73, 0x6A, 0x66, 0x63, 0x61, 0x5F, 0x5F, 
	0x5D, 0x5D, 0x5D, 0x5E, 0x5E, 0x5F, 0x60, 0x60, 0x63, 0x64, 0x68, 0x6C, 0x6C, 0x6C, 0x6F, 0x74, 
	0x82, 0x82, 0x7E, 0x7B, 0x81, 0x87, 0x80, 0x71, 0x6C, 0x69, 0x66, 0x67, 0x66, 0x62, 0x61, 0x62, 
	0x60, 0x5F, 0x68, 0x69, 0x69, 0x7A, 0x82, 0x71, 0x6A, 0x66, 0x62, 0x62, 0x61, 0x5F, 0x5E, 0x5F, 
	0x61, 0x5E, 0x5D, 0x5F, 0x60, 0x61, 0x65, 0x69, 0x8C, 0x9A, 0x99, 0x8C, 0x85, 0x85, 0x86, 0x8B, 
	0x8A, 0x8B, 0x8B, 0x8B, 0x89, 0x86, 0x83, 0x81, 0x7D, 0x79, 0x74, 0x71, 0x73, 0x77, 0x7C, 0x80, 
	0x8A, 0x8C, 0x8C, 0x89, 0x87, 0x82, 0x7A, 0x71, 0x75, 0x68, 0x6D, 0x6A, 0x67, 0x6D, 0x69, 0x67, 
	0x68, 0x69, 0x69, 0x6B, 0x6D, 0x6F, 0x71, 0x72, 0x76, 0x76, 0x7A, 0x7F, 0x80, 0x80, 0x86, 0x8D, 
	0x92, 0x93, 0x95, 0x93, 0xA9, 0xB9, 0x98, 0x6E, 0x66, 0x6D, 0x74, 0x71, 0x6A, 0x69, 0x70, 0x79, 
	0xB4, 0xCD, 0xD8, 0xD9, 0xD7, 0xD6, 0xD0, 0xCE, 0xCE, 0xD5, 0xCE, 0xAF, 0x78, 0x71, 0x72, 0x6A, 
	0x63, 0x69, 0x6A, 0x62, 0x62, 0x66, 0x64, 0x5E, 0x5E, 0x5D, 0x5C, 0x5A, 0x58, 0x57, 0x56, 0x56, 
	0x56, 0x55, 0x55, 0x55, 0x54, 0x54, 0x54, 0x54, 0x53, 0x53, 0x53, 0x53, 0x53, 0x53, 0x53, 0x53, 
	0x53, 0x53, 0x53, 0x53, 0x52, 0x52, 0x52, 0x52, 0x51, 0x51, 0x51, 0x51, 0x51, 0x51, 0x51, 0x51, 
	0x70, 0x70, 0x79, 0x8C, 0x95, 0x8F, 0x83, 0x7D, 0x77, 0x90, 0xAC, 0xB7, 0xCF, 0xD9, 0xE1, 0xDE, 
	0xD9, 0xC6, 0xC6, 0xC0, 0xBB, 0xBE, 0xC3, 0xDE, 0xE1, 0xE0, 0xE0, 0xE0, 0xDE, 0xDB, 0xDD, 0xDF, 
	0xC7, 0xB3, 0x9E, 0x93, 0x8C, 0x88, 0x8A, 0x8F, 0x98, 0x98, 0x98, 0x9F, 0xA9, 0xAD, 0xB1, 0xB9, 
	0xB8, 0xBD, 0xB7, 0xAD, 0xB5, 0xCB, 0xD7, 0xD5, 0xAC, 0x8F, 0x74, 0x6C, 0x6A, 0x65, 0x61, 0x62, 
	0x60, 0x60, 0x60, 0x60, 0x60, 0x61, 0x62, 0x63, 0x65, 0x65, 0x68, 0x6B, 0x6C, 0x6F, 0x76, 0x7D, 
	0x8F, 0x93, 0x93, 0x95, 0x9E, 0xA2, 0x92, 0x7B, 0x74, 0x70, 0x6E, 0x6F, 0x6D, 0x68, 0x64, 0x63, 
	0x64, 0x62, 0x6B, 0x71, 0x75, 0x8E, 0x99, 0x84, 0x79, 0x6F, 0x68, 0x66, 0x66, 0x64, 0x62, 0x62, 
	0x63, 0x5E, 0x60, 0x64, 0x63, 0x61, 0x6E, 0x7F, 0xA6, 0xB8, 0xB8, 0xA1, 0x8D, 0x85, 0x86, 0x8D, 
	0x88, 0x88, 0x86, 0x86, 0x84, 0x81, 0x7D, 0x7B, 0x76, 0x73, 0x70, 0x6D, 0x6E, 0x71, 0x75, 0x78, 
	0x94, 0x94, 0x8E, 0x84, 0x7A, 0x73, 0x6E, 0x69, 0x6E, 0x64, 0x6B, 0x68, 0x66, 0x6B, 0x66, 0x64, 
	0x67, 0x67, 0x68, 0x69, 0x6B, 0x6D, 0x6E, 0x70, 0x74, 0x77, 0x7A, 0x7D, 0x80, 0x84, 0x8D, 0x94, 
	0x92, 0x93, 0x9C, 0xA1, 0xBB, 0xD2, 0xC1, 0xA8, 0x7B, 0x7B, 0x83, 0x8D, 0x86, 0x75, 0x75, 0x82, 
	0x96, 0xB0, 0xC5, 0xCA, 0xC8, 0xC1, 0xC3, 0xCC, 0xCC, 0xC9, 0xC8, 0xB8, 0x84, 0x8A, 0x8C, 0x76, 
	0x71, 0x6F, 0x71, 0x75, 0x70, 0x69, 0x68, 0x6D, 0x68, 0x66, 0x64, 0x62, 0x5F, 0x5D, 0x5C, 0x5C, 
	0x5A, 0x5A, 0x59, 0x58, 0x57, 0x57, 0x57, 0x57, 0x55, 0x56, 0x56, 0x56, 0x56, 0x56, 0x56, 0x55, 
	0x56, 0x56, 0x56, 0x56, 0x55, 0x55, 0x55, 0x55, 0x54, 0x54, 0x54, 0x54, 0x54, 0x54, 0x54, 0x54, 
	0x6F, 0x6E, 0x79, 0x8C, 0x90, 0x84, 0x7A, 0x79, 0x7A, 0x8F, 0xB1, 0xAB, 0xCC, 0xC9, 0xE0, 0xE2, 
	0xE1, 0xC5, 0xC4, 0xC5, 0xC8, 0xC7, 0xC4, 0xDA, 0xDE, 0xE1, 0xE3, 0xE3, 0xDC, 0xD5, 0xD3, 0xD3, 
	0xC9, 0xB5, 0xA0, 0x96, 0x90, 0x8B, 0x8B, 0x91, 0x8D, 0x90, 0x92, 0x98, 0xA1, 0xA4, 0xAA, 0xB9, 
	0xC2, 0xB5, 0xB6, 0xCD, 0xE1, 0xE3, 0xDB, 0xD6, 0xD7, 0xAC, 0x81, 0x73, 0x72, 0x6B, 0x64, 0x65, 
	0x62, 0x62, 0x62, 0x62, 0x62, 0x63, 0x64, 0x64, 0x67, 0x67, 0x69, 0x6C, 0x70, 0x74, 0x7D, 0x86, 
	0x95, 0xA1, 0xAB, 0xB0, 0xB4, 0xB3, 0xA2, 0x8D, 0x7A, 0x76, 0x74, 0x74, 0x71, 0x6B, 0x66, 0x65, 
	0x6C, 0x66, 0x6E, 0x72, 0x77, 0x91, 0x9B, 0x82, 0x83, 0x76, 0x6C, 0x69, 0x6A, 0x67, 0x64, 0x63, 
	0x64, 0x61, 0x65, 0x6C, 0x69, 0x68, 0x7E, 0x9A, 0xB8, 0xBC, 0xAF, 0x9E, 0x9D, 0x9E, 0x94, 0x89, 
	0x86, 0x84, 0x82, 0x82, 0x7F, 0x7C, 0x77, 0x75, 0x73, 0x70, 0x6E, 0x6C, 0x6C, 0x6E, 0x6F, 0x70, 
	0x8C, 0x8D, 0x86, 0x77, 0x6B, 0x68, 0x6A, 0x6C, 0x67, 0x60, 0x69, 0x67, 0x63, 0x68, 0x63, 0x62, 
	0x66, 0x66, 0x67, 0x67, 0x69, 0x6B, 0x6D, 0x6F, 0x6F, 0x74, 0x78, 0x7A, 0x7C, 0x85, 0x91, 0x99, 
	0x9C, 0x94, 0xA0, 0xAE, 0xC0, 0xCE, 0xD2, 0xDE, 0xA6, 0x93, 0x94, 0xAA, 0xA9, 0x8D, 0x7F, 0x89, 
	0xA2, 0xA9, 0xAF, 0xB3, 0xBE, 0xBF, 0xC3, 0xCB, 0xC9, 0xBE, 0xCA, 0xD5, 0xB1, 0xB9, 0xAA, 0x7C, 
	0x79, 0x7A, 0x9E, 0xC9, 0xC2, 0x90, 0x6F, 0x73, 0x70, 0x6D, 0x6B, 0x68, 0x66, 0x63, 0x62, 0x61, 
	0x5D, 0x5C, 0x5B, 0x5A, 0x5A, 0x59, 0x59, 0x59, 0x57, 0x57, 0x57, 0x57, 0x57, 0x57, 0x57, 0x57, 
	0x57, 0x57, 0x57, 0x57, 0x57, 0x57, 0x57, 0x57, 0x57, 0x57, 0x57, 0x57, 0x57, 0x57, 0x57, 0x57, 
	0x6B, 0x71, 0x79, 0x80, 0x82, 0x81, 0x7F, 0x7E, 0x84, 0x98, 0xAE, 0xB9, 0xC2, 0xD0, 0xDE, 0xE5, 
	0xDE, 0xCF, 0xBB, 0xBE, 0xBB, 0xC8, 0xCF, 0xDD, 0xD9, 0xCC, 0xCB, 0xD9, 0xDC, 0xD0, 0xC3, 0xC3, 
	0xAF, 0xA9, 0xA0, 0x9B, 0x98, 0x95, 0x93, 0x90, 0x91, 0x8E, 0x92, 0x9D, 0xA0, 0xA0, 0xAB, 0xBB, 
	0xBE, 0xB7, 0xB2, 0xBF, 0xD5, 0xE3, 0xD7, 0xC2, 0xD4, 0xD9, 0xAF, 0x72, 0x79, 0x6D, 0x64, 0x6D, 
	0x67, 0x66, 0x65, 0x64, 0x64, 0x65, 0x67, 0x68, 0x63, 0x68, 0x6D, 0x6E, 0x6E, 0x74, 0x7F, 0x8A, 
	0xA1, 0xA9, 0xB6, 0xBC, 0xB3, 0xA2, 0x98, 0x97, 0x86, 0x82, 0x7D, 0x76, 0x71, 0x6D, 0x6A, 0x6A, 
	0x6C, 0x71, 0x75, 0x7B, 0x88, 0x97, 0x9B, 0x97, 0x90, 0x86, 0x7A, 0x72, 0x6C, 0x67, 0x65, 0x66, 
	0x69, 0x63, 0x69, 0x6A, 0x6A, 0x6E, 0x8B, 0xC0, 0xD3, 0xD0, 0xBA, 0xB1, 0xBC, 0xB5, 0x9C, 0x8D, 
	0x88, 0x86, 0x82, 0x80, 0x7D, 0x7A, 0x75, 0x73, 0x70, 0x6D, 0x6B, 0x68, 0x69, 0x68, 0x68, 0x67, 
	0x79, 0x75, 0x6F, 0x69, 0x66, 0x65, 0x67, 0x69, 0x64, 0x63, 0x63, 0x63, 0x61, 0x62, 0x62, 0x63, 
	0x64, 0x65, 0x67, 0x67, 0x69, 0x6B, 0x6E, 0x70, 0x72, 0x74, 0x77, 0x7A, 0x80, 0x88, 0x92, 0x98, 
	0x9B, 0x9B, 0xA3, 0xB1, 0xBB, 0xBD, 0xC2, 0xC9, 0xC3, 0xAA, 0xA5, 0xA3, 0xA5, 0xA9, 0x9C, 0x94, 
	0xA0, 0xA6, 0xB0, 0xB4, 0xB2, 0xB4, 0xC2, 0xD0, 0xCF, 0xD3, 0xD7, 0xD4, 0xCB, 0xC4, 0xB1, 0x94, 
	0x8C, 0xC3, 0xE4, 0xE7, 0xD8, 0xB1, 0xA6, 0xC8, 0x8A, 0x85, 0x6F, 0x6F, 0x74, 0x64, 0x61, 0x69, 
	0x67, 0x5E, 0x5E, 0x60, 0x5C, 0x5D, 0x60, 0x5E, 0x5C, 0x5D, 0x5D, 0x5D, 0x5D, 0x5C, 0x5C, 0x5B, 
	0x5B, 0x5B, 0x5A, 0x5A, 0x59, 0x5A, 0x5A, 0x5A, 0x59, 0x59, 0x59, 0x59, 0x59, 0x59, 0x59, 0x59, 
	0x6A, 0x6E, 0x74, 0x79, 0x7D, 0x81, 0x83, 0x85, 0x8A, 0xAD, 0xC6, 0xC6, 0xC3, 0xCC, 0xD2, 0xCF, 
	0xD1, 0xD4, 0xCD, 0xCC, 0xB8, 0xB8, 0xC1, 0xD6, 0xD4, 0xC7, 0xC8, 0xD7, 0xDC, 0xCE, 0xBB, 0xB2, 
	0xA6, 0xA4, 0xA2, 0x9F, 0x9D, 0x9B, 0x98, 0x95, 0x93, 0x8F, 0x92, 0x9A, 0x9F, 0xA2, 0xB2, 0xC6, 
	0xB4, 0xAF, 0xB1, 0xBE, 0xD4, 0xDF, 0xDB, 0xCE, 0xCE, 0xD5, 0xC1, 0x8C, 0x80, 0x74, 0x72, 0x6D, 
	0x69, 0x68, 0x67, 0x66, 0x66, 0x67, 0x68, 0x69, 0x6C, 0x6E, 0x70, 0x76, 0x7F, 0x8C, 0x9A, 0xA3, 
	0xAC, 0xAC, 0xAF, 0xB0, 0xA7, 0x98, 0x8A, 0x85, 0x84, 0x82, 0x7D, 0x78, 0x74, 0x70, 0x6E, 0x6E, 
	0x70, 0x7A, 0x86, 0x91, 0x9A, 0xA0, 0x9F, 0x9C, 0x99, 0x94, 0x8B, 0x82, 0x79, 0x72, 0x6D, 0x6B, 
	0x6C, 0x69, 0x70, 0x70, 0x6E, 0x72, 0x91, 0xC7, 0xD7, 0xD6, 0xC6, 0xBC, 0xC1, 0xB8, 0xA1, 0x96, 
	0x8A, 0x86, 0x83, 0x7F, 0x7C, 0x79, 0x74, 0x73, 0x6F, 0x6D, 0x6A, 0x68, 0x67, 0x67, 0x67, 0x67, 
	0x70, 0x6E, 0x6B, 0x68, 0x65, 0x64, 0x65, 0x65, 0x64, 0x63, 0x62, 0x62, 0x62, 0x63, 0x63, 0x63, 
	0x62, 0x64, 0x66, 0x67, 0x69, 0x6B, 0x6D, 0x70, 0x73, 0x75, 0x78, 0x7B, 0x80, 0x88, 0x92, 0x98, 
	0x9F, 0x9F, 0xA6, 0xB1, 0xB7, 0xB6, 0xB9, 0xC0, 0xBA, 0xA5, 0xA0, 0x9B, 0xA0, 0xAF, 0xAC, 0xA9, 
	0xA3, 0xA6, 0xAB, 0xB2, 0xB3, 0xB3, 0xB7, 0xBC, 0xC7, 0xCE, 0xD5, 0xD3, 0xCC, 0xCC, 0xC6, 0xB6, 
	0xBC, 0xDE, 0xE4, 0xD7, 0xCA, 0xB3, 0xB3, 0xD4, 0xD8, 0xBB, 0x9B, 0x7B, 0x78, 0x7E, 0x6F, 0x71, 
	0x6C, 0x66, 0x68, 0x6A, 0x63, 0x5F, 0x5D, 0x59, 0x5D, 0x5D, 0x5D, 0x5E, 0x5D, 0x5D, 0x5B, 0x5C, 
	0x5D, 0x5D, 0x5D, 0x5C, 0x5C, 0x5C, 0x5C, 0x5C, 0x5C, 0x5C, 0x5C, 0x5C, 0x5C, 0x5C, 0x5C, 0x5C, 
	0x6D, 0x6F, 0x70, 0x73, 0x77, 0x7E, 0x85, 0x89, 0x8B, 0xB2, 0xD1, 0xD5, 0xCF, 0xCF, 0xD0, 0xCC, 
	0xCF, 0xD7, 0xD5, 0xD1, 0xB5, 0xB1, 0xBB, 0xD3, 0xD0, 0xC2, 0xBE, 0xCB, 0xD2, 0xC3, 0xAE, 0xA2, 
	0x9D, 0xA0, 0xA3, 0xA5, 0xA2, 0x9D, 0x99, 0x96, 0x97, 0x94, 0x94, 0x99, 0x98, 0x9A, 0xA8, 0xBB, 
	0xBC, 0xB8, 0xBD, 0xCB, 0xDB, 0xE2, 0xE0, 0xDC, 0xCE, 0xC6, 0xB3, 0x83, 0x71, 0x71, 0x7C, 0x6E, 
	0x6E, 0x6D, 0x6B, 0x6A, 0x69, 0x6A, 0x6B, 0x6D, 0x6F, 0x6F, 0x73, 0x80, 0x91, 0xA3, 0xAF, 0xB3, 
	0xAB, 0xA8, 0xA7, 0xA8, 0xA6, 0x9A, 0x8C, 0x81, 0x7D, 0x7B, 0x78, 0x76, 0x74, 0x75, 0x76, 0x77, 
	0x76, 0x80, 0x91, 0x9F, 0xA4, 0xA0, 0x9E, 0x9F, 0xA0, 0xA3, 0x9E, 0x92, 0x86, 0x7E, 0x76, 0x6E, 
	0x70, 0x69, 0x6F, 0x70, 0x71, 0x75, 0x8B, 0xB7, 0xC8, 0xCC, 0xC4, 0xBB, 0xB7, 0xAA, 0x97, 0x90, 
	0x8C, 0x88, 0x82, 0x7E, 0x7A, 0x76, 0x73, 0x72, 0x6E, 0x6B, 0x69, 0x68, 0x67, 0x67, 0x67, 0x67, 
	0x68, 0x68, 0x67, 0x67, 0x66, 0x65, 0x64, 0x63, 0x63, 0x63, 0x63, 0x63, 0x63, 0x63, 0x63, 0x63, 
	0x64, 0x66, 0x68, 0x69, 0x6B, 0x6D, 0x6F, 0x71, 0x71, 0x74, 0x76, 0x79, 0x7D, 0x83, 0x8C, 0x92, 
	0x9E, 0xA0, 0xA6, 0xAF, 0xB1, 0xAF, 0xB3, 0xBA, 0xC3, 0xB3, 0xAB, 0x9B, 0x97, 0xA8, 0xAD, 0xAD, 
	0xA8, 0xA6, 0xA8, 0xAE, 0xB2, 0xB1, 0xAE, 0xAC, 0xB5, 0xBD, 0xC8, 0xC6, 0xC1, 0xCA, 0xD1, 0xCC, 
	0xC6, 0xDE, 0xDD, 0xCF, 0xCD, 0xC4, 0xC1, 0xD5, 0xCE, 0xC1, 0xC4, 0x94, 0x77, 0x82, 0x75, 0x7B, 
	0x72, 0x69, 0x68, 0x69, 0x65, 0x65, 0x67, 0x66, 0x60, 0x60, 0x60, 0x60, 0x5F, 0x5F, 0x5E, 0x5E, 
	0x60, 0x60, 0x5F, 0x5E, 0x5E, 0x5E, 0x5F, 0x5F, 0x5E, 0x5E, 0x5E, 0x5E, 0x5E, 0x5E, 0x5E, 0x5E, 
	0x72, 0x72, 0x71, 0x71, 0x74, 0x79, 0x80, 0x85, 0x91, 0xB2, 0xD1, 0xDC, 0xD9, 0xD6, 0xDA, 0xDD, 
	0xD8, 0xD4, 0xC7, 0xC3, 0xB1, 0xB5, 0xBB, 0xCC, 0xCF, 0xBE, 0xB3, 0xB7, 0xBA, 0xB0, 0xA3, 0x9C, 
	0x9B, 0x9F, 0xA4, 0xA5, 0x9F, 0x98, 0x94, 0x91, 0x95, 0x95, 0x98, 0x9A, 0x96, 0x94, 0x9D, 0xAC, 
	0xCC, 0xC8, 0xCA, 0xD6, 0xE0, 0xE2, 0xDF, 0xDB, 0xCE, 0xBB, 0xA5, 0x84, 0x81, 0x7E, 0x7E, 0x6E, 
	0x74, 0x72, 0x70, 0x6F, 0x6E, 0x6E, 0x70, 0x70, 0x6F, 0x71, 0x78, 0x87, 0x9E, 0xAF, 0xB1, 0xAD, 
	0x9F, 0x9E, 0x9F, 0xA2, 0xA5, 0x9E, 0x8F, 0x81, 0x79, 0x78, 0x76, 0x76, 0x79, 0x7E, 0x84, 0x88, 
	0x81, 0x89, 0x96, 0xA1, 0xA0, 0x9A, 0x99, 0xA0, 0xA4, 0xAE, 0xAE, 0x9F, 0x91, 0x89, 0x7F, 0x74, 
	0x74, 0x6B, 0x6E, 0x71, 0x78, 0x7B, 0x81, 0x9E, 0xC1, 0xC8, 0xCA, 0xC3, 0xB7, 0xA6, 0x98, 0x92, 
	0x8C, 0x87, 0x81, 0x7B, 0x77, 0x74, 0x72, 0x70, 0x6C, 0x6A, 0x69, 0x68, 0x67, 0x67, 0x67, 0x67, 
	0x66, 0x66, 0x67, 0x67, 0x67, 0x67, 0x66, 0x65, 0x63, 0x63, 0x63, 0x63, 0x63, 0x64, 0x65, 0x65, 
	0x68, 0x69, 0x6C, 0x6E, 0x6E, 0x6F, 0x72, 0x73, 0x74, 0x75, 0x77, 0x79, 0x7B, 0x80, 0x87, 0x8D, 
	0x97, 0x9A, 0xA2, 0xA9, 0xAB, 0xAD, 0xB5, 0xBF, 0xCF, 0xC6, 0xBD, 0x9F, 0x8B, 0x92, 0x97, 0x99, 
	0xA6, 0xA6, 0xAA, 0xAD, 0xB0, 0xAE, 0xAC, 0xAB, 0xA9, 0xAD, 0xB4, 0xB5, 0xB6, 0xC3, 0xCC, 0xC9, 
	0xC3, 0xDD, 0xE2, 0xDE, 0xE5, 0xE2, 0xDA, 0xDC, 0xD4, 0xD0, 0xE2, 0xD2, 0xC6, 0xCF, 0xBC, 0xAC, 
	0x88, 0x7A, 0x71, 0x6E, 0x69, 0x68, 0x68, 0x63, 0x65, 0x65, 0x64, 0x64, 0x62, 0x62, 0x63, 0x62, 
	0x62, 0x62, 0x61, 0x61, 0x61, 0x61, 0x61, 0x62, 0x61, 0x61, 0x61, 0x61, 0x61, 0x61, 0x61, 0x61, 
	0x75, 0x74, 0x73, 0x73, 0x74, 0x78, 0x7D, 0x81, 0xA0, 0xBE, 0xD4, 0xD5, 0xD4, 0xDE, 0xE5, 0xE3, 
	0xDB, 0xD0, 0xBA, 0xB5, 0xA9, 0xB2, 0xB2, 0xBC, 0xC8, 0xBB, 0xAF, 0xAB, 0xA8, 0xA3, 0x9E, 0x9D, 
	0x9E, 0xA0, 0xA3, 0xA1, 0x9B, 0x95, 0x91, 0x8F, 0x91, 0x93, 0x97, 0x9B, 0x99, 0x9A, 0xA4, 0xB0, 
	0xCA, 0xC5, 0xC6, 0xD1, 0xDC, 0xDE, 0xD6, 0xD0, 0xD3, 0xBE, 0x9E, 0x86, 0x94, 0x85, 0x7C, 0x7C, 
	0x78, 0x76, 0x74, 0x73, 0x72, 0x72, 0x73, 0x73, 0x74, 0x76, 0x7C, 0x88, 0x9C, 0xAC, 0xAC, 0xA5, 
	0xA3, 0xA5, 0xA4, 0xA1, 0xA1, 0x9D, 0x91, 0x84, 0x81, 0x7E, 0x7B, 0x7A, 0x7E, 0x86, 0x8E, 0x95, 
	0x8C, 0x92, 0x9C, 0xA4, 0xA1, 0x99, 0x9A, 0xA1, 0xA9, 0xB4, 0xB5, 0xA7, 0x99, 0x91, 0x88, 0x7F, 
	0x7A, 0x72, 0x75, 0x76, 0x7C, 0x80, 0x88, 0xA4, 0xC0, 0xC6, 0xCD, 0xC9, 0xB7, 0xA4, 0x98, 0x92, 
	0x8A, 0x85, 0x7F, 0x79, 0x75, 0x72, 0x70, 0x6F, 0x6D, 0x6B, 0x69, 0x69, 0x69, 0x69, 0x67, 0x67, 
	0x68, 0x67, 0x67, 0x66, 0x66, 0x66, 0x67, 0x67, 0x64, 0x64, 0x64, 0x64, 0x65, 0x66, 0x67, 0x68, 
	0x6C, 0x6D, 0x6E, 0x70, 0x71, 0x73, 0x74, 0x77, 0x7B, 0x7C, 0x7E, 0x7D, 0x7E, 0x81, 0x86, 0x8A, 
	0x91, 0x95, 0x9C, 0xA3, 0xA7, 0xAD, 0xB8, 0xC2, 0xC8, 0xC7, 0xC5, 0xA4, 0x84, 0x81, 0x83, 0x87, 
	0x92, 0x9E, 0xAB, 0xB0, 0xAF, 0xAC, 0xAC, 0xAC, 0xAA, 0xA7, 0xAA, 0xB0, 0xB8, 0xC5, 0xC9, 0xBF, 
	0xC8, 0xDB, 0xDF, 0xDA, 0xE0, 0xE3, 0xDD, 0xDC, 0xD1, 0xD5, 0xE1, 0xE7, 0xE2, 0xE1, 0xDF, 0xCE, 
	0x8E, 0x80, 0x78, 0x78, 0x76, 0x75, 0x71, 0x68, 0x6A, 0x69, 0x68, 0x67, 0x66, 0x65, 0x65, 0x65, 
	0x64, 0x64, 0x63, 0x62, 0x62, 0x62, 0x63, 0x63, 0x62, 0x62, 0x62, 0x62, 0x62, 0x62, 0x62, 0x62, 
	0x74, 0x75, 0x74, 0x75, 0x77, 0x7A, 0x7E, 0x81, 0xA0, 0xC2, 0xCE, 0xC0, 0xC0, 0xDA, 0xE4, 0xD8, 
	0xD3, 0xCF, 0xBD, 0xB8, 0xA7, 0xAA, 0xA7, 0xAD, 0xB9, 0xB5, 0xB0, 0xAB, 0xA5, 0xA0, 0x9D, 0x9C, 
	0x9E, 0x9E, 0x9F, 0x9C, 0x98, 0x95, 0x94, 0x93, 0x94, 0x93, 0x95, 0x98, 0x99, 0x9D, 0xA8, 0xB3, 
	0xB9, 0xB7, 0xB7, 0xC1, 0xD1, 0xDB, 0xD6, 0xCD, 0xCA, 0xC3, 0xB3, 0xA5, 0xB2, 0x99, 0x85, 0x85, 
	0x7C, 0x7B, 0x79, 0x77, 0x75, 0x75, 0x76, 0x76, 0x78, 0x7B, 0x7D, 0x82, 0x8F, 0x9E, 0xA2, 0xA0, 
	0x9E, 0xA0, 0x9D, 0x96, 0x95, 0x96, 0x8F, 0x83, 0x85, 0x82, 0x7D, 0x7B, 0x7D, 0x83, 0x8B, 0x90, 
	0x8E, 0x94, 0x9E, 0xA4, 0xA6, 0xA1, 0xA0, 0xA1, 0xA9, 0xB0, 0xAF, 0xA4, 0x97, 0x8F, 0x89, 0x83, 
	0x7B, 0x7B, 0x80, 0x7B, 0x7A, 0x82, 0x94, 0xB8, 0xBB, 0xBA, 0xBF, 0xBE, 0xAB, 0x9B, 0x92, 0x8B, 
	0x87, 0x83, 0x7D, 0x78, 0x75, 0x73, 0x71, 0x70, 0x6E, 0x6D, 0x6C, 0x6B, 0x6B, 0x6B, 0x69, 0x67, 
	0x69, 0x68, 0x66, 0x64, 0x64, 0x64, 0x66, 0x67, 0x65, 0x66, 0x66, 0x66, 0x67, 0x68, 0x69, 0x6A, 
	0x6D, 0x6F, 0x70, 0x72, 0x74, 0x77, 0x7C, 0x7E, 0x84, 0x84, 0x84, 0x81, 0x80, 0x80, 0x83, 0x87, 
	0x8E, 0x93, 0x9A, 0xA0, 0xA5, 0xAD, 0xB5, 0xBD, 0xBE, 0xBF, 0xC2, 0xA8, 0x87, 0x7E, 0x7A, 0x7E, 
	0x7D, 0x8E, 0xA2, 0xAB, 0xAB, 0xA9, 0xA9, 0xA9, 0xAB, 0xA5, 0xA7, 0xB0, 0xBB, 0xC9, 0xCA, 0xBE, 
	0xC0, 0xCD, 0xCE, 0xC9, 0xCB, 0xCF, 0xD0, 0xCF, 0xCE, 0xD9, 0xE0, 0xE9, 0xE1, 0xD6, 0xE0, 0xDD, 
	0xA5, 0x92, 0x84, 0x7D, 0x77, 0x78, 0x7A, 0x78, 0x6F, 0x6E, 0x6C, 0x6A, 0x68, 0x67, 0x67, 0x67, 
	0x67, 0x66, 0x66, 0x65, 0x65, 0x65, 0x65, 0x66, 0x65, 0x65, 0x65, 0x65, 0x65, 0x65, 0x65, 0x65, 
	0x75, 0x76, 0x77, 0x78, 0x79, 0x7B, 0x7E, 0x80, 0x91, 0xA9, 0xB4, 0xAB, 0xAA, 0xBC, 0xC7, 0xC4, 
	0xC3, 0xC5, 0xBA, 0xB7, 0xA6, 0xA7, 0xA1, 0xA5, 0xAB, 0xAC, 0xAD, 0xAA, 0xA5, 0xA0, 0x9C, 0x9A, 
	0x9A, 0x99, 0x98, 0x97, 0x96, 0x96, 0x95, 0x93, 0x96, 0x94, 0x95, 0x97, 0x99, 0x9D, 0xA5, 0xAB, 
	0xAD, 0xB0, 0xB1, 0xB6, 0xC8, 0xDA, 0xDE, 0xD5, 0xBD, 0xC4, 0xD7, 0xDD, 0xE4, 0xCB, 0xA9, 0x84, 
	0x84, 0x82, 0x80, 0x7E, 0x7C, 0x7C, 0x7C, 0x7D, 0x7E, 0x85, 0x87, 0x85, 0x88, 0x93, 0x9A, 0x9A, 
	0x94, 0x99, 0x99, 0x96, 0x9A, 0xA0, 0x98, 0x89, 0x86, 0x83, 0x81, 0x7E, 0x7E, 0x81, 0x85, 0x87, 
	0x8D, 0x93, 0x9B, 0xA2, 0xA8, 0xAC, 0xAD, 0xA9, 0xAA, 0xA9, 0xA5, 0x9B, 0x91, 0x89, 0x86, 0x85, 
	0x81, 0x81, 0x85, 0x7D, 0x7D, 0x86, 0x94, 0xB3, 0xB5, 0xAA, 0xAD, 0xAC, 0x9E, 0x96, 0x94, 0x8C, 
	0x86, 0x82, 0x7D, 0x79, 0x76, 0x75, 0x73, 0x72, 0x71, 0x6F, 0x6F, 0x6E, 0x6D, 0x6D, 0x6A, 0x68, 
	0x69, 0x67, 0x67, 0x66, 0x65, 0x65, 0x66, 0x67, 0x67, 0x67, 0x67, 0x67, 0x69, 0x6A, 0x6C, 0x6D, 
	0x6F, 0x71, 0x73, 0x75, 0x7A, 0x7F, 0x85, 0x89, 0x8F, 0x8F, 0x8D, 0x8A, 0x86, 0x84, 0x85, 0x88, 
	0x8D, 0x92, 0x99, 0x9F, 0xA4, 0xAA, 0xAE, 0xB1, 0xB0, 0xAB, 0xB1, 0xA0, 0x87, 0x7F, 0x78, 0x7A, 
	0x77, 0x82, 0x8F, 0x98, 0x9F, 0xA5, 0xA8, 0xA6, 0xA9, 0xA4, 0xA7, 0xAF, 0xB7, 0xC4, 0xC9, 0xC3, 
	0xC6, 0xCF, 0xD3, 0xD2, 0xD4, 0xD6, 0xD6, 0xD5, 0xDB, 0xD4, 0xD1, 0xD6, 0xE6, 0xE9, 0xD9, 0xD2, 
	0xD5, 0xC4, 0xB2, 0x9C, 0x84, 0x78, 0x78, 0x78, 0x77, 0x75, 0x72, 0x6F, 0x6D, 0x6B, 0x6B, 0x6B, 
	0x69, 0x69, 0x68, 0x68, 0x68, 0x68, 0x68, 0x68, 0x68, 0x68, 0x68, 0x68, 0x68, 0x68, 0x68, 0x68, 
	0x79, 0x79, 0x7A, 0x79, 0x79, 0x7B, 0x7D, 0x80, 0x88, 0x8C, 0x98, 0xA1, 0x9D, 0x97, 0x9F, 0xB1, 
	0xB2, 0xB2, 0xAA, 0xAB, 0xA2, 0xA7, 0xA0, 0xA0, 0xA3, 0xA6, 0xA8, 0xA5, 0xA3, 0xA0, 0x9C, 0x98, 
	0x97, 0x95, 0x92, 0x92, 0x94, 0x94, 0x92, 0x8F, 0x92, 0x93, 0x97, 0x9D, 0xA1, 0xA3, 0xA6, 0xA8, 
	0xAA, 0xB0, 0xAF, 0xB0, 0xC1, 0xD9, 0xE1, 0xDC, 0xCE, 0xC2, 0xD2, 0xD7, 0xDE, 0xDF, 0xCF, 0x97, 
	0x8B, 0x89, 0x87, 0x84, 0x82, 0x82, 0x82, 0x83, 0x85, 0x91, 0x97, 0x91, 0x8E, 0x93, 0x98, 0x99, 
	0xAB, 0xB4, 0xB9, 0xBC, 0xC4, 0xC8, 0xBA, 0xA5, 0x87, 0x87, 0x86, 0x85, 0x85, 0x86, 0x87, 0x87, 
	0x92, 0x97, 0x9A, 0x9F, 0xAA, 0xB7, 0xBB, 0xB6, 0xAE, 0xA8, 0xA0, 0x99, 0x8F, 0x88, 0x86, 0x89, 
	0x8E, 0x88, 0x87, 0x81, 0x87, 0x8E, 0x8E, 0x9F, 0xA6, 0x95, 0x93, 0x96, 0x8D, 0x8D, 0x91, 0x8A, 
	0x85, 0x82, 0x7D, 0x7A, 0x78, 0x76, 0x75, 0x73, 0x73, 0x71, 0x70, 0x6F, 0x6E, 0x6D, 0x6B, 0x69, 
	0x66, 0x67, 0x68, 0x68, 0x68, 0x68, 0x68, 0x67, 0x68, 0x67, 0x67, 0x68, 0x6A, 0x6C, 0x6D, 0x6D, 
	0x72, 0x74, 0x76, 0x79, 0x7F, 0x86, 0x8F, 0x93, 0x9C, 0x9C, 0x99, 0x94, 0x8F, 0x8B, 0x8D, 0x8D, 
	0x89, 0x8F, 0x98, 0xA0, 0xA6, 0xAA, 0xAA, 0xA8, 0x9B, 0x91, 0x97, 0x90, 0x82, 0x7E, 0x77, 0x78, 
	0x7D, 0x7E, 0x7E, 0x84, 0x92, 0xA3, 0xAA, 0xA9, 0xA7, 0xA5, 0xAB, 0xAE, 0xB1, 0xBD, 0xC9, 0xCA, 
	0xD7, 0xD9, 0xDB, 0xDB, 0xDA, 0xDC, 0xDE, 0xDF, 0xDB, 0xD5, 0xDD, 0xCC, 0xD8, 0xE6, 0xD0, 0xDF, 
	0xDC, 0xD8, 0xD6, 0xC9, 0xAB, 0x93, 0x8B, 0x87, 0x7D, 0x7B, 0x78, 0x74, 0x71, 0x6F, 0x6F, 0x6F, 
	0x6C, 0x6B, 0x6A, 0x6A, 0x6A, 0x6A, 0x6A, 0x6A, 0x6A, 0x6A, 0x6A, 0x6A, 0x6A, 0x6A, 0x6A, 0x6A, 
	0x7B, 0x7A, 0x7B, 0x7B, 0x7C, 0x7D, 0x7E, 0x7E, 0x89, 0x8C, 0x8F, 0x91, 0x92, 0x96, 0x9D, 0xA3, 
	0xA9, 0xAB, 0xAB, 0xA8, 0xA3, 0x9F, 0x9C, 0x9B, 0x9C, 0x9E, 0xA0, 0xA1, 0x9F, 0x9B, 0x97, 0x95, 
	0x92, 0x91, 0x91, 0x90, 0x8F, 0x8F, 0x8F, 0x90, 0x93, 0x93, 0x93, 0x96, 0x9B, 0x9F, 0xA1, 0xA1, 
	0xA4, 0xA6, 0xA9, 0xAF, 0xBF, 0xD2, 0xD9, 0xD6, 0xD6, 0xD0, 0xC7, 0xC5, 0xD3, 0xDA, 0xC5, 0xA4, 
	0x9E, 0x99, 0x8F, 0x87, 0x88, 0x8E, 0x90, 0x8B, 0x92, 0x9E, 0xAB, 0xAE, 0xA6, 0xA0, 0xA6, 0xB1, 
	0xC4, 0xCE, 0xD4, 0xD6, 0xDC, 0xE0, 0xD7, 0xC7, 0xA1, 0x8F, 0x83, 0x87, 0x8E, 0x8D, 0x8B, 0x8A, 
	0x90, 0x8B, 0x91, 0xA0, 0xA8, 0xAB, 0xB3, 0xBF, 0xB9, 0xB2, 0xA8, 0x9E, 0x95, 0x8E, 0x88, 0x85, 
	0x8E, 0x8B, 0x89, 0x92, 0x8A, 0x91, 0xA9, 0x98, 0x96, 0x92, 0x8E, 0x8E, 0x8D, 0x8B, 0x89, 0x89, 
	0x86, 0x83, 0x80, 0x7C, 0x7A, 0x79, 0x79, 0x79, 0x74, 0x74, 0x72, 0x70, 0x6F, 0x6D, 0x6C, 0x6C, 
	0x6A, 0x6A, 0x69, 0x68, 0x68, 0x69, 0x6A, 0x6C, 0x6A, 0x6B, 0x6C, 0x6E, 0x6F, 0x70, 0x70, 0x70, 
	0x75, 0x76, 0x79, 0x7F, 0x8B, 0x98, 0x9E, 0x9D, 0xA3, 0xA5, 0x9E, 0xA4, 0x9A, 0x9F, 0x95, 0x97, 
	0x94, 0x92, 0x95, 0x95, 0xA1, 0xA9, 0xA1, 0xA7, 0x9F, 0x9B, 0x90, 0x89, 0x87, 0x7F, 0x79, 0x7B, 
	0x7B, 0x80, 0x84, 0x80, 0x8E, 0xA1, 0xA2, 0xA9, 0xA6, 0xA4, 0xA4, 0xA9, 0xB0, 0xBB, 0xCD, 0xDA, 
	0xDC, 0xDE, 0xDE, 0xDC, 0xDB, 0xDE, 0xDE, 0xDC, 0xDC, 0xD7, 0xDC, 0xC8, 0xE2, 0xD6, 0xDD, 0xD5, 
	0xDE, 0xD9, 0xDC, 0xE0, 0xDE, 0xDC, 0xD6, 0xCA, 0x8C, 0x82, 0x7B, 0x80, 0x74, 0x6C, 0x78, 0x74, 
	0x70, 0x70, 0x6E, 0x6E, 0x6E, 0x6E, 0x6C, 0x6B, 0x6D, 0x6D, 0x6D, 0x6D, 0x6D, 0x6D, 0x6D, 0x6D, 
	0x7D, 0x7D, 0x7D, 0x7D, 0x7E, 0x7F, 0x80, 0x80, 0x85, 0x88, 0x8C, 0x8D, 0x8F, 0x94, 0x99, 0x9F, 
	0xA4, 0xA5, 0xA5, 0xA3, 0x9E, 0x9A, 0x98, 0x98, 0x97, 0x98, 0x99, 0x9A, 0x99, 0x97, 0x94, 0x92, 
	0x8F, 0x8F, 0x8E, 0x8D, 0x8C, 0x8C, 0x8D, 0x8D, 0x93, 0x92, 0x92, 0x94, 0x98, 0x9C, 0x9E, 0x9E, 
	0xA2, 0xA6, 0xA8, 0xAC, 0xB9, 0xCB, 0xD0, 0xCE, 0xCA, 0xCC, 0xC8, 0xC2, 0xC6, 0xCD, 0xC8, 0xBC, 
	0xB3, 0xC3, 0xC7, 0xB5, 0x99, 0x8C, 0x8D, 0x91, 0x9C, 0xA7, 0xB2, 0xB7, 0xB5, 0xB4, 0xB8, 0xBE, 
	0xCC, 0xCD, 0xCE, 0xD0, 0xDA, 0xE1, 0xDB, 0xD0, 0xDC, 0xCE, 0xB2, 0x94, 0x87, 0x89, 0x8D, 0x8D, 
	0x98, 0x93, 0x92, 0x9A, 0xA0, 0xA4, 0xA9, 0xB0, 0xB6, 0xB6, 0xB3, 0xAC, 0xA1, 0x97, 0x8F, 0x8B, 
	0x8D, 0x8D, 0x99, 0xB7, 0xC1, 0xC9, 0xCF, 0xB2, 0x9A, 0x92, 0x8B, 0x89, 0x88, 0x86, 0x83, 0x82, 
	0x85, 0x83, 0x81, 0x7D, 0x7B, 0x7A, 0x79, 0x79, 0x76, 0x75, 0x74, 0x72, 0x70, 0x6F, 0x6E, 0x6E, 
	0x6D, 0x6C, 0x6B, 0x6B, 0x6A, 0x6B, 0x6C, 0x6C, 0x6B, 0x6C, 0x6E, 0x70, 0x72, 0x73, 0x73, 0x73, 
	0x73, 0x78, 0x7E, 0x88, 0x96, 0xA4, 0xAB, 0xAA, 0xB1, 0xB9, 0xB7, 0xBE, 0xB0, 0xB0, 0xA4, 0xA3, 
	0x97, 0x98, 0x9C, 0x97, 0x9D, 0xA7, 0xB2, 0xCD, 0xB1, 0xA2, 0x98, 0x95, 0x8D, 0x80, 0x7C, 0x80, 
	0x7C, 0x79, 0x7F, 0x86, 0x96, 0x9F, 0x9D, 0xAA, 0xA3, 0xA2, 0xA4, 0xA6, 0xAB, 0xB6, 0xC9, 0xDA, 
	0xDA, 0xDD, 0xDE, 0xDD, 0xDD, 0xDF, 0xDE, 0xDB, 0xDB, 0xD9, 0xDB, 0xCD, 0xDF, 0xD7, 0xDC, 0xD7, 
	0xD9, 0xD6, 0xDB, 0xDE, 0xDF, 0xE4, 0xE3, 0xD9, 0x9F, 0x8F, 0x7E, 0x82, 0x7F, 0x79, 0x77, 0x6B, 
	0x74, 0x72, 0x71, 0x70, 0x70, 0x6F, 0x6F, 0x6D, 0x6F, 0x6E, 0x6E, 0x6F, 0x6F, 0x6F, 0x6E, 0x6E, 
	0x81, 0x81, 0x81, 0x81, 0x80, 0x81, 0x82, 0x83, 0x83, 0x86, 0x88, 0x8A, 0x8D, 0x90, 0x96, 0x9A, 
	0x9C, 0x9D, 0x9D, 0x9B, 0x98, 0x95, 0x93, 0x93, 0x90, 0x91, 0x91, 0x93, 0x91, 0x91, 0x8F, 0x8E, 
	0x8C, 0x8B, 0x8B, 0x8A, 0x8A, 0x8A, 0x8A, 0x8A, 0x90, 0x8F, 0x90, 0x93, 0x97, 0x9A, 0x9C, 0x9D, 
	0x9C, 0xA0, 0xA3, 0xA7, 0xB3, 0xC4, 0xCE, 0xD0, 0xCF, 0xCE, 0xC9, 0xC2, 0xBF, 0xC4, 0xCB, 0xD0, 
	0xD0, 0xDA, 0xDD, 0xD0, 0xBC, 0xAD, 0xA4, 0x9E, 0xA7, 0xB2, 0xBD, 0xBF, 0xC3, 0xC7, 0xC7, 0xC5, 
	0xC7, 0xC1, 0xBE, 0xC6, 0xD6, 0xE1, 0xE2, 0xDF, 0xDD, 0xDF, 0xCD, 0xA6, 0x91, 0x95, 0x9B, 0x98, 
	0x9A, 0x96, 0x92, 0x92, 0x96, 0x9B, 0x9F, 0xA2, 0xAC, 0xB3, 0xB9, 0xB8, 0xAF, 0xA4, 0x9B, 0x97, 
	0x94, 0x94, 0xA2, 0xC1, 0xD3, 0xDE, 0xE1, 0xCA, 0xA7, 0x9A, 0x8C, 0x88, 0x88, 0x88, 0x84, 0x82, 
	0x83, 0x82, 0x81, 0x80, 0x7E, 0x7C, 0x7B, 0x7A, 0x7A, 0x78, 0x75, 0x73, 0x71, 0x70, 0x71, 0x71, 
	0x70, 0x70, 0x6F, 0x6F, 0x6E, 0x6E, 0x6F, 0x6E, 0x6F, 0x70, 0x72, 0x75, 0x76, 0x78, 0x79, 0x79, 
	0x77, 0x7C, 0x84, 0x8E, 0x9D, 0xAB, 0xB1, 0xB2, 0xB7, 0xC5, 0xCE, 0xD8, 0xCF, 0xCA, 0xC0, 0xC0, 
	0xAA, 0xAC, 0xB2, 0xA8, 0xA1, 0xA5, 0xB8, 0xDD, 0xE0, 0xCF, 0xC1, 0xAF, 0x92, 0x82, 0x80, 0x7A, 
	0x7D, 0x7A, 0x7F, 0x84, 0x99, 0xA7, 0xA0, 0xA5, 0xA0, 0xA0, 0xA1, 0xA4, 0xA8, 0xB2, 0xC5, 0xD5, 
	0xD7, 0xDB, 0xDD, 0xDD, 0xDF, 0xE1, 0xDE, 0xDA, 0xDD, 0xDF, 0xDA, 0xD4, 0xDB, 0xDB, 0xDB, 0xDD, 
	0xD4, 0xD5, 0xD8, 0xD9, 0xDD, 0xE7, 0xE7, 0xDC, 0xCC, 0xB9, 0x93, 0x86, 0x86, 0x82, 0x81, 0x7A, 
	0x78, 0x76, 0x75, 0x73, 0x73, 0x73, 0x71, 0x70, 0x71, 0x71, 0x71, 0x71, 0x71, 0x71, 0x71, 0x71, 
	0x84, 0x83, 0x83, 0x83, 0x83, 0x84, 0x85, 0x86, 0x85, 0x86, 0x88, 0x89, 0x8B, 0x8D, 0x92, 0x95, 
	0x95, 0x95, 0x95, 0x93, 0x91, 0x90, 0x8E, 0x8D, 0x8B, 0x8B, 0x8B, 0x8B, 0x8B, 0x8B, 0x8B, 0x8B, 
	0x89, 0x89, 0x89, 0x89, 0x8A, 0x8B, 0x8C, 0x8C, 0x8E, 0x8E, 0x90, 0x93, 0x97, 0x9A, 0x9D, 0x9F, 
	0x9F, 0xA1, 0xA2, 0xA4, 0xB0, 0xC2, 0xD2, 0xDA, 0xE1, 0xD8, 0xCD, 0xC7, 0xC5, 0xC6, 0xCB, 0xCF, 
	0xDA, 0xD6, 0xCF, 0xCC, 0xD1, 0xD2, 0xC6, 0xB6, 0xAF, 0xBC, 0xC6, 0xC7, 0xCA, 0xCF, 0xCC, 0xC4, 
	0xC1, 0xB9, 0xB8, 0xC2, 0xCF, 0xD6, 0xDA, 0xDF, 0xD3, 0xE0, 0xDA, 0xBA, 0xA0, 0x9C, 0x9A, 0x93, 
	0x9C, 0x9C, 0x98, 0x93, 0x93, 0x96, 0x9A, 0x9A, 0xA1, 0xA9, 0xB2, 0xB7, 0xB4, 0xAE, 0xA8, 0xA6, 
	0x9F, 0x9F, 0xAA, 0xBA, 0xC1, 0xCA, 0xD2, 0xCC, 0xB0, 0xA0, 0x90, 0x8A, 0x8B, 0x8A, 0x87, 0x84, 
	0x82, 0x82, 0x82, 0x81, 0x80, 0x7E, 0x7C, 0x7B, 0x7A, 0x79, 0x76, 0x73, 0x72, 0x71, 0x72, 0x73, 
	0x73, 0x73, 0x73, 0x72, 0x72, 0x72, 0x71, 0x71, 0x75, 0x75, 0x76, 0x78, 0x7A, 0x7C, 0x7F, 0x80, 
	0x80, 0x84, 0x89, 0x90, 0x9B, 0xA6, 0xAC, 0xAC, 0xB4, 0xC4, 0xD5, 0xE0, 0xDD, 0xD9, 0xD5, 0xD7, 
	0xC4, 0xC6, 0xCE, 0xC7, 0xBC, 0xB4, 0xB9, 0xD8, 0xE4, 0xDF, 0xD9, 0xBB, 0x90, 0x88, 0x8B, 0x7E, 
	0x7E, 0x84, 0x84, 0x7E, 0x98, 0xB8, 0xAC, 0x9D, 0x9D, 0x9C, 0x9E, 0xA3, 0xAA, 0xB2, 0xC1, 0xCD, 
	0xD1, 0xD5, 0xD7, 0xDA, 0xDE, 0xE0, 0xDE, 0xD9, 0xDE, 0xE2, 0xD6, 0xD4, 0xD1, 0xDB, 0xD8, 0xDF, 
	0xCB, 0xCA, 0xCC, 0xCD, 0xD5, 0xE5, 0xE6, 0xD9, 0xDC, 0xD5, 0xAE, 0x93, 0x8C, 0x83, 0x81, 0x80, 
	0x7C, 0x7B, 0x78, 0x76, 0x75, 0x76, 0x75, 0x73, 0x74, 0x74, 0x73, 0x73, 0x74, 0x74, 0x74, 0x74, 
	0x87, 0x86, 0x86, 0x86, 0x86, 0x86, 0x87, 0x87, 0x87, 0x89, 0x88, 0x89, 0x8A, 0x8C, 0x8E, 0x90, 
	0x91, 0x90, 0x8F, 0x8F, 0x8E, 0x8E, 0x8C, 0x8B, 0x89, 0x89, 0x89, 0x89, 0x89, 0x89, 0x8A, 0x8A, 
	0x87, 0x88, 0x88, 0x8A, 0x8B, 0x8D, 0x8F, 0x90, 0x92, 0x92, 0x93, 0x96, 0x98, 0x9A, 0x9D, 0x9E, 
	0xA5, 0xA5, 0xA3, 0xA4, 0xAD, 0xBF, 0xD1, 0xDC, 0xE5, 0xDE, 0xD5, 0xCF, 0xCA, 0xC4, 0xC5, 0xC9, 
	0xD2, 0xCF, 0xC9, 0xC6, 0xCD, 0xD6, 0xD3, 0xC9, 0xB7, 0xC5, 0xD0, 0xD1, 0xD3, 0xD6, 0xD1, 0xC8, 
	0xC6, 0xC1, 0xC2, 0xC9, 0xCC, 0xCA, 0xCC, 0xD2, 0xDE, 0xE2, 0xDC, 0xC7, 0xB0, 0xA5, 0xA0, 0x9C, 
	0xA2, 0xA6, 0xA5, 0x9C, 0x96, 0x96, 0x98, 0x99, 0x9D, 0xA0, 0xA6, 0xAC, 0xAF, 0xAF, 0xAD, 0xAB, 
	0xA7, 0xA8, 0xB2, 0xB8, 0xB7, 0xB9, 0xBA, 0xBB, 0xAC, 0x9E, 0x90, 0x8B, 0x8A, 0x88, 0x86, 0x84, 
	0x82, 0x82, 0x82, 0x82, 0x81, 0x7F, 0x7D, 0x7C, 0x7A, 0x79, 0x76, 0x73, 0x71, 0x71, 0x72, 0x73, 
	0x73, 0x73, 0x75, 0x75, 0x76, 0x76, 0x75, 0x75, 0x7B, 0x7A, 0x7B, 0x7C, 0x7E, 0x81, 0x82, 0x84, 
	0x87, 0x89, 0x8C, 0x8F, 0x98, 0xA3, 0xAA, 0xAC, 0xB4, 0xC1, 0xD2, 0xDA, 0xDC, 0xDA, 0xDD, 0xDF, 
	0xD7, 0xD6, 0xDD, 0xDD, 0xDD, 0xD5, 0xC9, 0xD6, 0xDC, 0xDA, 0xE1, 0xD1, 0xA3, 0x8D, 0x8E, 0x86, 
	0x82, 0x87, 0x87, 0x86, 0xA4, 0xC2, 0xAE, 0x97, 0x9C, 0x9A, 0x9C, 0xA4, 0xAD, 0xB5, 0xBE, 0xC4, 
	0xC7, 0xCA, 0xCD, 0xD1, 0xD8, 0xDE, 0xDD, 0xDA, 0xDC, 0xE1, 0xD1, 0xD1, 0xC9, 0xD6, 0xD2, 0xDC, 
	0xC4, 0xBD, 0xB9, 0xBB, 0xC8, 0xDE, 0xE7, 0xDE, 0xD6, 0xE0, 0xCD, 0xBE, 0xB9, 0xA7, 0x93, 0x81, 
	0x81, 0x7E, 0x7A, 0x79, 0x78, 0x77, 0x76, 0x75, 0x75, 0x75, 0x75, 0x75, 0x75, 0x75, 0x75, 0x75, 
	0x89, 0x89, 0x88, 0x88, 0x88, 0x88, 0x89, 0x89, 0x8A, 0x8A, 0x8B, 0x8B, 0x8C, 0x8D, 0x8F, 0x8F, 
	0x91, 0x8F, 0x8E, 0x8E, 0x8E, 0x8E, 0x8C, 0x8B, 0x8A, 0x8A, 0x8A, 0x89, 0x89, 0x88, 0x88, 0x88, 
	0x87, 0x87, 0x88, 0x8A, 0x8C, 0x8E, 0x91, 0x92, 0x95, 0x96, 0x97, 0x97, 0x97, 0x98, 0x99, 0x9B, 
	0x9E, 0x9E, 0x9F, 0xA4, 0xAE, 0xBE, 0xCE, 0xD8, 0xD7, 0xDB, 0xDC, 0xD4, 0xC7, 0xBE, 0xC3, 0xCB, 
	0xCB, 0xCB, 0xC8, 0xC5, 0xCC, 0xD5, 0xD5, 0xCE, 0xC5, 0xCE, 0xD6, 0xDB, 0xDE, 0xE0, 0xDD, 0xD5, 
	0xCB, 0xCB, 0xCE, 0xD1, 0xCF, 0xCA, 0xCA, 0xCE, 0xDB, 0xDB, 0xD8, 0xCE, 0xC1, 0xB5, 0xAD, 0xAB, 
	0xA3, 0xA4, 0xA5, 0xA1, 0x9C, 0x9A, 0x9D, 0xA1, 0xA2, 0xA1, 0xA1, 0xA3, 0xA7, 0xAB, 0xAC, 0xAB, 
	0xAE, 0xA5, 0xA8, 0xA9, 0xAE, 0xB2, 0xAB, 0xAD, 0xA4, 0x9D, 0x95, 0x91, 0x8D, 0x88, 0x86, 0x86, 
	0x82, 0x82, 0x83, 0x82, 0x81, 0x7F, 0x7D, 0x7C, 0x7A, 0x79, 0x76, 0x74, 0x72, 0x71, 0x71, 0x72, 
	0x74, 0x75, 0x75, 0x77, 0x79, 0x7A, 0x7C, 0x7D, 0x80, 0x81, 0x83, 0x85, 0x86, 0x86, 0x86, 0x86, 
	0x88, 0x8C, 0x8E, 0x91, 0x99, 0xA5, 0xAE, 0xB2, 0xB5, 0xBD, 0xCD, 0xD3, 0xDF, 0xE0, 0xE7, 0xE9, 
	0xE0, 0xDD, 0xE1, 0xE1, 0xE7, 0xE4, 0xD4, 0xD6, 0xD5, 0xCC, 0xD9, 0xDF, 0xBF, 0x97, 0x89, 0x89, 
	0x8B, 0x85, 0x89, 0x97, 0xB2, 0xBC, 0xA3, 0x98, 0x9B, 0x9A, 0x9D, 0xA5, 0xAE, 0xB4, 0xBC, 0xC2, 
	0xC3, 0xC3, 0xC3, 0xC6, 0xCD, 0xD5, 0xD7, 0xD5, 0xD7, 0xDB, 0xCC, 0xCC, 0xC8, 0xD4, 0xCF, 0xD6, 
	0xC8, 0xBB, 0xB2, 0xB2, 0xB9, 0xCF, 0xDF, 0xDF, 0xD9, 0xE4, 0xDC, 0xDC, 0xE2, 0xD6, 0xB8, 0x91, 
	0x85, 0x82, 0x7E, 0x7B, 0x7B, 0x7A, 0x79, 0x79, 0x77, 0x77, 0x77, 0x77, 0x77, 0x77, 0x77, 0x77, 
	0x8D, 0x8D, 0x8C, 0x8C, 0x8B, 0x8C, 0x8B, 0x8C, 0x8E, 0x8E, 0x8F, 0x90, 0x92, 0x93, 0x94, 0x94, 
	0x93, 0x91, 0x8E, 0x8E, 0x8F, 0x8F, 0x8D, 0x8C, 0x8C, 0x8C, 0x8C, 0x8B, 0x8A, 0x88, 0x87, 0x87, 
	0x87, 0x87, 0x87, 0x89, 0x8B, 0x8C, 0x8E, 0x8F, 0x92, 0x93, 0x95, 0x95, 0x94, 0x95, 0x98, 0x9A, 
	0xA2, 0xA5, 0xAB, 0xB4, 0xBD, 0xC6, 0xCC, 0xD0, 0xC9, 0xD5, 0xDC, 0xD4, 0xC5, 0xC0, 0xC8, 0xD1, 
	0xD1, 0xCF, 0xCB, 0xC8, 0xCE, 0xD7, 0xD5, 0xCE, 0xD4, 0xD3, 0xD5, 0xDA, 0xE2, 0xE5, 0xE2, 0xDD, 
	0xCF, 0xCF, 0xD0, 0xD1, 0xD0, 0xCE, 0xCD, 0xCE, 0xDA, 0xDB, 0xD9, 0xD4, 0xCC, 0xC2, 0xBA, 0xB3, 
	0xB2, 0xAB, 0xA7, 0xA8, 0xA7, 0xA3, 0xA4, 0xA8, 0xA7, 0xA7, 0xA6, 0xA5, 0xA6, 0xA8, 0xAB, 0xAD, 
	0xB1, 0xA4, 0xA2, 0x9D, 0xA4, 0xAA, 0x9F, 0xA6, 0x9E, 0x9E, 0x9D, 0x9B, 0x92, 0x8A, 0x87, 0x8A, 
	0x83, 0x83, 0x82, 0x81, 0x80, 0x7E, 0x7D, 0x7C, 0x7A, 0x79, 0x77, 0x75, 0x73, 0x73, 0x72, 0x72, 
	0x75, 0x75, 0x76, 0x79, 0x7C, 0x80, 0x83, 0x85, 0x88, 0x8C, 0x91, 0x94, 0x95, 0x92, 0x8D, 0x88, 
	0x8A, 0x8E, 0x91, 0x94, 0x9A, 0xA5, 0xAC, 0xB0, 0xB3, 0xB7, 0xC7, 0xCE, 0xE1, 0xE3, 0xEA, 0xE7, 
	0xE4, 0xE3, 0xE5, 0xDD, 0xE2, 0xE4, 0xD8, 0xD9, 0xC7, 0xBE, 0xC2, 0xD0, 0xCC, 0xB4, 0x9E, 0x93, 
	0x94, 0x8C, 0x90, 0x99, 0xAA, 0xAD, 0x9B, 0x9B, 0x99, 0x9B, 0xA0, 0xA5, 0xAA, 0xAF, 0xBA, 0xC4, 
	0xCB, 0xC7, 0xC0, 0xBD, 0xC0, 0xC6, 0xC7, 0xC4, 0xC8, 0xCB, 0xC2, 0xC3, 0xC5, 0xCD, 0xC8, 0xCA, 
	0xC6, 0xBC, 0xB8, 0xB8, 0xB6, 0xBF, 0xD1, 0xD9, 0xDB, 0xDB, 0xD4, 0xD8, 0xE2, 0xE1, 0xC8, 0x95, 
	0x89, 0x85, 0x81, 0x7F, 0x7D, 0x7D, 0x7D, 0x7B, 0x7A, 0x7A, 0x7A, 0x7A, 0x79, 0x79, 0x79, 0x79, 
	0x8F, 0x8E, 0x8E, 0x8D, 0x8D, 0x8D, 0x8D, 0x8E, 0x93, 0x92, 0x93, 0x95, 0x98, 0x9A, 0x9B, 0x9A, 
	0x94, 0x93, 0x90, 0x8F, 0x91, 0x91, 0x8F, 0x8D, 0x8D, 0x8C, 0x8C, 0x8C, 0x8A, 0x88, 0x87, 0x85, 
	0x86, 0x86, 0x87, 0x87, 0x88, 0x8A, 0x8B, 0x8C, 0x8D, 0x8E, 0x91, 0x93, 0x93, 0x95, 0x99, 0x9C, 
	0xBA, 0xBD, 0xC6, 0xCF, 0xD3, 0xD1, 0xCB, 0xC8, 0xC8, 0xD4, 0xD9, 0xD1, 0xC8, 0xC9, 0xD0, 0xD4, 
	0xD6, 0xDC, 0xDA, 0xCF, 0xC8, 0xCB, 0xD2, 0xD6, 0xDD, 0xD3, 0xCE, 0xD6, 0xE1, 0xE4, 0xE0, 0xDC, 
	0xD4, 0xD3, 0xCF, 0xCC, 0xCC, 0xCC, 0xCA, 0xC6, 0xD7, 0xD9, 0xD8, 0xD1, 0xD2, 0xD9, 0xDC, 0xD9, 
	0xD0, 0xC0, 0xB4, 0xB4, 0xB2, 0xAA, 0xA6, 0xA9, 0xA9, 0xAC, 0xAD, 0xAC, 0xA8, 0xA9, 0xAC, 0xB1, 
	0xAF, 0xA8, 0xAE, 0xA7, 0xA9, 0xA6, 0x95, 0x9F, 0x98, 0x9C, 0xA0, 0x9E, 0x93, 0x88, 0x86, 0x89, 
	0x84, 0x83, 0x82, 0x81, 0x7F, 0x7E, 0x7C, 0x7B, 0x7A, 0x7A, 0x78, 0x76, 0x75, 0x74, 0x72, 0x72, 
	0x75, 0x75, 0x77, 0x7A, 0x7F, 0x84, 0x88, 0x8B, 0x8E, 0x94, 0x9D, 0xA2, 0xA2, 0x9B, 0x93, 0x8C, 
	0x8C, 0x90, 0x93, 0x95, 0x98, 0xA0, 0xA4, 0xA5, 0xB3, 0xB3, 0xC1, 0xC7, 0xDC, 0xD9, 0xDC, 0xD4, 
	0xE1, 0xE8, 0xEA, 0xE0, 0xE0, 0xE5, 0xE0, 0xE5, 0xE4, 0xE1, 0xD1, 0xCB, 0xD7, 0xD5, 0xB7, 0x98, 
	0x98, 0x99, 0x98, 0x8D, 0x97, 0xA4, 0x9D, 0x9E, 0x99, 0x9D, 0xA2, 0xA4, 0xA5, 0xAA, 0xB9, 0xC9, 
	0xD6, 0xCF, 0xC2, 0xB8, 0xB6, 0xB8, 0xB7, 0xB4, 0xB4, 0xB7, 0xB4, 0xB4, 0xBE, 0xC1, 0xBB, 0xB9, 
	0xB8, 0xB5, 0xBC, 0xC1, 0xBA, 0xBB, 0xCA, 0xD8, 0xDC, 0xDD, 0xD7, 0xDA, 0xDD, 0xDF, 0xCA, 0x95, 
	0x8C, 0x88, 0x84, 0x82, 0x7F, 0x7F, 0x7F, 0x7E, 0x7B, 0x7B, 0x7B, 0x7B, 0x7B, 0x7B, 0x7B, 0x7B, 
	0x91, 0x93, 0x93, 0x94, 0x94, 0x93, 0x93, 0x91, 0x93, 0x95, 0x98, 0x9A, 0x9E, 0xA0, 0xA1, 0xA2, 
	0xA0, 0x9C, 0x96, 0x8F, 0x8B, 0x89, 0x89, 0x8A, 0x8B, 0x8C, 0x8C, 0x8D, 0x8D, 0x8B, 0x89, 0x86, 
	0x87, 0x87, 0x86, 0x87, 0x88, 0x8A, 0x8B, 0x8C, 0x8D, 0x8C, 0x8A, 0x91, 0x97, 0x91, 0x94, 0xA2, 
	0xD3, 0xCE, 0xCC, 0xCE, 0xCD, 0xC8, 0xC5, 0xC5, 0xCB, 0xCF, 0xD4, 0xD6, 0xD7, 0xD5, 0xD2, 0xD1, 
	0xDC, 0xD9, 0xD5, 0xCF, 0xCA, 0xC9, 0xCD, 0xD0, 0xD4, 0xD5, 0xD4, 0xD1, 0xD1, 0xD5, 0xD7, 0xD8, 
	0xD4, 0xCD, 0xC9, 0xCA, 0xCB, 0xCA, 0xCA, 0xCA, 0xCB, 0xD0, 0xD6, 0xD8, 0xDC, 0xE2, 0xE3, 0xE0, 
	0xDC, 0xC6, 0xB2, 0xAD, 0xB2, 0xB5, 0xB0, 0xAC, 0xAB, 0xAE, 0xAF, 0xAE, 0xAE, 0xAF, 0xAE, 0xAB, 
	0xAD, 0xAB, 0xA7, 0xA3, 0xA1, 0x9F, 0x9C, 0x9A, 0x98, 0x97, 0x96, 0x93, 0x91, 0x8D, 0x89, 0x87, 
	0x87, 0x85, 0x83, 0x81, 0x80, 0x7E, 0x7B, 0x79, 0x79, 0x78, 0x76, 0x74, 0x74, 0x74, 0x74, 0x74, 
	0x77, 0x78, 0x7A, 0x7B, 0x81, 0x87, 0x8F, 0x95, 0x97, 0x98, 0x9E, 0xA7, 0xB0, 0xAD, 0xA3, 0x98, 
	0x94, 0x94, 0x94, 0x94, 0x98, 0x9F, 0xA7, 0xAB, 0xB0, 0xBC, 0xC8, 0xCE, 0xD4, 0xD9, 0xD6, 0xCF, 
	0xD5, 0xDF, 0xE5, 0xE1, 0xDE, 0xE0, 0xE0, 0xDD, 0xD1, 0xD3, 0xCF, 0xCA, 0xD4, 0xDC, 0xD1, 0xBB, 
	0xA7, 0xAE, 0xAA, 0x9B, 0x98, 0xA3, 0xA6, 0xA0, 0x9E, 0x9E, 0xA3, 0xA6, 0xA3, 0xA7, 0xBC, 0xD2, 
	0xD8, 0xD1, 0xC2, 0xB5, 0xB0, 0xB2, 0xB3, 0xB0, 0xAF, 0xAE, 0xAE, 0xAF, 0xB2, 0xB4, 0xB5, 0xB5, 
	0xB4, 0xB7, 0xBA, 0xBB, 0xB9, 0xB7, 0xB7, 0xB7, 0xCA, 0xDC, 0xE1, 0xD5, 0xD5, 0xDB, 0xCB, 0xAC, 
	0x94, 0x90, 0x87, 0x84, 0x88, 0x86, 0x7D, 0x7B, 0x7E, 0x7F, 0x7E, 0x7E, 0x7D, 0x7E, 0x7E, 0x7F, 
	0x93, 0x94, 0x96, 0x97, 0x97, 0x96, 0x95, 0x94, 0x96, 0x97, 0x9A, 0x9C, 0x9E, 0xA1, 0xA2, 0xA3, 
	0xA5, 0xA2, 0x9D, 0x99, 0x92, 0x8D, 0x88, 0x86, 0x8A, 0x8A, 0x8B, 0x8C, 0x8D, 0x8C, 0x8A, 0x87, 
	0x86, 0x87, 0x87, 0x87, 0x88, 0x89, 0x8A, 0x8B, 0x8B, 0x8B, 0x8B, 0x90, 0x94, 0x92, 0x9C, 0xB0, 
	0xD0, 0xCB, 0xC9, 0xCC, 0xCC, 0xC9, 0xC6, 0xC6, 0xC7, 0xCA, 0xCE, 0xD0, 0xD1, 0xD0, 0xD0, 0xD1, 
	0xD9, 0xD6, 0xD2, 0xCB, 0xC7, 0xC7, 0xC9, 0xCD, 0xD3, 0xD4, 0xD2, 0xCD, 0xCA, 0xCB, 0xCB, 0xCA, 
	0xCB, 0xC6, 0xC3, 0xC7, 0xCA, 0xCA, 0xC8, 0xC9, 0xC9, 0xCE, 0xD2, 0xD6, 0xDC, 0xE3, 0xE4, 0xE3, 
	0xE0, 0xCD, 0xB8, 0xB3, 0xB6, 0xB8, 0xB6, 0xB3, 0xB3, 0xB2, 0xAF, 0xAA, 0xA9, 0xAD, 0xB0, 0xB0, 
	0xAC, 0xAB, 0xA9, 0xA6, 0xA2, 0x9D, 0x99, 0x97, 0x93, 0x92, 0x91, 0x90, 0x8D, 0x8B, 0x89, 0x88, 
	0x86, 0x84, 0x82, 0x81, 0x80, 0x7E, 0x7C, 0x7A, 0x79, 0x78, 0x76, 0x75, 0x75, 0x75, 0x76, 0x76, 
	0x77, 0x78, 0x7A, 0x7C, 0x82, 0x89, 0x91, 0x96, 0x96, 0x97, 0x9A, 0xA3, 0xAA, 0xAC, 0xA8, 0xA3, 
	0xA2, 0xA2, 0xA1, 0xA0, 0xA2, 0xA6, 0xAB, 0xAD, 0xAF, 0xBC, 0xCA, 0xD4, 0xD6, 0xD4, 0xCE, 0xC8, 
	0xD5, 0xE0, 0xE5, 0xE1, 0xDC, 0xDD, 0xDD, 0xDB, 0xCF, 0xCD, 0xCA, 0xC8, 0xCA, 0xCE, 0xD1, 0xD2, 
	0xB6, 0xBB, 0xBA, 0xB3, 0xB3, 0xB8, 0xB6, 0xAD, 0xA7, 0xA7, 0xAA, 0xAC, 0xA9, 0xAB, 0xBB, 0xCD, 
	0xD1, 0xCE, 0xC7, 0xC0, 0xBC, 0xBA, 0xB3, 0xAB, 0xAC, 0xAE, 0xB0, 0xB1, 0xB2, 0xB2, 0xB2, 0xB2, 
	0xB2, 0xB2, 0xB4, 0xB9, 0xBD, 0xBF, 0xB9, 0xB5, 0xBD, 0xCA, 0xD6, 0xDC, 0xDF, 0xDC, 0xCF, 0xBD, 
	0x95, 0x8F, 0x89, 0x87, 0x84, 0x82, 0x83, 0x85, 0x81, 0x80, 0x80, 0x80, 0x80, 0x80, 0x80, 0x80, 
	0x96, 0x97, 0x98, 0x99, 0x99, 0x99, 0x99, 0x98, 0x99, 0x9A, 0x9C, 0x9E, 0x9F, 0xA0, 0xA1, 0xA2, 
	0xA5, 0xA5, 0xA5, 0xA1, 0x9A, 0x92, 0x89, 0x84, 0x88, 0x87, 0x88, 0x8A, 0x8C, 0x8C, 0x8A, 0x88, 
	0x87, 0x86, 0x87, 0x87, 0x88, 0x88, 0x89, 0x89, 0x89, 0x8C, 0x8C, 0x8E, 0x91, 0x93, 0xA5, 0xC0, 
	0xCF, 0xCD, 0xCB, 0xCC, 0xCB, 0xC8, 0xC6, 0xC6, 0xC1, 0xC3, 0xC5, 0xC6, 0xC7, 0xC7, 0xC8, 0xC9, 
	0xCE, 0xCC, 0xC8, 0xC4, 0xC2, 0xC4, 0xC7, 0xCA, 0xD1, 0xD2, 0xD0, 0xC9, 0xC5, 0xC4, 0xC2, 0xBF, 
	0xC0, 0xBE, 0xBD, 0xC3, 0xC7, 0xC7, 0xC7, 0xC9, 0xC7, 0xCA, 0xCC, 0xCF, 0xD6, 0xDD, 0xDD, 0xDB, 
	0xD6, 0xC8, 0xB8, 0xB3, 0xB6, 0xB9, 0xBA, 0xBB, 0xB9, 0xB8, 0xB1, 0xAA, 0xA7, 0xAA, 0xAC, 0xAC, 
	0xA8, 0xAB, 0xAB, 0xA8, 0xA1, 0x9A, 0x95, 0x93, 0x8D, 0x8D, 0x8C, 0x8B, 0x8B, 0x8A, 0x89, 0x88, 
	0x86, 0x84, 0x82, 0x81, 0x81, 0x81, 0x7F, 0x7D, 0x7B, 0x7A, 0x7A, 0x79, 0x79, 0x7A, 0x7A, 0x7A, 
	0x7B, 0x7B, 0x7D, 0x7F, 0x83, 0x8A, 0x91, 0x96, 0x94, 0x94, 0x97, 0x9C, 0xA3, 0xA9, 0xAD, 0xAF, 
	0xAB, 0xAA, 0xAB, 0xAB, 0xAA, 0xA9, 0xA9, 0xAB, 0xAE, 0xB8, 0xCA, 0xD5, 0xD6, 0xCD, 0xC5, 0xC2, 
	0xD3, 0xDF, 0xE5, 0xE2, 0xDD, 0xDD, 0xDF, 0xDE, 0xD5, 0xC9, 0xC4, 0xC9, 0xCA, 0xC8, 0xCF, 0xDB, 
	0xCB, 0xCB, 0xCC, 0xCE, 0xD0, 0xCE, 0xC3, 0xB6, 0xB2, 0xB0, 0xB0, 0xB2, 0xB0, 0xB0, 0xB8, 0xC4, 
	0xC8, 0xCA, 0xCD, 0xD1, 0xD6, 0xD4, 0xC8, 0xBB, 0xB3, 0xB4, 0xB6, 0xB5, 0xB3, 0xB2, 0xB0, 0xAF, 
	0xB2, 0xB0, 0xB0, 0xBB, 0xC9, 0xCD, 0xC5, 0xBC, 0xB9, 0xB9, 0xC7, 0xDA, 0xDF, 0xD5, 0xD0, 0xD2, 
	0xAF, 0x98, 0x90, 0x8F, 0x86, 0x83, 0x89, 0x88, 0x84, 0x84, 0x83, 0x82, 0x82, 0x82, 0x83, 0x83, 
	0x97, 0x98, 0x98, 0x9A, 0x9A, 0x9A, 0x99, 0x99, 0x9A, 0x9B, 0x9C, 0x9D, 0x9E, 0x9F, 0x9F, 0x9F, 
	0x9E, 0xA0, 0xA2, 0xA1, 0x9C, 0x94, 0x8B, 0x85, 0x85, 0x86, 0x86, 0x87, 0x89, 0x8A, 0x89, 0x88, 
	0x87, 0x86, 0x86, 0x87, 0x87, 0x88, 0x88, 0x88, 0x8A, 0x8C, 0x8C, 0x8C, 0x91, 0x95, 0xA7, 0xC1, 
	0xCB, 0xC9, 0xC7, 0xC6, 0xC3, 0xC1, 0xBE, 0xBC, 0xBA, 0xBC, 0xBD, 0xBE, 0xBE, 0xBD, 0xBD, 0xBD, 
	0xBE, 0xBD, 0xBD, 0xBC, 0xBE, 0xC2, 0xC8, 0xCC, 0xCE, 0xD0, 0xCF, 0xCA, 0xC4, 0xC2, 0xBF, 0xBC, 
	0xB9, 0xB6, 0xB6, 0xBB, 0xBF, 0xC1, 0xC3, 0xC5, 0xC5, 0xC5, 0xC5, 0xC6, 0xCA, 0xCF, 0xD0, 0xCC, 
	0xC7, 0xBF, 0xB6, 0xB1, 0xB2, 0xB4, 0xB6, 0xB7, 0xBD, 0xBC, 0xB7, 0xAE, 0xA9, 0xA8, 0xA6, 0xA3, 
	0xA6, 0xA9, 0xAA, 0xA6, 0x9D, 0x95, 0x91, 0x90, 0x8D, 0x8C, 0x8B, 0x8A, 0x8A, 0x8A, 0x8A, 0x8B, 
	0x86, 0x86, 0x84, 0x84, 0x84, 0x83, 0x82, 0x80, 0x7F, 0x7F, 0x7E, 0x7D, 0x7D, 0x7D, 0x7E, 0x7F, 
	0x7F, 0x80, 0x80, 0x82, 0x85, 0x89, 0x8F, 0x93, 0x92, 0x92, 0x95, 0x97, 0x9B, 0xA3, 0xAB, 0xB1, 
	0xAB, 0xAC, 0xAE, 0xB1, 0xAF, 0xAB, 0xAC, 0xAD, 0xB1, 0xB7, 0xC3, 0xD1, 0xD3, 0xC9, 0xC1, 0xC2, 
	0xCA, 0xD5, 0xDE, 0xDD, 0xDA, 0xDB, 0xDE, 0xE1, 0xDD, 0xCB, 0xC3, 0xCC, 0xD3, 0xCF, 0xCA, 0xCA, 
	0xCC, 0xC8, 0xC8, 0xCF, 0xD5, 0xD1, 0xC4, 0xBA, 0xB8, 0xB4, 0xB2, 0xB2, 0xB2, 0xB3, 0xB9, 0xC0, 
	0xC6, 0xCB, 0xD3, 0xDD, 0xE6, 0xE8, 0xE0, 0xD5, 0xC8, 0xC3, 0xBC, 0xB7, 0xB5, 0xB2, 0xAF, 0xAD, 
	0xB1, 0xAD, 0xAE, 0xBB, 0xCA, 0xD2, 0xCE, 0xC5, 0xC0, 0xB7, 0xBB, 0xCA, 0xCE, 0xC7, 0xCD, 0xDA, 
	0xC8, 0xA1, 0x91, 0x93, 0x8B, 0x8C, 0x8F, 0x84, 0x86, 0x87, 0x86, 0x85, 0x85, 0x85, 0x85, 0x85, 
	0x99, 0x99, 0x9A, 0x9A, 0x9A, 0x9A, 0x9A, 0x9A, 0x9A, 0x9A, 0x9B, 0x9C, 0x9C, 0x9C, 0x9B, 0x9B, 
	0x99, 0x9B, 0x9D, 0x9C, 0x99, 0x93, 0x8D, 0x89, 0x87, 0x85, 0x85, 0x86, 0x87, 0x88, 0x88, 0x87, 
	0x87, 0x87, 0x86, 0x86, 0x87, 0x87, 0x88, 0x89, 0x8B, 0x8D, 0x8B, 0x8C, 0x92, 0x95, 0xA1, 0xB4, 
	0xBA, 0xBB, 0xBA, 0xB8, 0xB5, 0xB2, 0xB0, 0xB0, 0xB0, 0xB4, 0xB7, 0xB9, 0xB9, 0xB8, 0xB7, 0xB7, 
	0xB9, 0xB9, 0xB9, 0xBC, 0xC1, 0xC6, 0xCB, 0xCE, 0xCB, 0xCE, 0xCD, 0xC7, 0xC2, 0xBF, 0xBC, 0xB9, 
	0xB3, 0xAF, 0xAD, 0xAF, 0xB2, 0xB4, 0xB9, 0xBD, 0xBF, 0xC1, 0xC0, 0xC0, 0xC2, 0xC7, 0xC6, 0xC3, 
	0xC2, 0xBF, 0xBB, 0xB6, 0xB5, 0xB6, 0xB7, 0xB7, 0xC1, 0xC0, 0xBA, 0xB1, 0xAC, 0xAB, 0xA9, 0xA6, 
	0xA6, 0xA8, 0xA6, 0xA1, 0x97, 0x91, 0x8E, 0x8F, 0x8D, 0x8C, 0x8A, 0x88, 0x88, 0x89, 0x8A, 0x8B, 
	0x86, 0x86, 0x84, 0x84, 0x84, 0x84, 0x82, 0x80, 0x81, 0x81, 0x80, 0x7E, 0x7E, 0x7E, 0x7E, 0x7F, 
	0x7F, 0x80, 0x80, 0x81, 0x84, 0x88, 0x8E, 0x91, 0x90, 0x92, 0x94, 0x95, 0x97, 0x9C, 0xA5, 0xAB, 
	0xAA, 0xAB, 0xB0, 0xB5, 0xB5, 0xB3, 0xB5, 0xBA, 0xC0, 0xBF, 0xC4, 0xCE, 0xD0, 0xC9, 0xC3, 0xC3, 
	0xC0, 0xCB, 0xD3, 0xD4, 0xD2, 0xD2, 0xD6, 0xDA, 0xDC, 0xD2, 0xCB, 0xCF, 0xD6, 0xD4, 0xC9, 0xBD, 
	0xC1, 0xB9, 0xB7, 0xC0, 0xC9, 0xC7, 0xC0, 0xBB, 0xB7, 0xB2, 0xAF, 0xB0, 0xB3, 0xB7, 0xBC, 0xC0, 
	0xCD, 0xCF, 0xD4, 0xDC, 0xE5, 0xE9, 0xE7, 0xE0, 0xDB, 0xCF, 0xC1, 0xB7, 0xB4, 0xB2, 0xAF, 0xAB, 
	0xAC, 0xA9, 0xAA, 0xB1, 0xBE, 0xC4, 0xC4, 0xC2, 0xC4, 0xBC, 0xB8, 0xBA, 0xBB, 0xBC, 0xC8, 0xD6, 
	0xC9, 0xA4, 0x95, 0x95, 0x8D, 0x8F, 0x93, 0x87, 0x89, 0x89, 0x89, 0x87, 0x86, 0x87, 0x87, 0x87, 
	0x9C, 0x9C, 0x9C, 0x9C, 0x9C, 0x9C, 0x9C, 0x9C, 0x9B, 0x9B, 0x9C, 0x9C, 0x9C, 0x9B, 0x9B, 0x9A, 
	0x9A, 0x9B, 0x9A, 0x99, 0x96, 0x92, 0x8D, 0x8B, 0x8B, 0x89, 0x86, 0x86, 0x86, 0x88, 0x88, 0x87, 
	0x87, 0x87, 0x87, 0x87, 0x88, 0x89, 0x8A, 0x8A, 0x8D, 0x8D, 0x8A, 0x8C, 0x93, 0x93, 0x97, 0xA3, 
	0xA8, 0xAB, 0xAD, 0xAA, 0xA9, 0xAA, 0xAA, 0xA8, 0xA6, 0xAA, 0xAF, 0xB3, 0xB5, 0xB6, 0xB5, 0xB5, 
	0xBB, 0xBB, 0xBC, 0xBF, 0xC4, 0xC8, 0xC9, 0xCA, 0xC7, 0xC9, 0xC7, 0xC0, 0xB9, 0xB5, 0xB1, 0xAD, 
	0xA9, 0xA5, 0xA1, 0xA2, 0xA3, 0xA4, 0xA9, 0xAE, 0xB4, 0xB7, 0xBA, 0xBB, 0xBD, 0xC1, 0xC2, 0xC0, 
	0xBC, 0xBD, 0xBD, 0xBD, 0xBF, 0xC4, 0xC6, 0xC5, 0xC7, 0xC4, 0xBB, 0xB0, 0xAC, 0xAF, 0xB1, 0xB0, 
	0xA6, 0xA6, 0xA2, 0x9B, 0x95, 0x8F, 0x8E, 0x8F, 0x8C, 0x8B, 0x89, 0x87, 0x86, 0x88, 0x8A, 0x8C, 
	0x87, 0x86, 0x84, 0x83, 0x83, 0x82, 0x80, 0x7F, 0x7F, 0x7F, 0x7E, 0x7D, 0x7D, 0x7D, 0x7E, 0x7F, 
	0x7C, 0x7E, 0x7F, 0x80, 0x83, 0x87, 0x8C, 0x8F, 0x8D, 0x91, 0x94, 0x95, 0x95, 0x99, 0x9E, 0xA3, 
	0xA5, 0xA7, 0xAC, 0xB4, 0xB6, 0xB8, 0xBE, 0xC7, 0xD1, 0xD0, 0xD0, 0xD1, 0xCE, 0xC9, 0xC4, 0xC3, 
	0xC1, 0xC7, 0xCC, 0xCD, 0xCB, 0xCB, 0xCC, 0xCF, 0xD4, 0xD8, 0xD6, 0xD1, 0xD0, 0xD2, 0xCF, 0xC9, 
	0xC6, 0xBE, 0xB9, 0xB9, 0xBC, 0xBB, 0xB6, 0xB4, 0xB3, 0xAF, 0xAB, 0xAD, 0xB2, 0xB8, 0xBD, 0xC0, 
	0xCA, 0xCB, 0xCD, 0xD0, 0xD8, 0xE0, 0xE1, 0xDE, 0xD9, 0xCD, 0xBE, 0xB3, 0xB0, 0xAE, 0xAC, 0xA9, 
	0xAA, 0xA9, 0xA9, 0xAB, 0xAE, 0xB2, 0xB6, 0xB6, 0xBB, 0xB9, 0xB7, 0xB2, 0xB2, 0xB8, 0xC1, 0xC8, 
	0xC4, 0xB1, 0xA9, 0xA0, 0x91, 0x8E, 0x93, 0x8F, 0x8C, 0x8C, 0x8B, 0x89, 0x89, 0x89, 0x89, 0x88, 
	0xA2, 0xA1, 0xA0, 0x9F, 0x9F, 0xA0, 0x9F, 0x9F, 0x9E, 0x9E, 0x9E, 0x9E, 0x9E, 0x9E, 0x9D, 0x9C, 
	0x9E, 0x9E, 0x9D, 0x9C, 0x9A, 0x96, 0x93, 0x92, 0x92, 0x8E, 0x8B, 0x89, 0x88, 0x88, 0x88, 0x87, 
	0x87, 0x87, 0x87, 0x88, 0x89, 0x8A, 0x8C, 0x8B, 0x8A, 0x8D, 0x8B, 0x8C, 0x91, 0x90, 0x91, 0x99, 
	0x9D, 0xA1, 0xA4, 0xA1, 0xA0, 0xA3, 0xA4, 0xA3, 0x9E, 0xA2, 0xA6, 0xAA, 0xAC, 0xAF, 0xB2, 0xB3, 
	0xB8, 0xB8, 0xB8, 0xBC, 0xC0, 0xC2, 0xC1, 0xC0, 0xBF, 0xC0, 0xBD, 0xB6, 0xAF, 0xAB, 0xA6, 0xA3, 
	0x9F, 0x9C, 0x99, 0x99, 0x99, 0x9A, 0x9D, 0xA1, 0xA5, 0xAB, 0xB0, 0xB2, 0xB3, 0xB6, 0xB9, 0xBA, 
	0xB4, 0xB7, 0xB8, 0xB9, 0xBE, 0xC7, 0xCD, 0xCE, 0xC8, 0xC6, 0xBD, 0xB3, 0xAF, 0xB0, 0xB1, 0xB2, 
	0xA6, 0xA4, 0xA0, 0x9A, 0x96, 0x92, 0x90, 0x8E, 0x8D, 0x8C, 0x89, 0x88, 0x88, 0x8B, 0x8D, 0x8F, 
	0x8B, 0x89, 0x86, 0x85, 0x84, 0x83, 0x80, 0x7F, 0x7E, 0x7E, 0x7D, 0x7D, 0x7E, 0x80, 0x81, 0x81, 
	0x82, 0x82, 0x83, 0x83, 0x85, 0x87, 0x8B, 0x8D, 0x8C, 0x8F, 0x92, 0x95, 0x96, 0x98, 0x9D, 0xA0, 
	0xA2, 0xA2, 0xA8, 0xB1, 0xB6, 0xB8, 0xC3, 0xD0, 0xD7, 0xDC, 0xDE, 0xD7, 0xCD, 0xC6, 0xC2, 0xC0, 
	0xC1, 0xC4, 0xC6, 0xC7, 0xC5, 0xC3, 0xC2, 0xC3, 0xC7, 0xCE, 0xD1, 0xCC, 0xC9, 0xCA, 0xCE, 0xD0, 
	0xCC, 0xC9, 0xC2, 0xB9, 0xB3, 0xB0, 0xAD, 0xAA, 0xAB, 0xAA, 0xA9, 0xAB, 0xB1, 0xB6, 0xB9, 0xBA, 
	0xBE, 0xC0, 0xC2, 0xC2, 0xC5, 0xCA, 0xCB, 0xC9, 0xC0, 0xBB, 0xB4, 0xAD, 0xA8, 0xA6, 0xA5, 0xA6, 
	0xA9, 0xA8, 0xA7, 0xA5, 0xA5, 0xA7, 0xAB, 0xAD, 0xAE, 0xB0, 0xAF, 0xAC, 0xAE, 0xB3, 0xB7, 0xB9, 
	0xC0, 0xBE, 0xB7, 0xA8, 0x9B, 0x96, 0x95, 0x94, 0x8F, 0x8E, 0x8D, 0x8D, 0x8C, 0x8B, 0x8B, 0x8B, 
	0xA6, 0xA6, 0xA4, 0xA3, 0xA2, 0xA2, 0xA2, 0xA2, 0xA1, 0xA1, 0xA1, 0xA1, 0xA1, 0x9F, 0x9F, 0x9F, 
	0x9F, 0x9F, 0xA0, 0x9F, 0x9E, 0x9C, 0x9A, 0x99, 0x96, 0x93, 0x8E, 0x8B, 0x8A, 0x89, 0x89, 0x88, 
	0x87, 0x87, 0x88, 0x89, 0x8A, 0x8B, 0x8C, 0x8D, 0x87, 0x8C, 0x8C, 0x8D, 0x90, 0x8E, 0x8E, 0x96, 
	0x96, 0x9B, 0x9D, 0x9A, 0x98, 0x9A, 0x9C, 0x9A, 0x9C, 0x9E, 0xA0, 0xA2, 0xA4, 0xA7, 0xAC, 0xAE, 
	0xAF, 0xAF, 0xB1, 0xB5, 0xB9, 0xBA, 0xB8, 0xB6, 0xB8, 0xB9, 0xB6, 0xAF, 0xA8, 0xA5, 0xA1, 0x9F, 
	0x9A, 0x98, 0x97, 0x97, 0x96, 0x94, 0x97, 0x9B, 0x98, 0xA1, 0xA9, 0xAA, 0xA9, 0xAB, 0xAF, 0xB1, 
	0xB3, 0xB5, 0xB3, 0xB1, 0xB5, 0xBD, 0xC3, 0xC4, 0xC6, 0xC6, 0xBF, 0xB7, 0xB1, 0xAF, 0xAB, 0xA8, 
	0xA6, 0xA3, 0x9E, 0x9B, 0x98, 0x94, 0x91, 0x8E, 0x8F, 0x8D, 0x8B, 0x8A, 0x8B, 0x8E, 0x92, 0x94, 
	0x8E, 0x8C, 0x8A, 0x88, 0x87, 0x85, 0x82, 0x81, 0x7E, 0x7E, 0x7E, 0x7E, 0x80, 0x83, 0x85, 0x86, 
	0x8B, 0x8B, 0x8A, 0x88, 0x87, 0x87, 0x89, 0x8B, 0x8B, 0x8D, 0x92, 0x94, 0x97, 0x99, 0x9E, 0xA0, 
	0xA4, 0xA3, 0xA8, 0xB1, 0xB7, 0xBB, 0xC9, 0xD7, 0xD4, 0xE1, 0xE6, 0xDB, 0xCC, 0xC4, 0xC0, 0xBE, 
	0xBB, 0xBB, 0xBC, 0xBD, 0xBD, 0xBA, 0xB8, 0xB8, 0xBA, 0xBC, 0xBF, 0xC1, 0xC1, 0xC1, 0xC3, 0xC4, 
	0xC2, 0xC5, 0xBF, 0xB4, 0xAC, 0xAB, 0xA8, 0xA4, 0xA4, 0xA4, 0xA6, 0xA9, 0xAD, 0xB2, 0xB3, 0xB2, 
	0xB6, 0xB9, 0xB9, 0xB5, 0xB2, 0xAF, 0xAB, 0xA8, 0xA7, 0xAA, 0xAC, 0xA9, 0xA3, 0xA0, 0xA0, 0xA2, 
	0xA4, 0xA3, 0xA2, 0xA1, 0xA0, 0xA2, 0xA5, 0xA6, 0xA7, 0xA7, 0xA7, 0xA6, 0xA9, 0xAC, 0xB0, 0xB0, 
	0xB6, 0xBA, 0xB2, 0xA5, 0xA3, 0xA2, 0x9A, 0x95, 0x92, 0x91, 0x90, 0x8E, 0x8D, 0x8D, 0x8D, 0x8C, 
	0xAB, 0xA9, 0xA7, 0xA5, 0xA4, 0xA4, 0xA5, 0xA6, 0xA4, 0xA4, 0xA3, 0xA2, 0xA2, 0xA2, 0xA2, 0xA2, 
	0xA2, 0xA3, 0xA3, 0xA4, 0xA4, 0xA2, 0xA0, 0x9F, 0x9C, 0x98, 0x92, 0x8D, 0x8B, 0x8A, 0x8A, 0x89, 
	0x88, 0x88, 0x89, 0x89, 0x8A, 0x8A, 0x89, 0x89, 0x8B, 0x8B, 0x8B, 0x8D, 0x8E, 0x91, 0x92, 0x94, 
	0x96, 0x96, 0x95, 0x96, 0x98, 0x98, 0x98, 0x97, 0x9B, 0x9C, 0x9E, 0x9E, 0xA0, 0xA1, 0xA4, 0xA6, 
	0xA9, 0xAA, 0xAC, 0xAD, 0xB0, 0xB1, 0xB0, 0xAF, 0xAB, 0xAD, 0xAC, 0xA9, 0xA6, 0xA6, 0xA1, 0x9A, 
	0x9A, 0x95, 0x93, 0x94, 0x94, 0x92, 0x93, 0x97, 0x98, 0x9A, 0x9C, 0x9F, 0xA2, 0xA5, 0xA6, 0xA7, 
	0xAC, 0xAC, 0xAB, 0xAA, 0xAA, 0xAD, 0xB2, 0xB3, 0xB5, 0xBC, 0xC3, 0xC1, 0xBB, 0xB6, 0xB0, 0xAB, 
	0xA1, 0xA3, 0xA4, 0xA0, 0x9C, 0x99, 0x9A, 0x9C, 0x93, 0x92, 0x8F, 0x8C, 0x89, 0x89, 0x8B, 0x8D, 
	0x8E, 0x8C, 0x8A, 0x88, 0x86, 0x84, 0x82, 0x81, 0x81, 0x80, 0x80, 0x81, 0x86, 0x8A, 0x8E, 0x8F, 
	0x8F, 0x8D, 0x8B, 0x88, 0x87, 0x87, 0x88, 0x8A, 0x8C, 0x8F, 0x91, 0x93, 0x96, 0x9A, 0x9D, 0xA0, 
	0xA8, 0xA3, 0xA3, 0xAC, 0xB9, 0xC1, 0xC9, 0xCF, 0xD3, 0xD6, 0xD8, 0xDA, 0xD7, 0xCD, 0xBF, 0xB5, 
	0xB7, 0xB8, 0xB9, 0xBA, 0xB9, 0xB6, 0xB2, 0xB0, 0xB0, 0xB0, 0xB3, 0xB5, 0xB6, 0xB7, 0xB8, 0xB8, 
	0xBE, 0xBC, 0xBA, 0xB8, 0xB5, 0xB0, 0xA8, 0xA2, 0xA3, 0xA6, 0xA6, 0xA6, 0xAA, 0xAF, 0xAD, 0xA8, 
	0xAA, 0xAD, 0xB3, 0xB6, 0xB0, 0xA8, 0xA3, 0xA3, 0xA6, 0xA4, 0xA3, 0xA1, 0x9F, 0x9E, 0x9D, 0x9D, 
	0x9E, 0x9D, 0x9C, 0x9B, 0x9B, 0x9B, 0x9B, 0x9C, 0x9E, 0x9E, 0x9F, 0xA0, 0xA0, 0xA3, 0xAA, 0xB2, 
	0xAC, 0xAC, 0xAD, 0xAC, 0xAC, 0xAA, 0xA3, 0x9B, 0x97, 0x95, 0x94, 0x92, 0x92, 0x92, 0x91, 0x8F, 
	0xB1, 0xB0, 0xAF, 0xAD, 0xAB, 0xAA, 0xA9, 0xA8, 0xA8, 0xA7, 0xA6, 0xA6, 0xA6, 0xA6, 0xA6, 0xA5, 
	0xA8, 0xA9, 0xAA, 0xAA, 0xA9, 0xA8, 0xA6, 0xA5, 0xA4, 0x9F, 0x99, 0x94, 0x90, 0x8C, 0x89, 0x87, 
	0x8B, 0x8A, 0x8A, 0x8A, 0x8B, 0x8B, 0x8B, 0x8A, 0x8A, 0x8A, 0x8B, 0x8C, 0x8C, 0x8E, 0x8F, 0x90, 
	0x93, 0x93, 0x93, 0x93, 0x94, 0x95, 0x95, 0x94, 0x98, 0x99, 0x9A, 0x9B, 0x9C, 0x9D, 0x9F, 0xA1, 
	0xA0, 0xA0, 0x9E, 0x9E, 0x9F, 0xA1, 0xA4, 0xA7, 0xA5, 0xA6, 0xA5, 0xA5, 0xA7, 0xAB, 0xA9, 0xA3, 
	0x9F, 0x9C, 0x9A, 0x99, 0x97, 0x92, 0x90, 0x92, 0x93, 0x94, 0x97, 0x9A, 0x9F, 0xA2, 0xA5, 0xA7, 
	0xA3, 0xA4, 0xA5, 0xA5, 0xA6, 0xA6, 0xA8, 0xA9, 0xAF, 0xB4, 0xB9, 0xB9, 0xB8, 0xB9, 0xB8, 0xB6, 
	0xAB, 0xAA, 0xA7, 0xA1, 0x9B, 0x9A, 0x9D, 0xA0, 0xAA, 0xB1, 0xAC, 0x9D, 0x91, 0x90, 0x90, 0x8D, 
	0x8C, 0x8B, 0x8A, 0x88, 0x88, 0x88, 0x88, 0x88, 0x87, 0x87, 0x86, 0x87, 0x88, 0x8B, 0x8E, 0x90, 
	0x8F, 0x8D, 0x8B, 0x87, 0x85, 0x87, 0x8B, 0x8D, 0x90, 0x92, 0x93, 0x96, 0x99, 0x9D, 0xA1, 0xA4, 
	0xA8, 0xA4, 0xA3, 0xAC, 0xB7, 0xBF, 0xC6, 0xCC, 0xCE, 0xD0, 0xD2, 0xD3, 0xCF, 0xC8, 0xBE, 0xB8, 
	0xB9, 0xB9, 0xB8, 0xB7, 0xB4, 0xB0, 0xAC, 0xA9, 0xAD, 0xAD, 0xAD, 0xAE, 0xB0, 0xB1, 0xB2, 0xB2, 
	0xB5, 0xB4, 0xB3, 0xB3, 0xB3, 0xB1, 0xAD, 0xAA, 0xA4, 0xA5, 0xA4, 0xA4, 0xA7, 0xAA, 0xA8, 0xA4, 
	0xA8, 0xAB, 0xB0, 0xB2, 0xAF, 0xA8, 0xA4, 0xA5, 0x9B, 0x9B, 0x9B, 0x9B, 0x9A, 0x9A, 0x99, 0x99, 
	0x9D, 0x9B, 0x99, 0x98, 0x97, 0x98, 0x99, 0x99, 0x98, 0x99, 0x9B, 0x9C, 0x9B, 0x9F, 0xAA, 0xB7, 
	0xB2, 0xB0, 0xB0, 0xB3, 0xB4, 0xB0, 0xA9, 0xA5, 0x9D, 0x9C, 0x99, 0x95, 0x94, 0x94, 0x93, 0x93, 
	0xBB, 0xBA, 0xB9, 0xB7, 0xB4, 0xB1, 0xAE, 0xAC, 0xAD, 0xAD, 0xAC, 0xAC, 0xAB, 0xAB, 0xAB, 0xAB, 
	0xA8, 0xAA, 0xAC, 0xB0, 0xB2, 0xB3, 0xB4, 0xB5, 0xB3, 0xB0, 0xAA, 0xA5, 0x9E, 0x98, 0x91, 0x8E, 
	0x8E, 0x8B, 0x8A, 0x8A, 0x8A, 0x8A, 0x8A, 0x89, 0x8A, 0x8A, 0x8B, 0x8C, 0x8C, 0x8C, 0x8D, 0x8D, 
	0x90, 0x90, 0x90, 0x91, 0x92, 0x91, 0x93, 0x92, 0x92, 0x94, 0x98, 0x9B, 0x9D, 0xA0, 0xA1, 0xA3, 
	0xA7, 0xA5, 0xA3, 0xA0, 0x9F, 0x9D, 0x9E, 0x9F, 0x9E, 0x9D, 0x9C, 0x9D, 0xA2, 0xA8, 0xA8, 0xA4, 
	0xA9, 0xA7, 0xA6, 0xA6, 0xA5, 0xA0, 0x9E, 0x9E, 0x9D, 0x9B, 0x9A, 0x99, 0x9B, 0x9B, 0x9E, 0x9F, 
	0xA2, 0xA3, 0xA5, 0xA7, 0xA9, 0xA9, 0xA9, 0xAA, 0xAE, 0xB0, 0xB1, 0xB3, 0xB8, 0xC0, 0xC2, 0xC1, 
	0xB9, 0xB5, 0xAE, 0xA6, 0xA2, 0xA3, 0xA9, 0xAF, 0xBE, 0xCA, 0xC6, 0xAF, 0x9C, 0x9A, 0x99, 0x93, 
	0x94, 0x92, 0x91, 0x8F, 0x8F, 0x8E, 0x8D, 0x8C, 0x8B, 0x8C, 0x8D, 0x8C, 0x8B, 0x8B, 0x8E, 0x91, 
	0x90, 0x8E, 0x8B, 0x88, 0x87, 0x8B, 0x90, 0x93, 0x96, 0x96, 0x95, 0x96, 0x98, 0x9C, 0xA0, 0xA2, 
	0xA5, 0xA2, 0xA3, 0xAA, 0xB2, 0xBA, 0xC1, 0xC5, 0xCC, 0xCE, 0xCE, 0xCD, 0xC8, 0xC2, 0xBC, 0xB8, 
	0xB5, 0xB4, 0xB1, 0xAF, 0xAB, 0xA7, 0xA4, 0xA3, 0xA7, 0xA7, 0xA7, 0xA7, 0xA9, 0xA9, 0xAB, 0xAC, 
	0xAE, 0xAD, 0xAC, 0xAD, 0xAF, 0xB0, 0xB0, 0xAF, 0xA8, 0xA5, 0xA3, 0xA6, 0xA7, 0xA5, 0xA4, 0xA4, 
	0xA5, 0xA6, 0xAA, 0xAE, 0xAC, 0xA7, 0xA4, 0xA5, 0x9D, 0x9D, 0x9E, 0x9F, 0x9D, 0x9C, 0x9A, 0x99, 
	0x9B, 0x9A, 0x98, 0x96, 0x95, 0x94, 0x94, 0x95, 0x92, 0x94, 0x97, 0x98, 0x96, 0x9B, 0xAA, 0xB9, 
	0xBA, 0xB7, 0xB5, 0xB8, 0xB6, 0xB2, 0xAD, 0xA9, 0xA5, 0xA2, 0x9E, 0x9A, 0x97, 0x96, 0x97, 0x98, 
	0xC6, 0xC5, 0xC3, 0xBE, 0xBB, 0xB6, 0xB3, 0xB2, 0xB2, 0xB1, 0xB1, 0xB0, 0xAF, 0xAF, 0xAF, 0xAF, 
	0xAB, 0xAD, 0xB0, 0xB3, 0xB7, 0xB9, 0xBB, 0xBC, 0xBC, 0xBA, 0xB6, 0xB2, 0xAC, 0xA4, 0x9E, 0x98, 
	0x97, 0x92, 0x8E, 0x8B, 0x8B, 0x8C, 0x8B, 0x89, 0x8A, 0x8B, 0x8C, 0x8D, 0x8C, 0x8D, 0x8E, 0x8E, 
	0x8E, 0x8F, 0x90, 0x90, 0x90, 0x90, 0x91, 0x92, 0x91, 0x94, 0x99, 0x9C, 0x9E, 0xA0, 0xA0, 0xA1, 
	0xA2, 0xA1, 0xA3, 0xA6, 0xA6, 0xA1, 0x9B, 0x98, 0x9B, 0x9B, 0x9B, 0x9B, 0x9E, 0xA0, 0xA3, 0xA3, 
	0xAB, 0xAC, 0xAD, 0xAF, 0xAF, 0xB0, 0xB0, 0xB0, 0xAB, 0xA9, 0xA5, 0xA2, 0xA0, 0xA0, 0xA3, 0xA4, 
	0xA7, 0xA4, 0xA4, 0xA7, 0xAA, 0xAB, 0xAD, 0xB0, 0xAD, 0xAE, 0xB0, 0xB4, 0xBD, 0xC9, 0xCE, 0xCD, 
	0xC8, 0xC3, 0xBD, 0xB7, 0xB5, 0xB8, 0xC0, 0xC6, 0xC5, 0xCD, 0xCA, 0xB7, 0xA7, 0xA2, 0xA1, 0x9E, 
	0xA3, 0xA1, 0x9F, 0x9D, 0x9B, 0x97, 0x92, 0x8E, 0x8F, 0x92, 0x93, 0x91, 0x8D, 0x8B, 0x8D, 0x90, 
	0x93, 0x92, 0x91, 0x91, 0x91, 0x94, 0x99, 0x9C, 0xA0, 0x9C, 0x99, 0x97, 0x98, 0x9A, 0x9C, 0x9E, 
	0xA0, 0x9F, 0xA0, 0xA5, 0xAD, 0xB4, 0xB9, 0xBD, 0xC6, 0xC9, 0xCA, 0xC6, 0xBF, 0xB7, 0xB3, 0xB2, 
	0xAA, 0xA8, 0xA6, 0xA3, 0xA0, 0x9F, 0x9F, 0x9F, 0xA0, 0xA1, 0xA3, 0xA5, 0xA7, 0xA8, 0xA9, 0xA9, 
	0xAD, 0xAB, 0xAA, 0xA9, 0xAA, 0xAA, 0xAC, 0xAD, 0xAB, 0xA8, 0xA8, 0xA9, 0xA7, 0xA3, 0xA4, 0xA8, 
	0xA5, 0xA3, 0xA5, 0xA9, 0xAA, 0xA7, 0xA5, 0xA6, 0xA6, 0xA7, 0xA7, 0xA6, 0xA3, 0xA0, 0x9D, 0x9A, 
	0x9B, 0x9A, 0x9B, 0x99, 0x98, 0x95, 0x94, 0x93, 0x92, 0x93, 0x95, 0x95, 0x95, 0x9A, 0xA7, 0xB3, 
	0xBC, 0xC0, 0xBD, 0xB6, 0xB3, 0xB5, 0xB3, 0xAD, 0xA9, 0xA4, 0x9F, 0x9D, 0x9A, 0x98, 0x99, 0x9B, 
	0xCF, 0xCC, 0xC8, 0xC2, 0xBE, 0xB9, 0xB7, 0xB7, 0xB5, 0xB5, 0xB4, 0xB3, 0xB3, 0xB3, 0xB4, 0xB4, 
	0xB7, 0xB7, 0xB7, 0xB8, 0xB8, 0xB7, 0xB7, 0xB7, 0xBA, 0xB9, 0xB7, 0xB5, 0xB1, 0xAC, 0xA6, 0xA2, 
	0xA3, 0x9D, 0x94, 0x8F, 0x8D, 0x8E, 0x8C, 0x8C, 0x8A, 0x8A, 0x8B, 0x8C, 0x8C, 0x8D, 0x8E, 0x8F, 
	0x8D, 0x8F, 0x90, 0x90, 0x8F, 0x8E, 0x90, 0x91, 0x94, 0x97, 0x9B, 0x9E, 0x9E, 0x9F, 0x9E, 0x9E, 
	0x9F, 0x9C, 0x9E, 0xA8, 0xAE, 0xAB, 0xA3, 0x9E, 0x9A, 0x9C, 0x9E, 0x9F, 0x9D, 0x9F, 0xA5, 0xAA, 
	0xAF, 0xB0, 0xB2, 0xB3, 0xB5, 0xB6, 0xB8, 0xB7, 0xB1, 0xB0, 0xAF, 0xB0, 0xB3, 0xB9, 0xC0, 0xC4, 
	0xB4, 0xAE, 0xA9, 0xAB, 0xAC, 0xAE, 0xB2, 0xB7, 0xB7, 0xB8, 0xBA, 0xBF, 0xCA, 0xD4, 0xD7, 0xD3, 
	0xD4, 0xD1, 0xCD, 0xC9, 0xC9, 0xCB, 0xD1, 0xD5, 0xCB, 0xC7, 0xC3, 0xBD, 0xB3, 0xAA, 0xA6, 0xA7, 
	0xAC, 0xAA, 0xA9, 0xA9, 0xA9, 0xA5, 0x9D, 0x98, 0x9A, 0x9C, 0x9C, 0x99, 0x92, 0x8D, 0x8E, 0x8F, 
	0x92, 0x94, 0x95, 0x98, 0x99, 0x9B, 0x9E, 0xA0, 0xA4, 0xA0, 0x9A, 0x98, 0x98, 0x9A, 0x9C, 0x9D, 
	0x9D, 0x9D, 0x9F, 0xA2, 0xA7, 0xAD, 0xB1, 0xB2, 0xB7, 0xBA, 0xBC, 0xBA, 0xB4, 0xAC, 0xA7, 0xA5, 
	0xA1, 0xA0, 0x9D, 0x9A, 0x99, 0x99, 0x9A, 0x9B, 0x9A, 0x9E, 0xA2, 0xA6, 0xAA, 0xAA, 0xAA, 0xAA, 
	0xAE, 0xAC, 0xAA, 0xA8, 0xA6, 0xA7, 0xA9, 0xAB, 0xAC, 0xAC, 0xAC, 0xAB, 0xA6, 0xA3, 0xA6, 0xAC, 
	0xA9, 0xA4, 0xA3, 0xA6, 0xA7, 0xA6, 0xA6, 0xA6, 0xA8, 0xA9, 0xA9, 0xA8, 0xA5, 0xA0, 0x9C, 0x98, 
	0x9B, 0x9C, 0x9F, 0xA0, 0x9E, 0x9B, 0x96, 0x93, 0x94, 0x91, 0x91, 0x93, 0x96, 0x9A, 0xA1, 0xA7, 
	0xBA, 0xC9, 0xCA, 0xBB, 0xB7, 0xC4, 0xC8, 0xC0, 0xAD, 0xA6, 0xA0, 0x9F, 0x9E, 0x9B, 0x9A, 0x9D, 
	0xD0, 0xCD, 0xC9, 0xC4, 0xBF, 0xBE, 0xBD, 0xBC, 0xB9, 0xB9, 0xB9, 0xB8, 0xB9, 0xBA, 0xBA, 0xBB, 
	0xBC, 0xBC, 0xBB, 0xBA, 0xBA, 0xB9, 0xB9, 0xB9, 0xB9, 0xB8, 0xB7, 0xB7, 0xB6, 0xB4, 0xB0, 0xAE, 
	0xAC, 0xA3, 0x97, 0x8F, 0x8D, 0x8E, 0x8F, 0x8E, 0x8D, 0x8C, 0x8C, 0x8B, 0x8C, 0x8C, 0x8E, 0x8F, 
	0x8F, 0x91, 0x93, 0x92, 0x8F, 0x8E, 0x8F, 0x91, 0x95, 0x9A, 0xA0, 0xA6, 0xAB, 0xAE, 0xB2, 0xB3, 
	0xA9, 0xA1, 0x9E, 0xA6, 0xAB, 0xA9, 0xA5, 0xA4, 0x9E, 0x9D, 0x9E, 0x9F, 0x9F, 0xA3, 0xAC, 0xB5, 
	0xC1, 0xC3, 0xC5, 0xC4, 0xC4, 0xC4, 0xC2, 0xC0, 0xB8, 0xB9, 0xBA, 0xBF, 0xC5, 0xD0, 0xD8, 0xDD, 
	0xD2, 0xCA, 0xC5, 0xC6, 0xC8, 0xC9, 0xCB, 0xCF, 0xD6, 0xD7, 0xD7, 0xD8, 0xDC, 0xDE, 0xDA, 0xD4, 
	0xD7, 0xD5, 0xD1, 0xCF, 0xCE, 0xCF, 0xD1, 0xD1, 0xD2, 0xC9, 0xC3, 0xC4, 0xBE, 0xB2, 0xAB, 0xAC, 
	0xAB, 0xAA, 0xAA, 0xAD, 0xB1, 0xB0, 0xAC, 0xA7, 0xA8, 0xA8, 0xA6, 0xA2, 0x9B, 0x95, 0x92, 0x91, 
	0x8C, 0x90, 0x94, 0x98, 0x9A, 0x9B, 0x9D, 0x9E, 0xA3, 0x9F, 0x9A, 0x98, 0x9A, 0x9C, 0x9D, 0x9D, 
	0x9F, 0xA2, 0xA3, 0xA2, 0xA4, 0xA8, 0xAB, 0xAB, 0xAA, 0xAD, 0xB0, 0xB0, 0xAD, 0xA8, 0xA3, 0xA0, 
	0x9F, 0x9D, 0x9A, 0x97, 0x95, 0x95, 0x96, 0x97, 0x97, 0x9A, 0x9F, 0xA6, 0xAA, 0xAC, 0xAD, 0xAD, 
	0xAB, 0xAB, 0xAB, 0xA9, 0xA7, 0xA8, 0xAA, 0xAC, 0xAB, 0xAD, 0xAD, 0xAA, 0xAB, 0xAF, 0xB3, 0xB4, 
	0xAF, 0xA8, 0xA3, 0xA3, 0xA6, 0xA4, 0xA4, 0xA4, 0xA5, 0xA6, 0xA7, 0xA6, 0xA5, 0xA1, 0x9E, 0x9B, 
	0x9C, 0x9F, 0xA1, 0xA4, 0xA3, 0xA0, 0x9B, 0x98, 0x98, 0x93, 0x91, 0x93, 0x96, 0x98, 0x9C, 0xA0, 
	0xB8, 0xD0, 0xD8, 0xCB, 0xC6, 0xD5, 0xDF, 0xDB, 0xBC, 0xAF, 0xA3, 0xA1, 0xA0, 0x9E, 0x9D, 0x9F, 
	0xCB, 0xC9, 0xC8, 0xC5, 0xC3, 0xC2, 0xC2, 0xC1, 0xBE, 0xBE, 0xBF, 0xBF, 0xC0, 0xC1, 0xC2, 0xC3, 
	0xBD, 0xBD, 0xBD, 0xBE, 0xBE, 0xBF, 0xC0, 0xC1, 0xBF, 0xBE, 0xBD, 0xBD, 0xBD, 0xBD, 0xBC, 0xBA, 
	0xB7, 0xAC, 0x9E, 0x95, 0x94, 0x96, 0x99, 0x99, 0x94, 0x93, 0x90, 0x8D, 0x8D, 0x8E, 0x90, 0x91, 
	0x95, 0x97, 0x99, 0x96, 0x92, 0x91, 0x92, 0x94, 0x99, 0x9F, 0xA9, 0xB2, 0xBB, 0xC2, 0xC9, 0xCD, 
	0xB2, 0xAA, 0xA6, 0xA9, 0xAA, 0xA7, 0xAA, 0xB0, 0xB2, 0xAA, 0xA2, 0xA1, 0xA5, 0xAB, 0xB5, 0xBE, 
	0xCF, 0xD4, 0xD7, 0xD6, 0xD6, 0xD4, 0xCF, 0xC9, 0xC2, 0xC3, 0xC3, 0xC5, 0xCB, 0xD3, 0xDA, 0xDF, 
	0xE1, 0xDA, 0xDB, 0xE1, 0xE6, 0xE4, 0xE4, 0xE7, 0xEA, 0xEA, 0xEA, 0xE9, 0xE8, 0xE6, 0xDF, 0xD8, 
	0xD8, 0xD6, 0xD3, 0xD0, 0xD0, 0xCE, 0xCE, 0xCD, 0xD1, 0xCC, 0xC7, 0xC5, 0xC2, 0xBC, 0xB4, 0xB0, 
	0xAB, 0xA9, 0xA7, 0xAA, 0xAF, 0xB2, 0xB0, 0xAD, 0xAB, 0xAB, 0xAB, 0xA8, 0xA5, 0xA0, 0x9C, 0x9A, 
	0x95, 0x98, 0x9B, 0x9E, 0xA1, 0xA4, 0xA6, 0xA8, 0xAB, 0xA6, 0xA1, 0x9F, 0xA2, 0xA4, 0xA4, 0xA4, 
	0xA8, 0xAB, 0xAA, 0xA6, 0xA5, 0xA6, 0xA6, 0xA5, 0xA6, 0xA6, 0xA8, 0xAA, 0xA9, 0xA5, 0xA1, 0x9D, 
	0x9B, 0x9A, 0x97, 0x94, 0x92, 0x93, 0x93, 0x93, 0x96, 0x98, 0x9C, 0xA0, 0xA6, 0xAA, 0xAC, 0xAE, 
	0xAA, 0xAB, 0xAC, 0xAC, 0xAA, 0xA9, 0xAB, 0xAC, 0xAA, 0xAE, 0xAD, 0xAD, 0xBA, 0xCB, 0xCF, 0xCA, 
	0xB6, 0xAD, 0xA4, 0xA3, 0xA4, 0xA4, 0xA2, 0xA2, 0xA3, 0xA4, 0xA6, 0xA6, 0xA5, 0xA3, 0xA1, 0xA0, 
	0x9D, 0x9F, 0xA1, 0xA3, 0xA3, 0xA1, 0x9F, 0x9D, 0x9A, 0x97, 0x95, 0x95, 0x96, 0x98, 0x9E, 0xA5, 
	0xBD, 0xD2, 0xE1, 0xDC, 0xD4, 0xD6, 0xE0, 0xE5, 0xD3, 0xBE, 0xAA, 0xA4, 0xA3, 0xA0, 0xA0, 0xA0, 
	0xC5, 0xC6, 0xC7, 0xC7, 0xC7, 0xC6, 0xC5, 0xC4, 0xC3, 0xC2, 0xC2, 0xC3, 0xC4, 0xC6, 0xC8, 0xC9, 
	0xC5, 0xC4, 0xC3, 0xC3, 0xC2, 0xC2, 0xC2, 0xC2, 0xC3, 0xC1, 0xBF, 0xBF, 0xBF, 0xC0, 0xC0, 0xBF, 
	0xC5, 0xB9, 0xAA, 0xA0, 0xA0, 0xA4, 0xA7, 0xA9, 0x9C, 0x99, 0x95, 0x91, 0x90, 0x91, 0x93, 0x93, 
	0x9A, 0x9D, 0x9E, 0x9C, 0x98, 0x95, 0x97, 0x99, 0xA3, 0xA8, 0xB1, 0xB9, 0xC1, 0xC9, 0xCF, 0xD2, 
	0xC1, 0xBE, 0xBF, 0xC3, 0xC2, 0xC1, 0xC9, 0xD4, 0xCF, 0xBD, 0xAD, 0xA9, 0xAE, 0xB6, 0xBD, 0xC3, 
	0xCA, 0xD2, 0xD9, 0xDB, 0xDA, 0xD9, 0xD3, 0xCB, 0xC5, 0xC4, 0xC4, 0xC5, 0xC9, 0xCF, 0xD5, 0xD9, 
	0xD4, 0xD1, 0xD7, 0xE4, 0xEA, 0xE9, 0xE6, 0xE7, 0xE3, 0xE7, 0xEA, 0xEA, 0xEA, 0xEA, 0xE7, 0xE2, 
	0xDD, 0xDB, 0xD9, 0xD6, 0xD5, 0xD5, 0xD4, 0xD2, 0xC9, 0xCB, 0xC9, 0xC3, 0xC2, 0xC2, 0xBD, 0xB5, 
	0xB1, 0xAA, 0xA5, 0xA5, 0xAA, 0xAD, 0xAD, 0xAB, 0xA9, 0xA9, 0xA9, 0xAA, 0xAB, 0xA9, 0xA5, 0xA3, 
	0xA6, 0xA8, 0xAB, 0xAD, 0xAF, 0xB4, 0xB7, 0xBB, 0xBB, 0xB6, 0xB1, 0xAF, 0xB0, 0xB2, 0xB1, 0xAF, 
	0xAF, 0xB1, 0xB1, 0xAA, 0xA6, 0xA6, 0xA5, 0xA1, 0xA4, 0xA3, 0xA2, 0xA2, 0xA2, 0x9F, 0x9B, 0x97, 
	0x96, 0x94, 0x93, 0x91, 0x91, 0x91, 0x92, 0x93, 0x96, 0x97, 0x99, 0x9B, 0xA0, 0xA5, 0xAB, 0xAE, 
	0xAB, 0xAD, 0xAE, 0xAE, 0xAC, 0xAA, 0xAA, 0xAC, 0xAB, 0xAE, 0xAD, 0xB2, 0xCA, 0xE4, 0xE8, 0xDD, 
	0xBB, 0xB0, 0xA5, 0xA3, 0xA4, 0xA3, 0xA1, 0xA1, 0xA2, 0xA3, 0xA4, 0xA4, 0xA4, 0xA2, 0x9F, 0x9E, 
	0x9E, 0x9F, 0xA1, 0xA1, 0xA1, 0xA1, 0xA1, 0xA0, 0x9D, 0x9A, 0x99, 0x98, 0x97, 0x99, 0xA4, 0xAF, 
	0xC3, 0xD3, 0xE4, 0xE4, 0xD7, 0xCC, 0xD2, 0xDF, 0xE4, 0xCA, 0xB1, 0xA6, 0xA4, 0xA2, 0xA1, 0xA3, 
	0xBF, 0xCA, 0xCA, 0xD5, 0xD2, 0xCD, 0xD5, 0xC4, 0xCC, 0xC7, 0xCA, 0xC3, 0xCB, 0xC5, 0xC7, 0xC2, 
	0xC5, 0xC6, 0xC7, 0xC8, 0xC7, 0xC6, 0xC4, 0xC3, 0xC2, 0xC2, 0xC3, 0xC2, 0xC2, 0xC2, 0xC2, 0xC2, 
	0xBE, 0xBF, 0xBB, 0xB2, 0xB2, 0xBB, 0xBF, 0xBE, 0xB5, 0xA6, 0x96, 0x92, 0x93, 0x95, 0x97, 0x98, 
	0x9A, 0xA0, 0xA4, 0xA4, 0x9F, 0x9E, 0xA2, 0xA6, 0xAC, 0xB3, 0xBC, 0xBF, 0xC1, 0xC6, 0xD0, 0xD8, 
	0xDC, 0xDE, 0xE2, 0xE0, 0xD4, 0xCB, 0xD3, 0xE2, 0xE7, 0xD6, 0xC2, 0xBA, 0xBB, 0xBD, 0xBE, 0xBF, 
	0xC9, 0xCB, 0xCD, 0xCD, 0xD0, 0xD3, 0xD3, 0xD1, 0xCA, 0xCA, 0xC8, 0xC5, 0xC3, 0xC5, 0xCB, 0xD0, 
	0xD0, 0xD0, 0xD2, 0xD9, 0xE1, 0xE4, 0xE0, 0xDB, 0xDC, 0xDF, 0xE3, 0xE7, 0xEA, 0xEA, 0xE3, 0xDB, 
	0xE0, 0xDC, 0xD9, 0xD7, 0xD6, 0xD8, 0xD7, 0xD7, 0xD1, 0xCD, 0xC8, 0xC5, 0xC3, 0xC1, 0xBB, 0xB7, 
	0xBA, 0xBA, 0xB8, 0xB4, 0xAE, 0xA8, 0xA2, 0x9E, 0xA1, 0xA2, 0xA3, 0xA2, 0xA2, 0xA5, 0xAD, 0xB3, 
	0xC5, 0xBE, 0xB8, 0xB9, 0xC0, 0xC3, 0xC1, 0xBD, 0xBE, 0xBC, 0xBA, 0xB7, 0xB7, 0xB9, 0xBE, 0xC2, 
	0xC5, 0xC1, 0xB9, 0xB2, 0xAD, 0xAB, 0xA6, 0xA0, 0xA4, 0x9E, 0x9D, 0x9F, 0xA0, 0x9C, 0x96, 0x93, 
	0x98, 0x94, 0x8F, 0x8D, 0x8D, 0x8F, 0x92, 0x93, 0x8E, 0x95, 0x9D, 0x9B, 0x97, 0xA0, 0xA9, 0xA5, 
	0xAA, 0xAA, 0xAA, 0xAA, 0xAB, 0xAC, 0xAF, 0xB1, 0xB1, 0xAE, 0xC4, 0xE0, 0xE1, 0xCD, 0xB2, 0xA1, 
	0xA3, 0xA4, 0xA4, 0xA2, 0x9F, 0x9F, 0xA0, 0xA3, 0xA0, 0xA1, 0xA2, 0xA3, 0xA3, 0xA2, 0xA1, 0xA0, 
	0x9E, 0xA1, 0xA4, 0xA3, 0xA1, 0xA0, 0xA0, 0xA2, 0xA0, 0x9F, 0x9D, 0x9A, 0x99, 0x9F, 0xAF, 0xBE, 
	0xCF, 0xD0, 0xDA, 0xE5, 0xE4, 0xDA, 0xD8, 0xDE, 0xCF, 0xBC, 0xAC, 0xA9, 0xAB, 0xA7, 0xA3, 0xA2, 
	0xD0, 0xCA, 0xE6, 0xE2, 0xDF, 0xE4, 0xC9, 0xC9, 0xC1, 0xC5, 0xC9, 0xBF, 0xBF, 0xC1, 0xCA, 0xCC, 
	0xC7, 0xC7, 0xC8, 0xC8, 0xC8, 0xC7, 0xC5, 0xC5, 0xC7, 0xC7, 0xC7, 0xC7, 0xC6, 0xC6, 0xC6, 0xC6, 
	0xC7, 0xCA, 0xC7, 0xC1, 0xC1, 0xC7, 0xCA, 0xC7, 0xC9, 0xBD, 0xB2, 0xA9, 0xA0, 0x9A, 0x96, 0x97, 
	0x98, 0x9B, 0x9F, 0x9F, 0x9E, 0xA1, 0xA6, 0xAC, 0xAF, 0xB6, 0xBE, 0xC1, 0xC2, 0xC5, 0xCE, 0xD4, 
	0xD7, 0xD6, 0xDA, 0xDC, 0xD6, 0xD1, 0xD7, 0xE1, 0xEA, 0xE0, 0xD3, 0xCB, 0xC8, 0xC6, 0xC6, 0xC9, 
	0xCB, 0xD1, 0xD2, 0xCE, 0xC8, 0xC8, 0xC9, 0xC9, 0xCA, 0xC8, 0xC3, 0xBF, 0xBE, 0xC1, 0xC6, 0xCA, 
	0xCB, 0xCA, 0xCC, 0xD1, 0xD6, 0xD9, 0xD7, 0xD4, 0xDA, 0xDF, 0xE5, 0xE9, 0xEA, 0xEA, 0xE0, 0xD6, 
	0xDC, 0xD9, 0xD6, 0xD4, 0xD3, 0xD3, 0xD2, 0xD1, 0xCD, 0xCA, 0xC5, 0xC2, 0xC3, 0xC2, 0xBE, 0xBB, 
	0xBB, 0xBC, 0xBD, 0xBC, 0xBB, 0xB8, 0xB3, 0xB1, 0xA9, 0xAD, 0xB1, 0xB5, 0xB8, 0xBD, 0xC4, 0xCA, 
	0xCE, 0xC7, 0xBF, 0xBD, 0xC0, 0xC1, 0xC0, 0xBE, 0xBC, 0xBC, 0xBB, 0xBA, 0xB9, 0xBC, 0xBF, 0xC2, 
	0xC2, 0xC5, 0xC4, 0xBE, 0xB6, 0xB1, 0xAE, 0xAC, 0xAC, 0xA9, 0xA3, 0xA0, 0xA7, 0xB2, 0xB5, 0xB1, 
	0x99, 0x97, 0x98, 0x9A, 0x98, 0x93, 0x92, 0x94, 0x9F, 0x92, 0x93, 0x9E, 0xA3, 0xA8, 0xAF, 0xB4, 
	0xAE, 0xB0, 0xB2, 0xB0, 0xAE, 0xAC, 0xA9, 0xAA, 0xA6, 0xB6, 0xD5, 0xE1, 0xCC, 0xB0, 0xA6, 0xA5, 
	0xA2, 0xA3, 0xA3, 0xA1, 0x9F, 0x9F, 0xA1, 0xA3, 0xA2, 0xA3, 0xA3, 0xA3, 0xA2, 0xA0, 0xA0, 0x9F, 
	0x9D, 0x9F, 0xA1, 0xA2, 0xA1, 0xA1, 0xA1, 0xA1, 0x9D, 0x9E, 0xA0, 0xA0, 0xA2, 0xA9, 0xB9, 0xC9, 
	0xCD, 0xCB, 0xD0, 0xDA, 0xD9, 0xD3, 0xD6, 0xDF, 0xD1, 0xC4, 0xB4, 0xAC, 0xAA, 0xA8, 0xA7, 0xA7, 
	0xD5, 0xD7, 0xD5, 0xDA, 0xDA, 0xDC, 0xE5, 0xE8, 0xDC, 0xD0, 0xC6, 0xC8, 0xC8, 0xC6, 0xC0, 0xBE, 
	0xC7, 0xC7, 0xC7, 0xC6, 0xC6, 0xC6, 0xC5, 0xC5, 0xC6, 0xC5, 0xC5, 0xC5, 0xC5, 0xC4, 0xC4, 0xC4, 
	0xC3, 0xC7, 0xC7, 0xC3, 0xC2, 0xC7, 0xC7, 0xC3, 0xC7, 0xC3, 0xBF, 0xB7, 0xAC, 0xA0, 0x9D, 0x9D, 
	0x9B, 0x9B, 0x9B, 0x9B, 0x9E, 0xA2, 0xA8, 0xAD, 0xB3, 0xB8, 0xBF, 0xC2, 0xC2, 0xC4, 0xCA, 0xD0, 
	0xD2, 0xCF, 0xD0, 0xD5, 0xD6, 0xD5, 0xD6, 0xDB, 0xE5, 0xE0, 0xDA, 0xD3, 0xCB, 0xC5, 0xC6, 0xC9, 
	0xCA, 0xD2, 0xD4, 0xCC, 0xC1, 0xBE, 0xC0, 0xC3, 0xC9, 0xC5, 0xC0, 0xBC, 0xBB, 0xBD, 0xC0, 0xC4, 
	0xC6, 0xC7, 0xC9, 0xCA, 0xCE, 0xD0, 0xD1, 0xD2, 0xD6, 0xDC, 0xE3, 0xE7, 0xEA, 0xE7, 0xDC, 0xD1, 
	0xD7, 0xD6, 0xD3, 0xD1, 0xD0, 0xCF, 0xCF, 0xCD, 0xC9, 0xC6, 0xC3, 0xC1, 0xC2, 0xC3, 0xC1, 0xC0, 
	0xBD, 0xBE, 0xC1, 0xC4, 0xC4, 0xC4, 0xC3, 0xC2, 0xC2, 0xC5, 0xC9, 0xCC, 0xCF, 0xD1, 0xD5, 0xD8, 
	0xD7, 0xD1, 0xC8, 0xC1, 0xBE, 0xBB, 0xBB, 0xB9, 0xB8, 0xB9, 0xBA, 0xBA, 0xBB, 0xBD, 0xBF, 0xC1, 
	0xC6, 0xD1, 0xD7, 0xD1, 0xC6, 0xBE, 0xBC, 0xBD, 0xB9, 0xBA, 0xB5, 0xB1, 0xBC, 0xD1, 0xD8, 0xD4, 
	0xBA, 0xAD, 0xA4, 0xA1, 0xA1, 0xA3, 0xAE, 0xBC, 0xD2, 0xBE, 0xB9, 0xC4, 0xCA, 0xCA, 0xC8, 0xC3, 
	0xAE, 0xB0, 0xB4, 0xB2, 0xB0, 0xB0, 0xB3, 0xB7, 0xC0, 0xC5, 0xCF, 0xC9, 0xB1, 0xA1, 0xA1, 0xA3, 
	0xA1, 0xA2, 0xA2, 0xA0, 0x9F, 0xA0, 0xA2, 0xA4, 0xA4, 0xA4, 0xA4, 0xA3, 0xA1, 0xA0, 0x9F, 0x9E, 
	0x9D, 0x9D, 0x9E, 0x9F, 0xA1, 0xA2, 0xA1, 0xA0, 0x9E, 0x9E, 0xA1, 0xA3, 0xA4, 0xA9, 0xB7, 0xC4, 
	0xC8, 0xC4, 0xC8, 0xCE, 0xCF, 0xCA, 0xCE, 0xD7, 0xD9, 0xD1, 0xC2, 0xB2, 0xAB, 0xA9, 0xA8, 0xA6, 
	0xC5, 0xD8, 0xCF, 0xDA, 0xD8, 0xCB, 0xDF, 0xE0, 0xE8, 0xCD, 0xB3, 0xBB, 0xBF, 0xBF, 0xC0, 0xCC, 
	0xC4, 0xC5, 0xC3, 0xC3, 0xC3, 0xC3, 0xC3, 0xC4, 0xC2, 0xC2, 0xC2, 0xC2, 0xC2, 0xC1, 0xC1, 0xC1, 
	0xBD, 0xC0, 0xC0, 0xBE, 0xBD, 0xC0, 0xC0, 0xBC, 0xBA, 0xBC, 0xBC, 0xB9, 0xB2, 0xAC, 0xAA, 0xAA, 
	0xA7, 0xA4, 0xA0, 0x9E, 0xA1, 0xA5, 0xAB, 0xAD, 0xB7, 0xBC, 0xC0, 0xC2, 0xC2, 0xC2, 0xC5, 0xC8, 
	0xCE, 0xCB, 0xCC, 0xD1, 0xD3, 0xD1, 0xD0, 0xD2, 0xD6, 0xD4, 0xD1, 0xCE, 0xC7, 0xC1, 0xC0, 0xC3, 
	0xC7, 0xCD, 0xCF, 0xC7, 0xBF, 0xBB, 0xBE, 0xC2, 0xC4, 0xC5, 0xC3, 0xBF, 0xBC, 0xBC, 0xBF, 0xC4, 
	0xC3, 0xC5, 0xC7, 0xC7, 0xC7, 0xCA, 0xCF, 0xD4, 0xD5, 0xDA, 0xE0, 0xE5, 0xE9, 0xE7, 0xDE, 0xD4, 
	0xD4, 0xD2, 0xD0, 0xD0, 0xD0, 0xCE, 0xCD, 0xCB, 0xC8, 0xC5, 0xC2, 0xC0, 0xC1, 0xC3, 0xC2, 0xC3, 
	0xBF, 0xBF, 0xC0, 0xC2, 0xC3, 0xC5, 0xC7, 0xC8, 0xD0, 0xD2, 0xD4, 0xD4, 0xD4, 0xD5, 0xD6, 0xD8, 
	0xDE, 0xDA, 0xD2, 0xC9, 0xC2, 0xBD, 0xBA, 0xB9, 0xB8, 0xB8, 0xB9, 0xB9, 0xBA, 0xBD, 0xC0, 0xC3, 
	0xC6, 0xD2, 0xDA, 0xD4, 0xC6, 0xBF, 0xBD, 0xBE, 0xC1, 0xC5, 0xC7, 0xC9, 0xD1, 0xDD, 0xE3, 0xE4, 
	0xDD, 0xC8, 0xB4, 0xB1, 0xB5, 0xBF, 0xD4, 0xE7, 0xE3, 0xE0, 0xE0, 0xE0, 0xDF, 0xE2, 0xD7, 0xBF, 
	0xB3, 0xB4, 0xB3, 0xB2, 0xB4, 0xBE, 0xCB, 0xD6, 0xE1, 0xD7, 0xCB, 0xBB, 0xAA, 0xA5, 0xA4, 0x9E, 
	0xA0, 0xA0, 0xA0, 0x9F, 0xA0, 0xA0, 0xA1, 0xA2, 0xA3, 0xA3, 0xA3, 0xA2, 0xA1, 0xA1, 0xA0, 0xA0, 
	0x9E, 0x9D, 0x9C, 0x9E, 0xA1, 0xA1, 0x9F, 0x9C, 0x9D, 0x9D, 0x9E, 0xA0, 0xA2, 0xA7, 0xB4, 0xC1, 
	0xC3, 0xC0, 0xC2, 0xC9, 0xC9, 0xC3, 0xC3, 0xC9, 0xD7, 0xD4, 0xC8, 0xB9, 0xB1, 0xB0, 0xAE, 0xA8, 
	0xA7, 0xB4, 0xD3, 0xD1, 0xD6, 0xDE, 0xCB, 0xDC, 0xCE, 0xC9, 0xC7, 0xC5, 0xC2, 0xBD, 0xC0, 0xC7, 
	0xC4, 0xC3, 0xC3, 0xC3, 0xC3, 0xC3, 0xC3, 0xC3, 0xC3, 0xC3, 0xC3, 0xC2, 0xC3, 0xC2, 0xC2, 0xC2, 
	0xC2, 0xC2, 0xC2, 0xC0, 0xC0, 0xC3, 0xC2, 0xC2, 0xBF, 0xBF, 0xBF, 0xBD, 0xBC, 0xBA, 0xB8, 0xB5, 
	0xB3, 0xAF, 0xAB, 0xAB, 0xAE, 0xB2, 0xB6, 0xB8, 0xBA, 0xBD, 0xBF, 0xC0, 0xC0, 0xC0, 0xC1, 0xC2, 
	0xC7, 0xC7, 0xCA, 0xCC, 0xCC, 0xCA, 0xCA, 0xCC, 0xCC, 0xC8, 0xC7, 0xC7, 0xC5, 0xC3, 0xC3, 0xC4, 
	0xC5, 0xC8, 0xC8, 0xC3, 0xBF, 0xC0, 0xC1, 0xC1, 0xBE, 0xC3, 0xC8, 0xC6, 0xC0, 0xBE, 0xC3, 0xC9, 
	0xC4, 0xC7, 0xC8, 0xC6, 0xC4, 0xC5, 0xCB, 0xD2, 0xDA, 0xDD, 0xDE, 0xE1, 0xE4, 0xE5, 0xDF, 0xD7, 
	0xCF, 0xCE, 0xCC, 0xCC, 0xCC, 0xCB, 0xCA, 0xC9, 0xC9, 0xC7, 0xC4, 0xC1, 0xC1, 0xC1, 0xC2, 0xC2, 
	0xC1, 0xC0, 0xBE, 0xBE, 0xC0, 0xC4, 0xC7, 0xC9, 0xCC, 0xCC, 0xCD, 0xCD, 0xCE, 0xD0, 0xD4, 0xD6, 
	0xDE, 0xDC, 0xD7, 0xD1, 0xCB, 0xC6, 0xC3, 0xC2, 0xBC, 0xBC, 0xBB, 0xBA, 0xBB, 0xBE, 0xC4, 0xC8, 
	0xCE, 0xD6, 0xDC, 0xD4, 0xC7, 0xBF, 0xBE, 0xBE, 0xC0, 0xC3, 0xCC, 0xD4, 0xD4, 0xD4, 0xDC, 0xE5, 
	0xE3, 0xD5, 0xCC, 0xD1, 0xD7, 0xD9, 0xDC, 0xE3, 0xD1, 0xD8, 0xE3, 0xE6, 0xE5, 0xE6, 0xDE, 0xCC, 
	0xC5, 0xC3, 0xC1, 0xC0, 0xC2, 0xCD, 0xDC, 0xE6, 0xE2, 0xE2, 0xDE, 0xCA, 0xB0, 0xA5, 0xA4, 0xA0, 
	0xA0, 0xA0, 0x9F, 0x9E, 0x9E, 0x9E, 0x9F, 0x9F, 0xA0, 0xA0, 0xA0, 0xA0, 0xA1, 0xA1, 0xA2, 0xA2, 
	0xA0, 0x9F, 0x9D, 0x9E, 0x9F, 0x9F, 0x9C, 0x99, 0x98, 0x98, 0x9A, 0x9F, 0xA4, 0xAD, 0xBD, 0xCA, 
	0xC0, 0xBC, 0xBC, 0xC0, 0xC1, 0xC0, 0xC1, 0xC4, 0xCC, 0xCC, 0xC6, 0xBE, 0xBC, 0xBD, 0xB7, 0xAE, 
	0x7E, 0x98, 0xAF, 0xC0, 0xD9, 0xE0, 0xCF, 0xC8, 0x99, 0xAD, 0xBD, 0xAB, 0xB3, 0xBB, 0xC5, 0xB6, 
	0xC3, 0xC4, 0xC4, 0xC4, 0xC4, 0xC4, 0xC4, 0xC4, 0xC3, 0xC3, 0xC3, 0xC3, 0xC2, 0xC2, 0xC2, 0xC2, 
	0xC4, 0xC4, 0xC4, 0xC2, 0xC2, 0xC3, 0xC4, 0xC4, 0xC5, 0xC4, 0xC2, 0xC1, 0xC4, 0xC7, 0xC5, 0xC1, 
	0xBD, 0xBB, 0xBA, 0xBB, 0xBE, 0xC2, 0xC4, 0xC6, 0xBC, 0xBC, 0xBD, 0xBD, 0xBE, 0xBD, 0xBC, 0xBD, 
	0xBE, 0xC0, 0xC3, 0xC5, 0xC4, 0xC4, 0xC5, 0xC8, 0xC4, 0xC1, 0xBF, 0xC2, 0xC6, 0xC6, 0xC6, 0xC8, 
	0xC8, 0xC8, 0xC5, 0xC2, 0xC2, 0xC3, 0xC3, 0xC0, 0xBD, 0xC3, 0xC9, 0xC8, 0xC3, 0xC3, 0xC7, 0xCC, 
	0xCC, 0xCE, 0xCE, 0xCB, 0xC7, 0xC7, 0xCC, 0xD1, 0xDA, 0xDA, 0xD8, 0xD7, 0xDA, 0xDC, 0xDA, 0xD4, 
	0xCE, 0xCC, 0xC9, 0xC8, 0xC8, 0xC7, 0xC6, 0xC5, 0xC9, 0xC7, 0xC4, 0xC2, 0xC0, 0xBE, 0xBE, 0xBE, 
	0xBF, 0xBE, 0xBE, 0xBF, 0xC2, 0xC5, 0xC9, 0xCC, 0xCC, 0xCB, 0xCA, 0xCA, 0xCC, 0xCF, 0xD1, 0xD3, 
	0xD1, 0xD0, 0xCF, 0xCE, 0xCD, 0xCB, 0xCA, 0xC8, 0xC2, 0xC1, 0xBE, 0xBD, 0xBD, 0xC1, 0xC7, 0xCB, 
	0xD2, 0xD9, 0xDB, 0xD2, 0xC6, 0xC0, 0xBF, 0xC0, 0xC4, 0xC6, 0xD0, 0xD8, 0xD3, 0xCB, 0xD4, 0xE4, 
	0xE1, 0xDF, 0xE1, 0xE7, 0xE9, 0xE1, 0xD4, 0xCD, 0xC8, 0xC6, 0xD4, 0xE4, 0xE5, 0xE3, 0xE7, 0xE9, 
	0xDD, 0xDB, 0xD8, 0xD5, 0xD5, 0xD9, 0xDF, 0xE3, 0xE0, 0xE0, 0xDD, 0xCD, 0xB2, 0xA6, 0xA5, 0xA2, 
	0xA1, 0x9F, 0x9D, 0x9C, 0x9C, 0x9C, 0x9C, 0x9B, 0x9B, 0x9C, 0x9C, 0x9D, 0x9F, 0x9F, 0xA1, 0xA2, 
	0xA0, 0xA0, 0x9F, 0x9F, 0x9E, 0x9D, 0x9A, 0x99, 0x98, 0x98, 0x9A, 0x9E, 0xA3, 0xAC, 0xBA, 0xC7, 
	0xBD, 0xB6, 0xB1, 0xB5, 0xB9, 0xBD, 0xC2, 0xC7, 0xC8, 0xC9, 0xC7, 0xC5, 0xC3, 0xBF, 0xB7, 0xAE, 
	0x5E, 0x82, 0x7D, 0xA1, 0xCE, 0xC9, 0xAF, 0x7C, 0x6D, 0x73, 0x7B, 0x59, 0x75, 0x8E, 0xBD, 0xBE, 
	0xC1, 0xC2, 0xC3, 0xC4, 0xC4, 0xC3, 0xC4, 0xC3, 0xC1, 0xC1, 0xC1, 0xC1, 0xC1, 0xC0, 0xC0, 0xC0, 
	0xC1, 0xC1, 0xC1, 0xC1, 0xC1, 0xC1, 0xC1, 0xC1, 0xC1, 0xC2, 0xC1, 0xC2, 0xC7, 0xCD, 0xCE, 0xC9, 
	0xC7, 0xC8, 0xC7, 0xC8, 0xC8, 0xC7, 0xC6, 0xC6, 0xBC, 0xBA, 0xB9, 0xB9, 0xBA, 0xBA, 0xBA, 0xB9, 
	0xB8, 0xBA, 0xBC, 0xBD, 0xBE, 0xBF, 0xC0, 0xC0, 0xBC, 0xBA, 0xBB, 0xC1, 0xC4, 0xC5, 0xC6, 0xC8, 
	0xC9, 0xC9, 0xC6, 0xC3, 0xC4, 0xC6, 0xC6, 0xC3, 0xBF, 0xC1, 0xC3, 0xC3, 0xC4, 0xC5, 0xC8, 0xCB, 
	0xCE, 0xD0, 0xD2, 0xD0, 0xCD, 0xCD, 0xD1, 0xD5, 0xD8, 0xD7, 0xD4, 0xD3, 0xD7, 0xDD, 0xDC, 0xD8, 
	0xD5, 0xD3, 0xCF, 0xCC, 0xCA, 0xC9, 0xC7, 0xC6, 0xC6, 0xC5, 0xC4, 0xC1, 0xBE, 0xBC, 0xBB, 0xBB, 
	0xBA, 0xBB, 0xBE, 0xC0, 0xC3, 0xC6, 0xC8, 0xC9, 0xCA, 0xC9, 0xC8, 0xC9, 0xC9, 0xCA, 0xCA, 0xCA, 
	0xC5, 0xC4, 0xC3, 0xC4, 0xC5, 0xC7, 0xC7, 0xC7, 0xC2, 0xC2, 0xC1, 0xC0, 0xBF, 0xC2, 0xC6, 0xC9, 
	0xC7, 0xCF, 0xD2, 0xCA, 0xBE, 0xB8, 0xBA, 0xBC, 0xCB, 0xD2, 0xDC, 0xE0, 0xD9, 0xD0, 0xD5, 0xDF, 
	0xDF, 0xE4, 0xE7, 0xE7, 0xE3, 0xDD, 0xD2, 0xC9, 0xC4, 0xBD, 0xC4, 0xD3, 0xD9, 0xDD, 0xE7, 0xEA, 
	0xE9, 0xE6, 0xE3, 0xE1, 0xE1, 0xDF, 0xDD, 0xDB, 0xE3, 0xDA, 0xD5, 0xCC, 0xBB, 0xAF, 0xAB, 0xA5, 
	0xA2, 0x9F, 0x9C, 0x9A, 0x9A, 0x9A, 0x98, 0x97, 0x97, 0x97, 0x98, 0x98, 0x9A, 0x9C, 0x9E, 0x9F, 
	0x9F, 0x9F, 0xA0, 0xA0, 0x9E, 0x9C, 0x9B, 0x9B, 0x9E, 0x9D, 0x9D, 0x9F, 0xA0, 0xA5, 0xAE, 0xB7, 
	0xB7, 0xB1, 0xAC, 0xAE, 0xB5, 0xBC, 0xC1, 0xC4, 0xC5, 0xC6, 0xC9, 0xCA, 0xC6, 0xBD, 0xB6, 0xB3, 
	0x5C, 0x58, 0x52, 0x5A, 0x99, 0xBD, 0x8D, 0x69, 0x5D, 0x5E, 0x72, 0x4E, 0x5D, 0x58, 0x93, 0xAB, 
	0xBE, 0xBF, 0xC1, 0xC3, 0xC3, 0xC3, 0xC2, 0xC1, 0xC3, 0xC3, 0xC3, 0xC3, 0xC2, 0xC2, 0xC2, 0xC2, 
	0xC1, 0xC2, 0xC3, 0xC4, 0xC4, 0xC3, 0xC2, 0xC1, 0xBF, 0xC3, 0xC3, 0xC4, 0xC7, 0xCD, 0xCE, 0xCB, 
	0xD0, 0xD1, 0xD1, 0xCF, 0xC9, 0xC3, 0xBF, 0xBC, 0xBC, 0xB9, 0xB7, 0xB7, 0xB8, 0xB9, 0xB8, 0xB8, 
	0xB7, 0xB7, 0xB6, 0xB7, 0xB9, 0xBC, 0xBB, 0xB8, 0xB6, 0xB8, 0xBC, 0xC2, 0xC4, 0xC4, 0xC6, 0xC9, 
	0xC8, 0xC9, 0xC8, 0xC4, 0xC4, 0xC7, 0xC8, 0xC8, 0xC2, 0xBE, 0xBC, 0xBD, 0xC2, 0xC6, 0xC8, 0xC9, 
	0xC8, 0xCB, 0xCE, 0xCE, 0xCE, 0xCF, 0xD3, 0xD7, 0xD8, 0xD8, 0xD7, 0xD8, 0xDE, 0xE5, 0xE6, 0xE4, 
	0xE0, 0xDC, 0xD7, 0xD2, 0xD0, 0xCE, 0xCC, 0xCA, 0xC3, 0xC3, 0xC3, 0xC0, 0xBC, 0xBA, 0xB9, 0xB9, 
	0xB5, 0xB8, 0xBD, 0xC1, 0xC4, 0xC4, 0xC4, 0xC3, 0xBC, 0xBC, 0xBE, 0xC1, 0xC4, 0xC4, 0xC4, 0xC3, 
	0xC4, 0xC1, 0xBE, 0xBE, 0xC1, 0xC4, 0xC4, 0xC4, 0xC1, 0xC1, 0xC1, 0xC0, 0xC0, 0xC1, 0xC3, 0xC4, 
	0xC9, 0xD4, 0xDA, 0xD2, 0xC5, 0xC0, 0xC3, 0xC9, 0xCF, 0xDC, 0xE7, 0xE6, 0xDF, 0xD8, 0xD5, 0xD4, 
	0xD3, 0xDF, 0xE5, 0xE1, 0xDB, 0xD7, 0xD1, 0xC9, 0xC3, 0xC2, 0xC5, 0xC9, 0xD3, 0xE7, 0xEA, 0xE6, 
	0xE9, 0xE5, 0xE1, 0xE0, 0xE1, 0xE1, 0xDF, 0xDD, 0xDC, 0xDA, 0xE1, 0xE0, 0xCD, 0xBA, 0xB0, 0xAB, 
	0xA3, 0x9F, 0x9B, 0x99, 0x98, 0x98, 0x96, 0x95, 0x95, 0x94, 0x94, 0x95, 0x97, 0x98, 0x9A, 0x9C, 
	0x9D, 0x9F, 0xA1, 0xA0, 0x9E, 0x9C, 0x9C, 0x9D, 0xA1, 0xA0, 0xA0, 0xA2, 0xA3, 0xA5, 0xAB, 0xB2, 
	0xB2, 0xAD, 0xAB, 0xAF, 0xB6, 0xBA, 0xBB, 0xBC, 0xBB, 0xBE, 0xC6, 0xCD, 0xC9, 0xC0, 0xBE, 0xC2, 
	0x48, 0x36, 0x5A, 0x91, 0x9E, 0x9B, 0x4F, 0x49, 0x50, 0x5B, 0x55, 0x49, 0x50, 0x4E, 0x6A, 0xBC, 
	0xC2, 0xC3, 0xBE, 0xC1, 0xC2, 0xC5, 0xCB, 0xBD, 0xBF, 0xC0, 0xC0, 0xC1, 0xC1, 0xC1, 0xC0, 0xC0, 
	0xC1, 0xC1, 0xC0, 0xC0, 0xC1, 0xC2, 0xC3, 0xC3, 0xC0, 0xC2, 0xC2, 0xC2, 0xC9, 0xD5, 0xD8, 0xD3, 
	0xDA, 0xD7, 0xD3, 0xCD, 0xC7, 0xC2, 0xBE, 0xBC, 0xB9, 0xB8, 0xB8, 0xB8, 0xB6, 0xB7, 0xB7, 0xB7, 
	0xB8, 0xB9, 0xBA, 0xB9, 0xB7, 0xB5, 0xB6, 0xB7, 0xBC, 0xBC, 0xBF, 0xC2, 0xC3, 0xC5, 0xC5, 0xC5, 
	0xCA, 0xC7, 0xC9, 0xCF, 0xD3, 0xCF, 0xC9, 0xC7, 0xC5, 0xC3, 0xBE, 0xBC, 0xBF, 0xC4, 0xC4, 0xC1, 
	0xC5, 0xC7, 0xC8, 0xCB, 0xD2, 0xDA, 0xDB, 0xD6, 0xD4, 0xD1, 0xD1, 0xD8, 0xE1, 0xE5, 0xE2, 0xDB, 
	0xD8, 0xD6, 0xD5, 0xD6, 0xDB, 0xDF, 0xE0, 0xE0, 0xD1, 0xC8, 0xBF, 0xB9, 0xB7, 0xB7, 0xB4, 0xB0, 
	0xB4, 0xB5, 0xB8, 0xBA, 0xBC, 0xBB, 0xBC, 0xBE, 0xBA, 0xB8, 0xB5, 0xB4, 0xB6, 0xB9, 0xBB, 0xBC, 
	0xBC, 0xBB, 0xB9, 0xB8, 0xB8, 0xBA, 0xBC, 0xBD, 0xBC, 0xBE, 0xBF, 0xBC, 0xB9, 0xBB, 0xC1, 0xC7, 
	0xD1, 0xD9, 0xE2, 0xE4, 0xE1, 0xDC, 0xD9, 0xD9, 0xE0, 0xE6, 0xE9, 0xE3, 0xD9, 0xD2, 0xCE, 0xCC, 
	0xD5, 0xD5, 0xD1, 0xD3, 0xD4, 0xCA, 0xC2, 0xC8, 0xC2, 0xC3, 0xC3, 0xC9, 0xD7, 0xE4, 0xE6, 0xE3, 
	0xE3, 0xE4, 0xE5, 0xE4, 0xE3, 0xE1, 0xE1, 0xE2, 0xE1, 0xE1, 0xDF, 0xD7, 0xC9, 0xBC, 0xB0, 0xAB, 
	0xAA, 0xA3, 0x9E, 0x9D, 0x9C, 0x98, 0x92, 0x8F, 0x93, 0x92, 0x93, 0x96, 0x99, 0x98, 0x98, 0x98, 
	0x9C, 0x9B, 0x99, 0x99, 0x9B, 0x9E, 0x9F, 0x9F, 0xA0, 0xA3, 0xA5, 0xA7, 0xA8, 0xAA, 0xAB, 0xAE, 
	0xB4, 0xB2, 0xB1, 0xAF, 0xAE, 0xAF, 0xB3, 0xB6, 0xB7, 0xB9, 0xC0, 0xCD, 0xD8, 0xD9, 0xCF, 0xC4, 
	0x33, 0x3E, 0x48, 0x3D, 0x38, 0x5A, 0x46, 0x42, 0x3B, 0x47, 0x49, 0x44, 0x4A, 0x4A, 0x6B, 0xC2, 
	0xDF, 0xD2, 0xBD, 0xC1, 0xC4, 0xBE, 0xC2, 0xC0, 0xC1, 0xC1, 0xC1, 0xC0, 0xBF, 0xBE, 0xBE, 0xBC, 
	0xBB, 0xBB, 0xBC, 0xBD, 0xBD, 0xBD, 0xBD, 0xBE, 0xC3, 0xC4, 0xC6, 0xCA, 0xD4, 0xE0, 0xE7, 0xE8, 
	0xE2, 0xDF, 0xDA, 0xD2, 0xCB, 0xC5, 0xBF, 0xBD, 0xB7, 0xB6, 0xB5, 0xB4, 0xB4, 0xB5, 0xB6, 0xB8, 
	0xBC, 0xBE, 0xC0, 0xC1, 0xBE, 0xBC, 0xBC, 0xBC, 0xBD, 0xC0, 0xC3, 0xC4, 0xC5, 0xC6, 0xC7, 0xC9, 
	0xCE, 0xCE, 0xD4, 0xDB, 0xDA, 0xD0, 0xC5, 0xBF, 0xC2, 0xC3, 0xC2, 0xBF, 0xC0, 0xC3, 0xC5, 0xC3, 
	0xC2, 0xC4, 0xC4, 0xC4, 0xCB, 0xD4, 0xD5, 0xD3, 0xD1, 0xCE, 0xCD, 0xD3, 0xDC, 0xDF, 0xDC, 0xD8, 
	0xD9, 0xD7, 0xD6, 0xD7, 0xD8, 0xDB, 0xDD, 0xDF, 0xD5, 0xCC, 0xC0, 0xB8, 0xB4, 0xB2, 0xAE, 0xAA, 
	0xAE, 0xB3, 0xB7, 0xB9, 0xB9, 0xB9, 0xB9, 0xBB, 0xBC, 0xB9, 0xB5, 0xB2, 0xB2, 0xB5, 0xB8, 0xBB, 
	0xB7, 0xB6, 0xB4, 0xB3, 0xB3, 0xB5, 0xB8, 0xB9, 0xBA, 0xBC, 0xBC, 0xB9, 0xB7, 0xB8, 0xBD, 0xC3, 
	0xCC, 0xD4, 0xDD, 0xE2, 0xE3, 0xE3, 0xE4, 0xE7, 0xE3, 0xE5, 0xE6, 0xE3, 0xDE, 0xD9, 0xD0, 0xC8, 
	0xC8, 0xCA, 0xCA, 0xCD, 0xCE, 0xC3, 0xBC, 0xC4, 0xC8, 0xC7, 0xC5, 0xC8, 0xD3, 0xDF, 0xE4, 0xE2, 
	0xE2, 0xE4, 0xE6, 0xE7, 0xE6, 0xE4, 0xE2, 0xE1, 0xDC, 0xDC, 0xDA, 0xD4, 0xCA, 0xC0, 0xB8, 0xB4, 
	0xB4, 0xB0, 0xAC, 0xAA, 0xA5, 0x9E, 0x99, 0x99, 0x96, 0x95, 0x95, 0x97, 0x98, 0x99, 0x99, 0x99, 
	0x9F, 0xA0, 0xA1, 0xA2, 0xA2, 0xA1, 0x9F, 0x9E, 0xA0, 0xA1, 0xA1, 0xA1, 0xA2, 0xA5, 0xA8, 0xAB, 
	0xB1, 0xB0, 0xAE, 0xAC, 0xAB, 0xAD, 0xB1, 0xB3, 0xBD, 0xBD, 0xC4, 0xCF, 0xD7, 0xDA, 0xD5, 0xCF, 
	0x30, 0x3E, 0x29, 0x59, 0x4D, 0x7B, 0x4A, 0x39, 0x39, 0x4B, 0x4F, 0x47, 0x4E, 0x50, 0x64, 0xA2, 
	0xE6, 0xE8, 0xD4, 0xCD, 0xCB, 0xBD, 0xB9, 0xBA, 0xBD, 0xBD, 0xBC, 0xBC, 0xBB, 0xBA, 0xBA, 0xB9, 
	0xB8, 0xB9, 0xBA, 0xBB, 0xBB, 0xBB, 0xBB, 0xBB, 0xBA, 0xBA, 0xBE, 0xC6, 0xCE, 0xD7, 0xE1, 0xE9, 
	0xE8, 0xE4, 0xDF, 0xD7, 0xCE, 0xC6, 0xC0, 0xBD, 0xB7, 0xB6, 0xB3, 0xB1, 0xB2, 0xB4, 0xB6, 0xB7, 
	0xBE, 0xC1, 0xC6, 0xC7, 0xC6, 0xC3, 0xBF, 0xBD, 0xBF, 0xC3, 0xC7, 0xC8, 0xC7, 0xC7, 0xCA, 0xCC, 
	0xD0, 0xD4, 0xDA, 0xDE, 0xDA, 0xCE, 0xC4, 0xBF, 0xBD, 0xC1, 0xC3, 0xBF, 0xBE, 0xC0, 0xC2, 0xC2, 
	0xC0, 0xBF, 0xBD, 0xBD, 0xC2, 0xCA, 0xCC, 0xCB, 0xCB, 0xC9, 0xC9, 0xCE, 0xD5, 0xD8, 0xD6, 0xD3, 
	0xD6, 0xD5, 0xD5, 0xD4, 0xD3, 0xD5, 0xD7, 0xDA, 0xDA, 0xD0, 0xC2, 0xB6, 0xB1, 0xAD, 0xAA, 0xA7, 
	0xA8, 0xAB, 0xB0, 0xB1, 0xB2, 0xB2, 0xB3, 0xB5, 0xB6, 0xB5, 0xB1, 0xAC, 0xA9, 0xAA, 0xAE, 0xB1, 
	0xAE, 0xAD, 0xAD, 0xAC, 0xAD, 0xAF, 0xB1, 0xB2, 0xB6, 0xB7, 0xB7, 0xB5, 0xB2, 0xB2, 0xB7, 0xBC, 
	0xC0, 0xC7, 0xD0, 0xD7, 0xDC, 0xE1, 0xE7, 0xEA, 0xE7, 0xE3, 0xDC, 0xDA, 0xDC, 0xDD, 0xD5, 0xCA, 
	0xC1, 0xC1, 0xC0, 0xC2, 0xC3, 0xBC, 0xB9, 0xC3, 0xC6, 0xC6, 0xC6, 0xC7, 0xD0, 0xD9, 0xDD, 0xDE, 
	0xE3, 0xE4, 0xE7, 0xE8, 0xE6, 0xE4, 0xE0, 0xDD, 0xDB, 0xDB, 0xDA, 0xD6, 0xD0, 0xCA, 0xC6, 0xC4, 
	0xC2, 0xC0, 0xBD, 0xB7, 0xAC, 0xA1, 0x9D, 0x9E, 0x9F, 0x9F, 0x9E, 0x9E, 0x9F, 0x9F, 0x9F, 0x9E, 
	0xA4, 0xA5, 0xA7, 0xA7, 0xA5, 0xA1, 0x9F, 0x9E, 0x9F, 0x9E, 0x9D, 0x9B, 0x9C, 0xA0, 0xA5, 0xAA, 
	0xAF, 0xAE, 0xAD, 0xAC, 0xAA, 0xAB, 0xAE, 0xB1, 0xB4, 0xB4, 0xB6, 0xBC, 0xC4, 0xC8, 0xC8, 0xC7, 
	0x2E, 0x35, 0x4A, 0x6C, 0x79, 0x56, 0x57, 0x53, 0x35, 0x49, 0x4B, 0x3F, 0x4D, 0x57, 0x56, 0x6F, 
	0xB3, 0xDE, 0xE0, 0xD4, 0xD3, 0xCA, 0xC4, 0xC0, 0xBF, 0xBF, 0xBF, 0xBF, 0xC0, 0xC0, 0xC1, 0xC2, 
	0xBE, 0xBD, 0xBD, 0xBD, 0xBD, 0xBD, 0xBD, 0xBE, 0xC1, 0xC0, 0xC3, 0xCB, 0xCE, 0xCF, 0xD8, 0xE3, 
	0xE4, 0xE1, 0xDB, 0xD3, 0xCB, 0xC3, 0xBE, 0xBC, 0xB8, 0xB7, 0xB4, 0xB2, 0xB2, 0xB4, 0xB7, 0xB9, 
	0xBC, 0xBF, 0xC4, 0xC7, 0xC6, 0xC2, 0xBD, 0xBA, 0xBF, 0xC4, 0xC8, 0xC8, 0xC5, 0xC5, 0xC9, 0xCE, 
	0xD2, 0xD6, 0xDA, 0xDA, 0xD6, 0xCF, 0xCD, 0xCD, 0xC3, 0xC4, 0xC3, 0xBF, 0xBE, 0xC0, 0xC1, 0xC0, 
	0xC3, 0xC1, 0xBF, 0xBF, 0xC2, 0xC5, 0xC7, 0xC6, 0xC5, 0xC5, 0xC6, 0xCA, 0xCF, 0xD1, 0xCE, 0xCB, 
	0xCF, 0xD2, 0xD4, 0xD4, 0xD2, 0xD1, 0xD3, 0xD4, 0xD9, 0xCE, 0xC0, 0xB6, 0xB1, 0xB0, 0xB1, 0xB0, 
	0xAE, 0xAC, 0xA7, 0xA7, 0xA8, 0xAB, 0xAD, 0xAE, 0xB0, 0xB0, 0xAE, 0xA9, 0xA3, 0xA1, 0xA4, 0xA8, 
	0xA6, 0xA6, 0xA5, 0xA6, 0xA7, 0xAA, 0xAC, 0xAD, 0xB0, 0xB1, 0xB1, 0xB0, 0xAD, 0xAD, 0xB1, 0xB3, 
	0xB6, 0xBC, 0xC3, 0xCB, 0xD0, 0xD6, 0xDD, 0xE2, 0xE2, 0xD9, 0xCB, 0xC6, 0xCB, 0xD2, 0xD0, 0xC9, 
	0xC4, 0xBF, 0xB7, 0xB6, 0xBB, 0xBA, 0xBC, 0xC8, 0xC4, 0xC6, 0xC8, 0xCB, 0xD0, 0xD6, 0xDA, 0xDC, 
	0xE3, 0xE4, 0xE7, 0xE7, 0xE7, 0xE2, 0xDC, 0xD8, 0xD9, 0xD9, 0xD9, 0xD8, 0xD6, 0xD1, 0xCF, 0xCD, 
	0xCA, 0xC7, 0xC5, 0xC0, 0xB6, 0xAC, 0xA8, 0xAA, 0xB1, 0xB1, 0xB0, 0xAF, 0xAE, 0xAE, 0xAB, 0xA7, 
	0xA6, 0xA7, 0xA7, 0xA5, 0xA1, 0x9F, 0x9E, 0x9F, 0x9E, 0x9D, 0x9B, 0x99, 0x9B, 0x9F, 0xA4, 0xA8, 
	0xAE, 0xAE, 0xAD, 0xAD, 0xAC, 0xAD, 0xAE, 0xB0, 0xB2, 0xB2, 0xB3, 0xB3, 0xB6, 0xBA, 0xBF, 0xC2, 
	0x35, 0x54, 0x6E, 0x73, 0x67, 0x3F, 0x5A, 0x63, 0x42, 0x46, 0x43, 0x39, 0x44, 0x4A, 0x47, 0x5E, 
	0xA2, 0xD2, 0xDC, 0xD6, 0xD6, 0xCD, 0xC4, 0xC0, 0xBE, 0xBE, 0xBE, 0xBE, 0xBE, 0xBF, 0xC1, 0xC2, 
	0xC6, 0xC4, 0xC1, 0xBF, 0xBE, 0xC0, 0xC2, 0xC3, 0xC7, 0xC7, 0xCB, 0xD0, 0xCE, 0xC8, 0xCC, 0xD5, 
	0xD7, 0xD5, 0xCF, 0xC9, 0xC4, 0xBE, 0xBB, 0xB9, 0xB8, 0xB6, 0xB4, 0xB3, 0xB3, 0xB4, 0xB7, 0xB8, 
	0xB8, 0xBB, 0xC0, 0xC3, 0xC3, 0xC0, 0xBA, 0xB6, 0xBC, 0xC1, 0xC5, 0xC5, 0xC4, 0xC4, 0xC9, 0xCE, 
	0xD6, 0xD9, 0xDD, 0xDA, 0xD5, 0xD4, 0xD5, 0xD7, 0xD0, 0xCC, 0xC5, 0xC0, 0xC0, 0xC3, 0xC3, 0xC1, 
	0xC5, 0xC3, 0xC2, 0xC3, 0xC3, 0xC3, 0xC2, 0xC2, 0xBE, 0xBF, 0xC2, 0xC5, 0xC8, 0xC7, 0xC4, 0xC2, 
	0xC8, 0xCD, 0xD1, 0xD3, 0xD1, 0xCF, 0xCE, 0xCF, 0xCF, 0xC6, 0xBC, 0xB5, 0xB5, 0xB9, 0xBF, 0xC3, 
	0xBF, 0xB4, 0xA7, 0xA0, 0xA2, 0xA6, 0xA7, 0xA6, 0xAB, 0xAC, 0xAD, 0xAA, 0xA4, 0x9F, 0x9F, 0xA1, 
	0xA1, 0xA1, 0xA2, 0xA2, 0xA4, 0xA6, 0xA7, 0xA9, 0xA7, 0xA8, 0xA9, 0xA8, 0xA7, 0xA7, 0xA8, 0xAA, 
	0xAD, 0xB2, 0xBA, 0xC0, 0xC6, 0xCB, 0xCE, 0xD2, 0xCE, 0xC7, 0xBC, 0xB6, 0xB9, 0xC0, 0xC2, 0xBF, 
	0xC0, 0xBA, 0xB1, 0xB5, 0xBF, 0xC0, 0xC1, 0xCA, 0xC9, 0xC9, 0xC9, 0xCB, 0xCE, 0xD2, 0xD8, 0xDC, 
	0xE0, 0xE1, 0xE4, 0xE6, 0xE7, 0xE4, 0xDE, 0xDA, 0xD5, 0xD6, 0xD6, 0xD7, 0xD6, 0xD1, 0xCC, 0xC9, 
	0xC9, 0xC6, 0xC4, 0xC4, 0xC2, 0xBD, 0xBC, 0xBD, 0xC0, 0xC3, 0xC3, 0xBF, 0xBC, 0xB9, 0xB2, 0xAB, 
	0xA2, 0xA3, 0xA5, 0xA4, 0xA2, 0x9F, 0x9C, 0x9B, 0x99, 0x99, 0x99, 0x9A, 0x9B, 0x9E, 0xA2, 0xA5, 
	0xAB, 0xAC, 0xAC, 0xAB, 0xAA, 0xAC, 0xAD, 0xAF, 0xB2, 0xB3, 0xB2, 0xB1, 0xB2, 0xB8, 0xBE, 0xC3, 
	0x2B, 0x4C, 0x45, 0x71, 0x4E, 0x50, 0x44, 0x4D, 0x45, 0x39, 0x37, 0x3C, 0x45, 0x46, 0x56, 0x88, 
	0xC1, 0xD1, 0xCE, 0xD5, 0xDB, 0xCE, 0xC8, 0xC8, 0xC2, 0xC2, 0xC1, 0xC0, 0xC0, 0xC0, 0xC1, 0xC2, 
	0xC7, 0xC5, 0xC3, 0xC1, 0xC1, 0xC2, 0xC4, 0xC6, 0xC4, 0xC6, 0xC9, 0xCA, 0xC7, 0xC3, 0xC3, 0xC6, 
	0xCA, 0xC8, 0xC5, 0xC1, 0xBD, 0xBA, 0xB8, 0xB6, 0xB5, 0xB5, 0xB4, 0xB4, 0xB3, 0xB3, 0xB3, 0xB3, 
	0xB4, 0xB6, 0xBB, 0xBF, 0xC2, 0xBF, 0xBB, 0xB7, 0xBB, 0xBF, 0xC3, 0xC3, 0xC3, 0xC4, 0xC9, 0xCE, 
	0xD4, 0xD9, 0xDC, 0xD9, 0xD5, 0xD1, 0xD0, 0xCF, 0xD1, 0xCB, 0xC2, 0xBB, 0xBC, 0xC0, 0xBF, 0xBB, 
	0xBC, 0xBB, 0xBB, 0xBD, 0xBC, 0xBA, 0xB9, 0xBA, 0xB8, 0xBA, 0xBB, 0xBD, 0xBC, 0xBB, 0xB9, 0xB8, 
	0xBC, 0xBF, 0xC4, 0xC6, 0xC6, 0xC3, 0xC1, 0xBF, 0xBE, 0xBA, 0xB5, 0xB3, 0xB6, 0xBD, 0xC4, 0xC7, 
	0xC7, 0xB9, 0xA9, 0xA0, 0xA0, 0xA3, 0xA2, 0xA0, 0xA2, 0xA4, 0xA6, 0xA5, 0xA1, 0x9E, 0x9B, 0x9A, 
	0x9D, 0x9E, 0x9E, 0x9E, 0xA0, 0xA2, 0xA3, 0xA4, 0xA0, 0xA1, 0xA2, 0xA2, 0xA1, 0xA1, 0xA2, 0xA3, 
	0xA3, 0xA7, 0xAE, 0xB4, 0xB8, 0xBD, 0xBF, 0xC1, 0xBC, 0xBC, 0xBA, 0xB7, 0xB7, 0xBB, 0xBC, 0xB9, 
	0xB7, 0xB6, 0xB5, 0xBE, 0xC9, 0xC6, 0xC1, 0xC4, 0xCA, 0xC7, 0xC5, 0xC7, 0xCA, 0xCD, 0xD3, 0xD8, 
	0xDB, 0xDC, 0xDF, 0xE3, 0xE6, 0xE6, 0xE3, 0xE0, 0xD6, 0xD7, 0xD7, 0xD7, 0xD6, 0xD2, 0xCD, 0xC9, 
	0xCC, 0xC8, 0xC4, 0xC4, 0xC4, 0xC3, 0xC3, 0xC5, 0xC8, 0xCC, 0xCB, 0xC3, 0xBE, 0xBA, 0xB0, 0xA7, 
	0x9F, 0xA1, 0xA5, 0xA7, 0xA7, 0xA3, 0x9D, 0x98, 0x98, 0x99, 0x99, 0x9A, 0x9A, 0x9C, 0x9E, 0xA0, 
	0xA4, 0xA6, 0xA8, 0xA8, 0xA8, 0xA9, 0xA9, 0xAB, 0xB1, 0xB2, 0xB4, 0xB4, 0xB5, 0xB9, 0xBF, 0xC4, 
	0x41, 0x3C, 0x43, 0x4D, 0x53, 0x43, 0x54, 0x62, 0x53, 0x4A, 0x53, 0x5F, 0x6C, 0x74, 0x88, 0xB8, 
	0xBF, 0xBD, 0xB9, 0xC9, 0xD1, 0xCC, 0xD1, 0xD0, 0xC9, 0xC8, 0xC6, 0xC5, 0xC5, 0xC6, 0xC7, 0xC8, 
	0xC1, 0xC2, 0xC2, 0xC3, 0xC4, 0xC5, 0xC6, 0xC7, 0xC7, 0xCB, 0xCD, 0xCA, 0xC9, 0xC9, 0xC8, 0xC7, 
	0xC5, 0xC3, 0xC1, 0xBD, 0xBA, 0xB7, 0xB5, 0xB4, 0xB4, 0xB5, 0xB7, 0xB7, 0xB7, 0xB4, 0xB2, 0xB0, 
	0xB0, 0xB2, 0xB6, 0xBC, 0xC0, 0xC1, 0xBE, 0xBC, 0xBC, 0xBE, 0xC1, 0xC2, 0xC5, 0xC8, 0xCC, 0xCF, 
	0xD5, 0xD9, 0xDA, 0xD5, 0xCE, 0xC9, 0xC5, 0xC1, 0xC7, 0xC3, 0xBD, 0xB6, 0xB4, 0xB7, 0xB7, 0xB4, 
	0xB3, 0xB1, 0xB1, 0xB3, 0xB2, 0xB1, 0xB1, 0xB5, 0xB8, 0xB9, 0xB7, 0xB4, 0xB1, 0xB2, 0xB3, 0xB5, 
	0xB3, 0xB4, 0xB5, 0xB6, 0xB7, 0xB5, 0xB2, 0xB0, 0xB1, 0xAF, 0xAE, 0xAD, 0xAE, 0xB0, 0xB1, 0xB1, 
	0xB2, 0xAB, 0xA3, 0x9E, 0x9C, 0x9C, 0x9C, 0x9B, 0x9B, 0x9C, 0x9D, 0x9E, 0x9D, 0x9A, 0x98, 0x97, 
	0x98, 0x99, 0x9A, 0x9B, 0x9C, 0x9D, 0x9E, 0x9E, 0x9E, 0x9F, 0xA1, 0xA2, 0xA2, 0xA2, 0xA2, 0xA2, 
	0xA1, 0xA3, 0xA6, 0xAB, 0xAE, 0xB2, 0xB3, 0xB5, 0xB8, 0xBB, 0xBD, 0xBD, 0xBC, 0xBE, 0xBD, 0xBC, 
	0xB6, 0xBB, 0xBF, 0xC8, 0xCD, 0xC3, 0xBC, 0xBF, 0xC2, 0xC1, 0xC6, 0xCF, 0xD5, 0xD5, 0xD4, 0xD6, 
	0xD9, 0xD9, 0xDA, 0xDE, 0xE2, 0xE4, 0xE3, 0xE0, 0xD8, 0xD7, 0xD6, 0xD7, 0xD6, 0xD4, 0xD0, 0xCD, 
	0xCC, 0xC9, 0xC7, 0xC6, 0xC2, 0xC2, 0xC5, 0xCB, 0xD7, 0xD9, 0xD5, 0xCA, 0xC2, 0xBE, 0xB4, 0xAA, 
	0xA9, 0xA7, 0xA6, 0xA8, 0xAA, 0xA9, 0xA3, 0x9E, 0x9D, 0x9D, 0x9C, 0x9B, 0x9A, 0x9A, 0x9C, 0x9E, 
	0x9F, 0xA1, 0xA4, 0xA5, 0xA6, 0xA7, 0xA8, 0xA9, 0xB0, 0xB2, 0xB5, 0xB7, 0xB7, 0xB8, 0xB9, 0xBB, 
	0xAA, 0x94, 0x87, 0x81, 0x91, 0x98, 0xA1, 0xA4, 0xA3, 0xA6, 0xAB, 0xA5, 0xA9, 0xAF, 0xAB, 0xB7, 
	0xB0, 0xB6, 0xB5, 0xB8, 0xB3, 0xB1, 0xB7, 0xAA, 0xB6, 0xB6, 0xB5, 0xB5, 0xB6, 0xB8, 0xB9, 0xBB, 
	0xBD, 0xBE, 0xC2, 0xC5, 0xC7, 0xC8, 0xC8, 0xC8, 0xC5, 0xCB, 0xCA, 0xC6, 0xC4, 0xC8, 0xC9, 0xC5, 
	0xC5, 0xC3, 0xC1, 0xBD, 0xB9, 0xB6, 0xB4, 0xB3, 0xB5, 0xB7, 0xB9, 0xBB, 0xBA, 0xB6, 0xB2, 0xB0, 
	0xAC, 0xAE, 0xB2, 0xB9, 0xBF, 0xC3, 0xC2, 0xC0, 0xBE, 0xBF, 0xC0, 0xC3, 0xC7, 0xCB, 0xCF, 0xD1, 
	0xDB, 0xDD, 0xD9, 0xD0, 0xCA, 0xC7, 0xC3, 0xBE, 0xBF, 0xC0, 0xBD, 0xB6, 0xB1, 0xB1, 0xB2, 0xB2, 
	0xB2, 0xAF, 0xAF, 0xB0, 0xB1, 0xB1, 0xB4, 0xBA, 0xBC, 0xB9, 0xB5, 0xB0, 0xAC, 0xAD, 0xB1, 0xB6, 
	0xB4, 0xB1, 0xAF, 0xAF, 0xB0, 0xB0, 0xAD, 0xAA, 0xAA, 0xAA, 0xA9, 0xA8, 0xA5, 0x9F, 0x9A, 0x96, 
	0x97, 0x98, 0x99, 0x99, 0x97, 0x96, 0x97, 0x98, 0x9A, 0x9A, 0x9A, 0x9B, 0x9C, 0x9C, 0x9A, 0x99, 
	0x96, 0x96, 0x97, 0x98, 0x99, 0x99, 0x9A, 0x9B, 0xA0, 0xA1, 0xA3, 0xA5, 0xA5, 0xA6, 0xA5, 0xA5, 
	0xA6, 0xA6, 0xA8, 0xAA, 0xAC, 0xAE, 0xB1, 0xB1, 0xB8, 0xBB, 0xBB, 0xB9, 0xBB, 0xBE, 0xBF, 0xBF, 
	0xBD, 0xC4, 0xCA, 0xCE, 0xCB, 0xBE, 0xB7, 0xBD, 0xBB, 0xC0, 0xCF, 0xE2, 0xEA, 0xE6, 0xDD, 0xD8, 
	0xD9, 0xD7, 0xD7, 0xD9, 0xDC, 0xDE, 0xDD, 0xDA, 0xD6, 0xD4, 0xD2, 0xD2, 0xD3, 0xD2, 0xD0, 0xCE, 
	0xC7, 0xC8, 0xC9, 0xC9, 0xC7, 0xC8, 0xD1, 0xDC, 0xE8, 0xE9, 0xE2, 0xD6, 0xCC, 0xC9, 0xC0, 0xB6, 
	0xB8, 0xAF, 0xA6, 0xA5, 0xA8, 0xAC, 0xAA, 0xA8, 0xA3, 0xA2, 0xA0, 0x9D, 0x9A, 0x9A, 0x9C, 0x9F, 
	0x9E, 0xA0, 0xA3, 0xA5, 0xA6, 0xA7, 0xA8, 0xA9, 0xA1, 0xA4, 0xA7, 0xA9, 0xA8, 0xA4, 0xA2, 0xA0, 
	0xA0, 0xA5, 0xA8, 0xA7, 0xA7, 0xA8, 0xA7, 0xA4, 0xAA, 0xA8, 0xA5, 0xA1, 0x9F, 0xA0, 0xA3, 0xA5, 
	0xA8, 0xA8, 0xAA, 0xAE, 0xB0, 0xB1, 0xAF, 0xAC, 0xAB, 0xAC, 0xAC, 0xAF, 0xB2, 0xB4, 0xB4, 0xB4, 
	0xB1, 0xB1, 0xB1, 0xB2, 0xB3, 0xB6, 0xB7, 0xB9, 0xBD, 0xBF, 0xC0, 0xC3, 0xC5, 0xC4, 0xC4, 0xC3, 
	0xBF, 0xBE, 0xBC, 0xBA, 0xBA, 0xBA, 0xBB, 0xBC, 0xBD, 0xC5, 0xC6, 0xC1, 0xC4, 0xCB, 0xC7, 0xBC, 
	0xB5, 0xB0, 0xAD, 0xB0, 0xB9, 0xC0, 0xC1, 0xBF, 0xC0, 0xC1, 0xC2, 0xC5, 0xC7, 0xC9, 0xCA, 0xCB, 
	0xC9, 0xC5, 0xC0, 0xBB, 0xB8, 0xB6, 0xB5, 0xB6, 0xB6, 0xB7, 0xB7, 0xB7, 0xB6, 0xB5, 0xB3, 0xB3, 
	0xB6, 0xB7, 0xB9, 0xBA, 0xBB, 0xBB, 0xBA, 0xB9, 0xB9, 0xB5, 0xB0, 0xAC, 0xAA, 0xAA, 0xAD, 0xAF, 
	0xAC, 0xAC, 0xAB, 0xA9, 0xA6, 0xA4, 0xA3, 0xA3, 0xA9, 0xA7, 0xA3, 0x9F, 0x9C, 0x9A, 0x99, 0x99, 
	0x97, 0x96, 0x94, 0x93, 0x93, 0x93, 0x94, 0x95, 0x97, 0x98, 0x99, 0x99, 0x9A, 0x98, 0x96, 0x94, 
	0x99, 0x99, 0x98, 0x97, 0x96, 0x99, 0x9C, 0x9E, 0xA4, 0xAB, 0xB1, 0xB1, 0xB0, 0xB0, 0xAF, 0xAB, 
	0xAA, 0xAA, 0xA9, 0xA8, 0xA8, 0xAC, 0xB0, 0xB1, 0xB1, 0xB5, 0xBA, 0xBE, 0xC0, 0xC2, 0xC4, 0xC5, 
	0xD0, 0xC8, 0xCE, 0xCF, 0xC1, 0xBE, 0xC1, 0xB9, 0xB8, 0xC9, 0xDC, 0xE6, 0xEA, 0xEA, 0xE9, 0xE5, 
	0xE6, 0xE0, 0xD8, 0xD5, 0xD6, 0xD7, 0xD8, 0xD8, 0xDD, 0xDD, 0xDB, 0xD9, 0xD6, 0xD1, 0xCD, 0xCB, 
	0xC8, 0xC8, 0xCA, 0xCC, 0xD0, 0xD4, 0xD8, 0xD9, 0xE6, 0xE5, 0xE3, 0xDF, 0xD8, 0xCF, 0xC5, 0xBF, 
	0xC1, 0xC1, 0xBE, 0xB8, 0xB0, 0xAC, 0xAD, 0xB1, 0xAD, 0xAB, 0xA8, 0xA6, 0xA5, 0xA6, 0xA5, 0xA4, 
	0xA4, 0xA2, 0xA0, 0x9F, 0x9E, 0x9F, 0x9F, 0x9F, 0x9B, 0x9B, 0x9B, 0x9B, 0x9B, 0x99, 0x98, 0x98, 
	0x94, 0x98, 0x9A, 0x99, 0x99, 0x9B, 0x9C, 0x9B, 0xA3, 0xA5, 0xA6, 0xA8, 0xAB, 0xAD, 0xB1, 0xB4, 
	0xB3, 0xB2, 0xB3, 0xB4, 0xB6, 0xB5, 0xB1, 0xAF, 0xB0, 0xAE, 0xAD, 0xAC, 0xAC, 0xAA, 0xA8, 0xA6, 
	0xAB, 0xAA, 0xAB, 0xAC, 0xAD, 0xAF, 0xB1, 0xB2, 0xB3, 0xB4, 0xB5, 0xB7, 0xB8, 0xB7, 0xB7, 0xB6, 
	0xB5, 0xB5, 0xB6, 0xB7, 0xB8, 0xB7, 0xB7, 0xB7, 0xBA, 0xBF, 0xC3, 0xC4, 0xC9, 0xD1, 0xD1, 0xCB, 
	0xBC, 0xB9, 0xB6, 0xB7, 0xBC, 0xC0, 0xC0, 0xBE, 0xBD, 0xBE, 0xBE, 0xBE, 0xBE, 0xBB, 0xBA, 0xB9, 
	0xB4, 0xB3, 0xB2, 0xB1, 0xB1, 0xB1, 0xB1, 0xB1, 0xB0, 0xB1, 0xB4, 0xB6, 0xB9, 0xBB, 0xBC, 0xBD, 
	0xC1, 0xC1, 0xC0, 0xBE, 0xBD, 0xBC, 0xBA, 0xB9, 0xB6, 0xB4, 0xB1, 0xAD, 0xAB, 0xAA, 0xA9, 0xA9, 
	0xAB, 0xB0, 0xB3, 0xB1, 0xAB, 0xA7, 0xA6, 0xA6, 0x99, 0x9A, 0x9B, 0x9C, 0x9D, 0x9E, 0x9E, 0x9E, 
	0x94, 0x94, 0x94, 0x94, 0x93, 0x94, 0x94, 0x94, 0x94, 0x95, 0x97, 0x98, 0x9A, 0x9A, 0x9A, 0x9A, 
	0x98, 0x99, 0x9C, 0x9D, 0x9E, 0x9E, 0xA0, 0xA1, 0xA8, 0xAB, 0xAB, 0xAA, 0xAA, 0xAB, 0xA9, 0xA4, 
	0xA5, 0xA6, 0xA5, 0xA4, 0xA3, 0xA4, 0xA4, 0xA4, 0xAC, 0xAE, 0xB1, 0xB4, 0xB6, 0xB9, 0xBC, 0xBD, 
	0xC7, 0xC2, 0xCB, 0xCE, 0xC6, 0xC4, 0xC4, 0xBC, 0xC9, 0xD7, 0xE3, 0xE5, 0xE2, 0xE4, 0xE8, 0xEA, 
	0xE6, 0xE1, 0xD9, 0xD5, 0xD6, 0xD7, 0xD5, 0xD5, 0xD8, 0xDA, 0xDD, 0xDD, 0xD9, 0xD2, 0xCC, 0xC6, 
	0xC4, 0xC4, 0xC5, 0xC7, 0xCA, 0xD0, 0xD4, 0xD6, 0xDB, 0xDC, 0xDC, 0xDE, 0xDE, 0xDB, 0xD4, 0xCF, 
	0xC5, 0xC4, 0xBF, 0xB9, 0xB2, 0xAF, 0xAF, 0xB0, 0xAD, 0xAC, 0xA9, 0xA8, 0xA7, 0xA6, 0xA4, 0xA2, 
	0x9D, 0xA0, 0xA3, 0xA6, 0xA7, 0xA4, 0xA0, 0x9B, 0xA2, 0xA0, 0x9E, 0x9D, 0x9B, 0x99, 0x99, 0x99, 
	0x87, 0x8A, 0x8C, 0x8D, 0x90, 0x95, 0x98, 0x9A, 0x9E, 0xA0, 0xA4, 0xA8, 0xAA, 0xAB, 0xAD, 0xAE, 
	0xB0, 0xB0, 0xB2, 0xB5, 0xB8, 0xB8, 0xB8, 0xB6, 0xB6, 0xB5, 0xB2, 0xB1, 0xAF, 0xAD, 0xAA, 0xA7, 
	0xA7, 0xA7, 0xA7, 0xA7, 0xA7, 0xA8, 0xA9, 0xA9, 0xAA, 0xAA, 0xAA, 0xAA, 0xAA, 0xAA, 0xAA, 0xA9, 
	0xA9, 0xAA, 0xAC, 0xAD, 0xAE, 0xAE, 0xAD, 0xAC, 0xAC, 0xAC, 0xAE, 0xB1, 0xB6, 0xB8, 0xB9, 0xB9, 
	0xC1, 0xBF, 0xBC, 0xBC, 0xBD, 0xBF, 0xC0, 0xC0, 0xBB, 0xBC, 0xBD, 0xBE, 0xBC, 0xB8, 0xB5, 0xB3, 
	0xB9, 0xB9, 0xB9, 0xB8, 0xB6, 0xB3, 0xB1, 0xAF, 0xB1, 0xB1, 0xB0, 0xAE, 0xAC, 0xA9, 0xA7, 0xA6, 
	0xA9, 0xA9, 0xA9, 0xA9, 0xA9, 0xAA, 0xAA, 0xAA, 0xA7, 0xA7, 0xA7, 0xA6, 0xA6, 0xA3, 0xA1, 0xA0, 
	0xA4, 0xAB, 0xB1, 0xB0, 0xA9, 0xA3, 0xA1, 0xA2, 0xA8, 0xA2, 0x99, 0x91, 0x8F, 0x90, 0x95, 0x99, 
	0x9D, 0x9E, 0x9F, 0x9F, 0x9E, 0x9E, 0x9D, 0x9E, 0x9A, 0x9A, 0x9A, 0x9B, 0x9B, 0x9B, 0x9B, 0x9B, 
	0xA6, 0xAA, 0xAF, 0xB2, 0xB3, 0xB2, 0xB2, 0xB1, 0xAC, 0xAB, 0xA8, 0xA6, 0xA8, 0xAB, 0xA9, 0xA5, 
	0xA3, 0xA2, 0xA2, 0xA2, 0xA1, 0xA0, 0xA0, 0xA0, 0xA0, 0xA2, 0xA5, 0xAC, 0xB6, 0xBF, 0xC4, 0xC7, 
	0xC1, 0xBE, 0xC4, 0xC9, 0xC5, 0xC8, 0xC8, 0xC1, 0xCB, 0xD6, 0xDD, 0xD9, 0xD1, 0xD1, 0xDB, 0xE3, 
	0xE3, 0xDE, 0xD7, 0xD3, 0xD1, 0xD1, 0xD0, 0xCE, 0xD2, 0xD5, 0xD6, 0xD7, 0xD4, 0xCD, 0xC6, 0xC1, 
	0xC1, 0xC0, 0xBF, 0xC0, 0xC3, 0xC8, 0xCE, 0xD1, 0xD5, 0xD5, 0xD6, 0xD7, 0xD9, 0xD6, 0xCF, 0xC9, 
	0xC2, 0xBE, 0xB9, 0xB4, 0xB0, 0xAE, 0xAD, 0xAD, 0xAC, 0xAB, 0xAA, 0xA8, 0xA7, 0xA4, 0xA2, 0xA0, 
	0x9E, 0xA1, 0xA6, 0xAB, 0xAB, 0xA7, 0x9F, 0x9A, 0xA0, 0x9F, 0x9C, 0x99, 0x97, 0x97, 0x97, 0x97, 
	0x88, 0x89, 0x8B, 0x8D, 0x8D, 0x91, 0x94, 0x96, 0x98, 0x9A, 0x9E, 0xA0, 0xA0, 0xA0, 0xA0, 0xA1, 
	0xA5, 0xA7, 0xAA, 0xAD, 0xB1, 0xB3, 0xB4, 0xB4, 0xB8, 0xB7, 0xB6, 0xB7, 0xB8, 0xB8, 0xB7, 0xB5, 
	0xB8, 0xB7, 0xB7, 0xB5, 0xB4, 0xB3, 0xB3, 0xB2, 0xAC, 0xAB, 0xAA, 0xA8, 0xA7, 0xA7, 0xA7, 0xA7, 
	0xA5, 0xA5, 0xA6, 0xA6, 0xA6, 0xA4, 0xA3, 0xA2, 0xA6, 0xA1, 0xA1, 0xA5, 0xA5, 0xA2, 0xA2, 0xA6, 
	0xAC, 0xAB, 0xAB, 0xAA, 0xAB, 0xAC, 0xAE, 0xAF, 0xB1, 0xB3, 0xB5, 0xB8, 0xB8, 0xB8, 0xB7, 0xB7, 
	0xAD, 0xAD, 0xAB, 0xA9, 0xA5, 0xA0, 0x9D, 0x9A, 0x9B, 0x9B, 0x9A, 0x9A, 0x99, 0x99, 0x98, 0x97, 
	0x98, 0x9A, 0x9B, 0x9E, 0xA0, 0xA1, 0xA1, 0xA1, 0x9B, 0x9D, 0x9F, 0xA0, 0xA1, 0xA1, 0xA0, 0xA0, 
	0x97, 0x9C, 0xA1, 0xA1, 0x9D, 0x99, 0x97, 0x97, 0x94, 0x98, 0xA0, 0xA5, 0xA3, 0x9B, 0x92, 0x8B, 
	0x85, 0x87, 0x8B, 0x91, 0x98, 0x9F, 0xA6, 0xAA, 0xA1, 0xA2, 0xA5, 0xA7, 0xA9, 0xA9, 0xA9, 0xA8, 
	0xAF, 0xB2, 0xB7, 0xBB, 0xBC, 0xBB, 0xBA, 0xB9, 0xBE, 0xBB, 0xB7, 0xB2, 0xB2, 0xB3, 0xB4, 0xB3, 
	0xA7, 0xA2, 0x9F, 0x9F, 0xA1, 0xA2, 0xA5, 0xA8, 0xAD, 0xAB, 0xAB, 0xAC, 0xAF, 0xB3, 0xB5, 0xB6, 
	0xC0, 0xBE, 0xBE, 0xBD, 0xBF, 0xC5, 0xC9, 0xC6, 0xCB, 0xD5, 0xDB, 0xD9, 0xD1, 0xCF, 0xD6, 0xDD, 
	0xDD, 0xD8, 0xD4, 0xCF, 0xCE, 0xCC, 0xCB, 0xCA, 0xD3, 0xD3, 0xD1, 0xD0, 0xCC, 0xC9, 0xC6, 0xC4, 
	0xBF, 0xBE, 0xBB, 0xB9, 0xBB, 0xBF, 0xC5, 0xC8, 0xD1, 0xCD, 0xC9, 0xC7, 0xC5, 0xC2, 0xBA, 0xB4, 
	0xB5, 0xB2, 0xAE, 0xAC, 0xAC, 0xAC, 0xAC, 0xAB, 0xAE, 0xAC, 0xA9, 0xA7, 0xA5, 0xA3, 0xA1, 0x9F, 
	0xA3, 0xA3, 0xA3, 0xA4, 0xA3, 0xA0, 0x9C, 0x99, 0x9B, 0x9A, 0x99, 0x98, 0x97, 0x97, 0x97, 0x97, 
	0x9D, 0x9D, 0x9E, 0x9E, 0x9B, 0x99, 0x99, 0x99, 0x93, 0x95, 0x98, 0x9A, 0x9C, 0x9E, 0xA0, 0xA2, 
	0xA3, 0xA5, 0xA7, 0xA9, 0xAB, 0xAC, 0xAD, 0xAD, 0xB1, 0xB1, 0xB3, 0xB5, 0xB8, 0xB9, 0xB9, 0xB9, 
	0xBA, 0xBA, 0xBA, 0xB9, 0xB9, 0xB8, 0xB8, 0xB7, 0xB4, 0xB3, 0xB2, 0xB1, 0xAF, 0xAF, 0xAE, 0xAE, 
	0xAC, 0xAB, 0xA9, 0xA8, 0xA7, 0xA7, 0xA7, 0xA7, 0xA5, 0xA0, 0xA0, 0xA6, 0xA6, 0xA1, 0xA2, 0xA8, 
	0xA2, 0xA4, 0xA5, 0xA4, 0xA3, 0xA4, 0xA5, 0xA8, 0xA6, 0xA6, 0xA8, 0xA9, 0xAB, 0xAE, 0xB0, 0xB2, 
	0xB0, 0xB0, 0xB0, 0xB0, 0xB0, 0xB0, 0xB1, 0xB1, 0xA7, 0xA7, 0xA6, 0xA6, 0xA6, 0xA5, 0xA5, 0xA6, 
	0xA3, 0xA5, 0xA6, 0xA8, 0xA7, 0xA5, 0xA1, 0xA0, 0xA1, 0xA2, 0xA3, 0xA4, 0xA6, 0xA6, 0xA8, 0xA9, 
	0xB3, 0xB2, 0xB3, 0xB5, 0xB6, 0xB5, 0xB4, 0xB2, 0xB5, 0xAF, 0xA5, 0x9A, 0x90, 0x8A, 0x86, 0x85, 
	0x85, 0x84, 0x84, 0x86, 0x89, 0x8E, 0x94, 0x97, 0xA5, 0xA9, 0xB0, 0xB6, 0xBB, 0xBD, 0xBE, 0xBE, 
	0xB9, 0xBC, 0xBE, 0xBF, 0xBF, 0xBF, 0xC0, 0xC1, 0xC2, 0xC1, 0xBF, 0xBB, 0xB6, 0xB6, 0xB9, 0xBE, 
	0xC8, 0xBF, 0xB7, 0xB5, 0xB6, 0xB7, 0xBC, 0xC2, 0xC3, 0xC0, 0xBD, 0xBA, 0xB8, 0xB7, 0xB7, 0xB6, 
	0xBD, 0xBE, 0xBC, 0xB9, 0xBD, 0xC2, 0xC3, 0xC2, 0xC5, 0xC9, 0xCC, 0xCC, 0xC9, 0xC7, 0xC9, 0xCD, 
	0xCE, 0xCC, 0xCA, 0xC9, 0xC9, 0xC9, 0xCA, 0xCB, 0xD3, 0xD2, 0xD0, 0xCF, 0xCC, 0xC8, 0xC7, 0xC5, 
	0xBE, 0xBC, 0xB8, 0xB6, 0xB5, 0xB8, 0xBB, 0xBD, 0xC3, 0xBD, 0xB8, 0xB4, 0xB4, 0xB2, 0xAE, 0xAB, 
	0xAA, 0xAA, 0xAA, 0xAB, 0xAE, 0xB0, 0xB0, 0xAF, 0xB1, 0xAE, 0xAA, 0xA6, 0xA4, 0xA4, 0xA2, 0xA1, 
	0xA1, 0x9F, 0x9E, 0x9D, 0x9C, 0x9B, 0x99, 0x98, 0x9A, 0x9B, 0x9C, 0x9D, 0x9D, 0x9B, 0x99, 0x98, 
	0x92, 0x91, 0x92, 0x94, 0x94, 0x90, 0x90, 0x92, 0x97, 0x98, 0x99, 0x9A, 0x9B, 0x9D, 0x9F, 0xA2, 
	0xA1, 0xA4, 0xA6, 0xA8, 0xAA, 0xAB, 0xAD, 0xAE, 0xAF, 0xAE, 0xAF, 0xB1, 0xB2, 0xB3, 0xB3, 0xB1, 
	0xB1, 0xB1, 0xB3, 0xB4, 0xB6, 0xB6, 0xB6, 0xB6, 0xBB, 0xBA, 0xB9, 0xB8, 0xB7, 0xB7, 0xB6, 0xB6, 
	0xB5, 0xB4, 0xB2, 0xB1, 0xB0, 0xB1, 0xB2, 0xB3, 0xB0, 0xAD, 0xAE, 0xB1, 0xB0, 0xAC, 0xAE, 0xB2, 
	0xB0, 0xB0, 0xB0, 0xAF, 0xAD, 0xAD, 0xAD, 0xAE, 0xAB, 0xAA, 0xA8, 0xA7, 0xA7, 0xA9, 0xAB, 0xAB, 
	0xA7, 0xA7, 0xA7, 0xA8, 0xAA, 0xAD, 0xB0, 0xB2, 0xBA, 0xB9, 0xB7, 0xB6, 0xB5, 0xB4, 0xB4, 0xB3, 
	0xB1, 0xB3, 0xB5, 0xB6, 0xB4, 0xB1, 0xAD, 0xAA, 0xB0, 0xAF, 0xAE, 0xAE, 0xAF, 0xB0, 0xB1, 0xB2, 
	0xB2, 0xAF, 0xAE, 0xB0, 0xB3, 0xB6, 0xB4, 0xB2, 0xAF, 0xB2, 0xB8, 0xBD, 0xBE, 0xBD, 0xBA, 0xB8, 
	0xBF, 0xBC, 0xB7, 0xB1, 0xAD, 0xAB, 0xAC, 0xAC, 0xAA, 0xAD, 0xB3, 0xB9, 0xBE, 0xBF, 0xBF, 0xBE, 
	0xBF, 0xBF, 0xBF, 0xC0, 0xBE, 0xC0, 0xC3, 0xC4, 0xBE, 0xC0, 0xC4, 0xC6, 0xC5, 0xC6, 0xCE, 0xD6, 
	0xE2, 0xD5, 0xCA, 0xC7, 0xC4, 0xC3, 0xC6, 0xCB, 0xC8, 0xC6, 0xC2, 0xBC, 0xB7, 0xB6, 0xB7, 0xB8, 
	0xB0, 0xBB, 0xBC, 0xB8, 0xBC, 0xBD, 0xB9, 0xB9, 0xB8, 0xB5, 0xB2, 0xB2, 0xB1, 0xB2, 0xB3, 0xB7, 
	0xB9, 0xB9, 0xBA, 0xBC, 0xBE, 0xC2, 0xC4, 0xC5, 0xC8, 0xC9, 0xCB, 0xCB, 0xC9, 0xC5, 0xBF, 0xBC, 
	0xBB, 0xB9, 0xB6, 0xB2, 0xB1, 0xB1, 0xB2, 0xB2, 0xB6, 0xB2, 0xAE, 0xAA, 0xA9, 0xA9, 0xA9, 0xA9, 
	0xAB, 0xAC, 0xAF, 0xB2, 0xB4, 0xB5, 0xB5, 0xB5, 0xB1, 0xAE, 0xAB, 0xA7, 0xA5, 0xA3, 0xA3, 0xA2, 
	0x9D, 0x9E, 0x9F, 0xA1, 0xA3, 0xA2, 0x9F, 0x9E, 0x9C, 0x9D, 0x9F, 0xA0, 0x9F, 0x9C, 0x99, 0x97, 
	0xA0, 0x9E, 0xA0, 0xA3, 0xA3, 0xA2, 0xA5, 0xA9, 0x9E, 0x9F, 0xA0, 0xA0, 0x9E, 0x9D, 0x9E, 0x9F, 
	0x9F, 0xA1, 0xA4, 0xA5, 0xA6, 0xA7, 0xAA, 0xAD, 0xAB, 0xAA, 0xAB, 0xAC, 0xAE, 0xAF, 0xAF, 0xAE, 
	0xB5, 0xB6, 0xB7, 0xB9, 0xBA, 0xBA, 0xBA, 0xBA, 0xB9, 0xB9, 0xBA, 0xBA, 0xB9, 0xB8, 0xB7, 0xB6, 
	0xB7, 0xB7, 0xB6, 0xB5, 0xB4, 0xB3, 0xB3, 0xB3, 0xB9, 0xBA, 0xBB, 0xBB, 0xB9, 0xB8, 0xB9, 0xBB, 
	0xB2, 0xB2, 0xB0, 0xAF, 0xAE, 0xAD, 0xAC, 0xAB, 0xB1, 0xB1, 0xAF, 0xAD, 0xAC, 0xAC, 0xAB, 0xAC, 
	0xA9, 0xA8, 0xA6, 0xA6, 0xA5, 0xA6, 0xA7, 0xA8, 0xA4, 0xA5, 0xA6, 0xAA, 0xAD, 0xB1, 0xB6, 0xB8, 
	0xBB, 0xBC, 0xBD, 0xBE, 0xBE, 0xBE, 0xBD, 0xBE, 0xB9, 0xB9, 0xB9, 0xB9, 0xBA, 0xBA, 0xBB, 0xBB, 
	0xB9, 0xB8, 0xB8, 0xB8, 0xBA, 0xBB, 0xBA, 0xB9, 0xBE, 0xBA, 0xB5, 0xB2, 0xB1, 0xB4, 0xB9, 0xBC, 
	0xB2, 0xB1, 0xB0, 0xB0, 0xB0, 0xB1, 0xB2, 0xB3, 0xAE, 0xB0, 0xB1, 0xB3, 0xB4, 0xB3, 0xB3, 0xB2, 
	0xB2, 0xB2, 0xB2, 0xB1, 0xB2, 0xB4, 0xB8, 0xBA, 0xC2, 0xC4, 0xCB, 0xD2, 0xD5, 0xD6, 0xDC, 0xE2, 
	0xD2, 0xC7, 0xBE, 0xBF, 0xBC, 0xB7, 0xB6, 0xB9, 0xC3, 0xBE, 0xB2, 0xA3, 0x94, 0x8D, 0x8D, 0x90, 
	0xA1, 0xB3, 0xB6, 0xB0, 0xB6, 0xB5, 0xB0, 0xB3, 0xB5, 0xB0, 0xAE, 0xB0, 0xAF, 0xB0, 0xB1, 0xB5, 
	0xB1, 0xB3, 0xB5, 0xB7, 0xB9, 0xBA, 0xBC, 0xBD, 0xBC, 0xBD, 0xC0, 0xC0, 0xBE, 0xB9, 0xB5, 0xB1, 
	0xB6, 0xB5, 0xB2, 0xB0, 0xAE, 0xAC, 0xAB, 0xAB, 0xAD, 0xAC, 0xAB, 0xA8, 0xA5, 0xA4, 0xA6, 0xA7, 
	0xAC, 0xB0, 0xB4, 0xB5, 0xB3, 0xB0, 0xAF, 0xAF, 0xAB, 0xA9, 0xA8, 0xA6, 0xA5, 0xA2, 0x9F, 0x9C, 
	0x9D, 0x9E, 0xA0, 0xA3, 0xA5, 0xA6, 0xA4, 0xA2, 0x9D, 0x9F, 0x9F, 0xA0, 0xA0, 0x9F, 0x9D, 0x9B, 
	0xA6, 0xA1, 0xA0, 0xA1, 0x9F, 0x9D, 0x9F, 0xA5, 0x9F, 0xA1, 0xA4, 0xA5, 0xA4, 0xA3, 0xA3, 0xA3, 
	0xA1, 0xA3, 0xA3, 0xA2, 0x9F, 0x9E, 0x9F, 0xA0, 0xA2, 0xA2, 0xA4, 0xA7, 0xAB, 0xAD, 0xAD, 0xAE, 
	0xB1, 0xB2, 0xB3, 0xB3, 0xB3, 0xB2, 0xB1, 0xB0, 0xB5, 0xB6, 0xB7, 0xB7, 0xB8, 0xB6, 0xB4, 0xB3, 
	0xB3, 0xB3, 0xB3, 0xB2, 0xB0, 0xAD, 0xAA, 0xA8, 0xA7, 0xAB, 0xAE, 0xAE, 0xAE, 0xB1, 0xB2, 0xB3, 
	0xB5, 0xB3, 0xB2, 0xB2, 0xB2, 0xB2, 0xB1, 0xAF, 0xAC, 0xAD, 0xAD, 0xAD, 0xAD, 0xAB, 0xAA, 0xAA, 
	0xAC, 0xAB, 0xAA, 0xA8, 0xA6, 0xA5, 0xA4, 0xA3, 0xAC, 0xAB, 0xAB, 0xAB, 0xAC, 0xAE, 0xAF, 0xB1, 
	0xB7, 0xB6, 0xB5, 0xB5, 0xB5, 0xB7, 0xB8, 0xB8, 0xC0, 0xC0, 0xC2, 0xC4, 0xC5, 0xC5, 0xC6, 0xC5, 
	0xC2, 0xC4, 0xC4, 0xC5, 0xC3, 0xC1, 0xC1, 0xC2, 0xBE, 0xBF, 0xC0, 0xBF, 0xBC, 0xB7, 0xB2, 0xAE, 
	0xB2, 0xB2, 0xB3, 0xB2, 0xB2, 0xAF, 0xAD, 0xAC, 0xAF, 0xAF, 0xAE, 0xAE, 0xAF, 0xB0, 0xB2, 0xB2, 
	0xAF, 0xAF, 0xB0, 0xB0, 0xB1, 0xB3, 0xB7, 0xBA, 0xBA, 0xB9, 0xBD, 0xC3, 0xC4, 0xC2, 0xC1, 0xC4, 
	0xC4, 0xBC, 0xBA, 0xBE, 0xBF, 0xB9, 0xB6, 0xB7, 0xB6, 0xB0, 0xA4, 0x91, 0x81, 0x7B, 0x7F, 0x85, 
	0x98, 0xAC, 0xAD, 0xA6, 0xAC, 0xAC, 0xAB, 0xB2, 0xB0, 0xAE, 0xB0, 0xB4, 0xB5, 0xB3, 0xB3, 0xB6, 
	0xBA, 0xBB, 0xBC, 0xBC, 0xBB, 0xBA, 0xBB, 0xBB, 0xBC, 0xBB, 0xB9, 0xB6, 0xB5, 0xB3, 0xB3, 0xB1, 
	0xB1, 0xB0, 0xB1, 0xAF, 0xAD, 0xAB, 0xA8, 0xA6, 0xA1, 0xA3, 0xA7, 0xA6, 0xA4, 0xA4, 0xA6, 0xA9, 
	0xAB, 0xAF, 0xB3, 0xB3, 0xAD, 0xA8, 0xA4, 0xA4, 0xA3, 0xA3, 0xA4, 0xA4, 0xA3, 0x9F, 0x9A, 0x95, 
	0x9C, 0x9B, 0x9A, 0x9B, 0x9D, 0x9E, 0x9F, 0x9E, 0xA0, 0xA1, 0xA2, 0xA3, 0xA4, 0xA5, 0xA5, 0xA5, 
	0x9F, 0x9E, 0x9E, 0x9F, 0xA0, 0xA0, 0x9F, 0x9D, 0x9D, 0x9E, 0x9F, 0xA0, 0xA1, 0xA1, 0xA2, 0xA3, 
	0xA2, 0xA2, 0xA1, 0xA1, 0xA2, 0xA3, 0xA5, 0xA6, 0xA2, 0xA2, 0xA1, 0xA1, 0xA2, 0xA4, 0xA6, 0xA6, 
	0xA5, 0xA8, 0xAB, 0xAE, 0xAF, 0xB0, 0xB0, 0xB1, 0xB1, 0xB1, 0xB1, 0xB2, 0xB2, 0xB2, 0xB2, 0xB2, 
	0xB3, 0xB3, 0xB3, 0xB3, 0xB2, 0xAF, 0xAC, 0xAB, 0xA6, 0xA6, 0xA7, 0xA7, 0xA8, 0xA9, 0xA9, 0xAA, 
	0xAB, 0xAB, 0xAC, 0xAE, 0xAF, 0xB0, 0xB1, 0xB1, 0xB2, 0xB0, 0xAE, 0xAE, 0xB0, 0xB1, 0xAF, 0xAC, 
	0xAE, 0xAE, 0xAF, 0xB0, 0xB0, 0xB0, 0xB1, 0xB2, 0xB2, 0xB2, 0xB1, 0xB1, 0xB0, 0xB1, 0xB1, 0xB1, 
	0xB1, 0xB1, 0xB2, 0xB3, 0xB5, 0xB7, 0xB9, 0xBA, 0xBC, 0xBC, 0xBC, 0xBD, 0xBE, 0xBE, 0xBE, 0xBF, 
	0xBB, 0xBB, 0xBB, 0xBC, 0xBC, 0xBC, 0xBC, 0xBC, 0xBF, 0xBF, 0xBF, 0xBF, 0xBE, 0xBC, 0xBA, 0xB9, 
	0xB5, 0xB6, 0xB5, 0xB5, 0xB4, 0xB3, 0xB3, 0xB3, 0xB0, 0xB1, 0xB1, 0xB1, 0xB1, 0xB0, 0xB0, 0xAF, 
	0xB2, 0xAF, 0xAD, 0xAF, 0xB2, 0xB6, 0xB7, 0xB6, 0xB7, 0xB7, 0xB8, 0xBA, 0xBA, 0xBB, 0xBB, 0xBC, 
	0xB8, 0xB8, 0xB9, 0xBB, 0xBB, 0xB9, 0xB5, 0xB2, 0xAF, 0xAF, 0xAE, 0xAF, 0xB1, 0xB3, 0xB7, 0xB8, 
	0xB2, 0xB1, 0xB2, 0xB3, 0xB6, 0xB7, 0xB6, 0xB5, 0xB6, 0xB6, 0xB7, 0xB9, 0xB9, 0xB9, 0xB9, 0xB9, 
	0xB7, 0xB8, 0xB7, 0xB8, 0xB8, 0xB9, 0xB9, 0xB9, 0xBA, 0xB8, 0xB6, 0xB4, 0xB1, 0xAE, 0xAB, 0xAA, 
	0xA6, 0xA5, 0xA7, 0xAB, 0xAA, 0xA5, 0xA4, 0xA5, 0xA3, 0xA3, 0xA4, 0xA4, 0xA5, 0xA7, 0xA8, 0xA9, 
	0xAB, 0xAA, 0xA9, 0xA7, 0xA6, 0xA3, 0xA1, 0xA1, 0xA1, 0x9B, 0x97, 0x98, 0x9E, 0xA4, 0xA5, 0xA5, 
	0x9E, 0x9D, 0x9A, 0x99, 0x99, 0x9B, 0x9E, 0xA0, 0xA1, 0xA1, 0xA2, 0xA5, 0xA5, 0xA0, 0x9D, 0x9E, 
	0xA1, 0x9F, 0x9E, 0x9E, 0xA0, 0xA1, 0xA1, 0xA0, 0x9D, 0x9D, 0x9D, 0x9D, 0x9E, 0x9E, 0x9E, 0x9E, 
	0xA3, 0xA3, 0xA3, 0xA3, 0xA3, 0xA4, 0xA5, 0xA5, 0xA4, 0xA4, 0xA4, 0xA4, 0xA4, 0xA5, 0xA7, 0xA8, 
	0xAA, 0xAC, 0xB0, 0xB1, 0xB3, 0xB4, 0xB6, 0xB6, 0xB9, 0xB9, 0xB9, 0xB9, 0xB9, 0xBA, 0xBA, 0xBA, 
	0xB3, 0xB4, 0xB4, 0xB4, 0xB3, 0xB2, 0xAF, 0xAE, 0xAC, 0xAB, 0xAA, 0xA8, 0xA7, 0xA5, 0xA4, 0xA3, 
	0xA3, 0xA3, 0xA4, 0xA4, 0xA6, 0xA6, 0xA6, 0xA7, 0xAE, 0xAF, 0xB0, 0xB1, 0xB1, 0xB2, 0xB4, 0xB5, 
	0xB0, 0xB0, 0xB0, 0xB0, 0xB0, 0xB0, 0xB0, 0xB0, 0xB1, 0xB1, 0xB0, 0xB0, 0xAE, 0xAD, 0xAC, 0xAC, 
	0xB0, 0xB0, 0xB1, 0xB2, 0xB3, 0xB6, 0xB8, 0xB8, 0xBC, 0xBB, 0xBA, 0xB9, 0xB9, 0xB8, 0xB7, 0xB6, 
	0xBC, 0xBC, 0xBB, 0xBB, 0xBA, 0xBA, 0xB9, 0xB9, 0xB6, 0xB7, 0xB7, 0xB6, 0xB5, 0xB3, 0xB2, 0xB1, 
	0xAE, 0xAE, 0xAD, 0xAD, 0xAD, 0xAC, 0xAC, 0xAC, 0xAB, 0xAB, 0xAC, 0xAC, 0xAD, 0xAC, 0xAB, 0xAB, 
	0xAD, 0xAC, 0xAD, 0xAE, 0xB0, 0xB1, 0xB0, 0xAF, 0xAD, 0xAD, 0xAE, 0xAE, 0xAF, 0xAF, 0xB0, 0xB0, 
	0xB2, 0xB1, 0xB0, 0xB0, 0xB0, 0xB0, 0xAE, 0xAD, 0xB4, 0xB5, 0xB6, 0xB7, 0xB8, 0xB9, 0xBA, 0xBA, 
	0xBB, 0xBA, 0xBA, 0xBB, 0xBD, 0xBD, 0xBC, 0xBA, 0xBA, 0xBA, 0xBA, 0xBA, 0xBA, 0xB9, 0xB9, 0xB8, 
	0xBB, 0xBA, 0xB9, 0xB8, 0xB7, 0xB6, 0xB4, 0xB4, 0xB2, 0xB0, 0xAE, 0xAC, 0xA9, 0xA8, 0xA8, 0xA8, 
	0xA6, 0xA3, 0xA4, 0xA6, 0xA7, 0xA4, 0xA4, 0xA6, 0xA9, 0xA8, 0xA7, 0xA6, 0xA5, 0xA5, 0xA5, 0xA5, 
	0xA3, 0xA3, 0xA3, 0xA3, 0xA4, 0xA5, 0xA5, 0xA5, 0x9F, 0x9E, 0x9C, 0x9C, 0x9D, 0x9E, 0x9D, 0x9D, 
	0xA1, 0xA3, 0xA5, 0xA5, 0xA5, 0xA4, 0xA1, 0xA1, 0x9E, 0x9D, 0x9F, 0xA2, 0xA0, 0x9C, 0x99, 0x9A, 
	0xA8, 0xA6, 0xA4, 0xA3, 0xA5, 0xA6, 0xA8, 0xA9, 0xA5, 0xA5, 0xA5, 0xA4, 0xA4, 0xA4, 0xA4, 0xA3, 
	0xA7, 0xA8, 0xA8, 0xA9, 0xA9, 0xA9, 0xA8, 0xA8, 0xA9, 0xA9, 0xA9, 0xAA, 0xAA, 0xAC, 0xAD, 0xAD, 
	0xB1, 0xB2, 0xB5, 0xB7, 0xB8, 0xB8, 0xBB, 0xBD, 0xBC, 0xBC, 0xBD, 0xBD, 0xBD, 0xBD, 0xBD, 0xBD, 
	0xC1, 0xC2, 0xC2, 0xC3, 0xC3, 0xC1, 0xC0, 0xBF, 0xB8, 0xB7, 0xB6, 0xB3, 0xB0, 0xAE, 0xAB, 0xAB, 
	0xAA, 0xAA, 0xAA, 0xAA, 0xAB, 0xAA, 0xAA, 0xAB, 0xA9, 0xAC, 0xAF, 0xAF, 0xAE, 0xAE, 0xB2, 0xB5, 
	0xB9, 0xB9, 0xB7, 0xB6, 0xB4, 0xB4, 0xB2, 0xB2, 0xB4, 0xB3, 0xB3, 0xB2, 0xB1, 0xB0, 0xAF, 0xAF, 
	0xAC, 0xAC, 0xAD, 0xAD, 0xAF, 0xB0, 0xB2, 0xB2, 0xB6, 0xB6, 0xB6, 0xB6, 0xB7, 0xB7, 0xB7, 0xB7, 
	0xB2, 0xB2, 0xB1, 0xB0, 0xAF, 0xAF, 0xAE, 0xAE, 0xB0, 0xB1, 0xB0, 0xB1, 0xB0, 0xAF, 0xAE, 0xAD, 
	0xAE, 0xAE, 0xAD, 0xAD, 0xAC, 0xAC, 0xAB, 0xAC, 0xAC, 0xAD, 0xAE, 0xAE, 0xAE, 0xAE, 0xAE, 0xAD, 
	0xAF, 0xB1, 0xB2, 0xB2, 0xB1, 0xB0, 0xAF, 0xAF, 0xB3, 0xB3, 0xB3, 0xB2, 0xB2, 0xB2, 0xB3, 0xB2, 
	0xB6, 0xB4, 0xB1, 0xB0, 0xB2, 0xB3, 0xB3, 0xB4, 0xB1, 0xB3, 0xB6, 0xB8, 0xB8, 0xB7, 0xB5, 0xB4, 
	0xB6, 0xB6, 0xB6, 0xB6, 0xB7, 0xB6, 0xB4, 0xB2, 0xB2, 0xB2, 0xB2, 0xB2, 0xB2, 0xB1, 0xB0, 0xB1, 
	0xAC, 0xAB, 0xA9, 0xA8, 0xA6, 0xA4, 0xA2, 0xA1, 0xA9, 0xA7, 0xA5, 0xA3, 0xA2, 0xA3, 0xA4, 0xA6, 
	0xA5, 0xA3, 0xA2, 0xA3, 0xA3, 0xA2, 0xA3, 0xA6, 0xA6, 0xA5, 0xA4, 0xA1, 0xA0, 0x9F, 0x9E, 0x9E, 
	0x9C, 0x9C, 0x9D, 0x9D, 0xA0, 0xA3, 0xA5, 0xA7, 0xA4, 0xA7, 0xA9, 0xA8, 0xA6, 0xA2, 0xA1, 0xA1, 
	0xA5, 0xA6, 0xA7, 0xA8, 0xA7, 0xA6, 0xA2, 0xA0, 0x9F, 0x9F, 0xA0, 0xA2, 0xA0, 0x9D, 0x9A, 0x99, 
	0xAD, 0xAC, 0xAA, 0xAA, 0xAB, 0xAD, 0xAE, 0xAF, 0xB1, 0xB1, 0xB1, 0xB0, 0xB0, 0xB0, 0xB0, 0xAF, 
	0xAF, 0xB0, 0xB1, 0xB2, 0xB1, 0xB0, 0xAF, 0xAF, 0xB1, 0xB1, 0xB1, 0xB2, 0xB2, 0xB2, 0xB3, 0xB3, 
	0xB6, 0xB7, 0xB8, 0xB8, 0xB8, 0xB9, 0xBB, 0xBD, 0xBB, 0xBC, 0xBC, 0xBC, 0xBC, 0xBC, 0xBD, 0xBC, 
	0xBD, 0xBE, 0xBF, 0xC0, 0xC0, 0xC0, 0xBF, 0xBF, 0xBF, 0xBF, 0xBE, 0xBD, 0xBC, 0xBA, 0xB9, 0xB9, 
	0xB9, 0xBA, 0xB8, 0xB9, 0xB8, 0xB8, 0xB8, 0xB7, 0xB7, 0xB7, 0xB9, 0xB8, 0xB7, 0xB6, 0xB8, 0xB9, 
	0xAE, 0xAD, 0xAC, 0xAB, 0xA9, 0xA8, 0xA6, 0xA6, 0xA5, 0xA6, 0xA6, 0xA5, 0xA5, 0xA7, 0xA6, 0xA7, 
	0xA6, 0xA7, 0xA7, 0xA7, 0xA9, 0xAA, 0xAB, 0xAC, 0xAF, 0xAF, 0xB0, 0xB1, 0xB2, 0xB3, 0xB3, 0xB4, 
	0xB5, 0xB5, 0xB5, 0xB4, 0xB4, 0xB3, 0xB3, 0xB3, 0xB1, 0xB1, 0xB1, 0xB0, 0xB0, 0xB0, 0xB0, 0xB0, 
	0xB1, 0xB0, 0xB1, 0xB0, 0xB0, 0xB0, 0xB0, 0xAF, 0xAF, 0xB0, 0xB0, 0xB1, 0xB1, 0xB1, 0xB1, 0xB0, 
	0xB0, 0xB2, 0xB4, 0xB3, 0xB1, 0xAF, 0xB0, 0xB1, 0xAF, 0xAF, 0xAF, 0xAF, 0xAE, 0xAE, 0xAE, 0xAE, 
	0xAF, 0xAC, 0xAA, 0xA9, 0xAA, 0xAC, 0xAC, 0xAC, 0xA9, 0xAA, 0xAB, 0xAB, 0xAA, 0xAA, 0xA8, 0xA7, 
	0xA8, 0xA7, 0xA8, 0xA9, 0xAA, 0xA9, 0xA7, 0xA5, 0xA5, 0xA5, 0xA6, 0xA6, 0xA6, 0xA7, 0xA8, 0xA9, 
	0xA7, 0xA6, 0xA6, 0xA4, 0xA3, 0xA2, 0xA1, 0xA0, 0xA3, 0xA3, 0xA2, 0xA1, 0xA1, 0xA1, 0xA3, 0xA3, 
	0xA5, 0xA3, 0xA3, 0xA2, 0xA2, 0xA1, 0xA1, 0xA1, 0x9D, 0x9D, 0x9D, 0x9D, 0x9D, 0x9D, 0x9E, 0x9F, 
	0x9C, 0x9C, 0x9C, 0x9D, 0x9F, 0xA1, 0xA3, 0xA5, 0xA5, 0xA8, 0xAD, 0xAF, 0xAE, 0xAC, 0xA9, 0xA7, 
	0xA4, 0xA3, 0xA0, 0x9E, 0x9D, 0x9F, 0xA0, 0xA1, 0xA1, 0xA1, 0xA2, 0xA3, 0xA2, 0x9E, 0x9C, 0x9B, 
	0xAD, 0xAD, 0xAD, 0xAE, 0xB0, 0xB1, 0xB0, 0xAF, 0xB5, 0xB5, 0xB5, 0xB5, 0xB5, 0xB5, 0xB5, 0xB6, 
	0xB5, 0xB5, 0xB6, 0xB6, 0xB7, 0xB6, 0xB5, 0xB4, 0xB5, 0xB6, 0xB6, 0xB7, 0xB7, 0xB8, 0xB8, 0xB8, 
	0xB7, 0xB8, 0xB8, 0xB8, 0xB7, 0xB7, 0xB8, 0xB9, 0xBB, 0xBB, 0xBB, 0xBB, 0xBB, 0xBC, 0xBC, 0xBC, 
	0xB7, 0xB7, 0xB7, 0xB7, 0xB8, 0xB8, 0xB8, 0xB9, 0xBA, 0xBA, 0xBB, 0xBB, 0xBB, 0xBB, 0xBB, 0xBB, 
	0xBA, 0xBA, 0xBA, 0xB9, 0xB9, 0xB8, 0xB7, 0xB7, 0xAD, 0xAB, 0xAA, 0xAA, 0xAB, 0xAB, 0xA9, 0xA7, 
	0xA8, 0xA8, 0xA7, 0xA6, 0xA5, 0xA4, 0xA4, 0xA4, 0xA2, 0xA2, 0xA2, 0xA3, 0xA3, 0xA4, 0xA4, 0xA4, 
	0xA7, 0xA7, 0xA6, 0xA7, 0xA7, 0xA8, 0xA9, 0xA9, 0xAC, 0xAC, 0xAC, 0xAB, 0xAA, 0xA9, 0xA8, 0xA8, 
	0xA8, 0xA8, 0xA8, 0xA9, 0xA9, 0xAA, 0xAA, 0xAA, 0xB0, 0xB0, 0xB0, 0xB0, 0xB0, 0xB0, 0xB0, 0xB0, 
	0xAD, 0xAD, 0xAD, 0xAD, 0xAC, 0xAD, 0xAC, 0xAC, 0xAB, 0xAC, 0xAC, 0xAC, 0xAC, 0xAC, 0xAC, 0xAC, 
	0xAA, 0xAB, 0xAC, 0xAB, 0xA9, 0xA9, 0xAC, 0xAE, 0xAB, 0xAB, 0xAA, 0xAA, 0xA9, 0xA9, 0xA8, 0xA8, 
	0xA7, 0xA6, 0xA5, 0xA6, 0xA7, 0xA7, 0xA7, 0xA6, 0xA6, 0xA5, 0xA4, 0xA3, 0xA3, 0xA3, 0xA3, 0xA3, 
	0xA3, 0xA3, 0xA5, 0xA7, 0xA7, 0xA6, 0xA5, 0xA3, 0xA3, 0xA3, 0xA2, 0xA3, 0xA4, 0xA5, 0xA6, 0xA6, 
	0xA6, 0xA6, 0xA5, 0xA5, 0xA5, 0xA4, 0xA3, 0xA4, 0xA1, 0xA2, 0xA3, 0xA3, 0xA3, 0xA1, 0xA0, 0xA0, 
	0xA1, 0xA2, 0xA2, 0xA2, 0xA0, 0x9F, 0x9E, 0x9B, 0x9B, 0x9B, 0x9C, 0x9D, 0x9E, 0xA1, 0xA3, 0xA4, 
	0xA1, 0xA1, 0xA1, 0xA0, 0xA1, 0xA4, 0xA5, 0xA7, 0xA2, 0xA4, 0xA8, 0xAC, 0xAF, 0xAE, 0xAA, 0xA6, 
	0xA4, 0xA1, 0x9D, 0x99, 0x99, 0x9C, 0x9F, 0xA3, 0xA0, 0xA1, 0xA2, 0xA1, 0xA1, 0x9F, 0x9D, 0x9B, 
	0xB2, 0xB2, 0xB2, 0xB3, 0xB5, 0xB5, 0xB3, 0xB2, 0xB4, 0xB5, 0xB5, 0xB6, 0xB7, 0xB6, 0xB8, 0xB8, 
	0xB6, 0xB7, 0xB7, 0xB7, 0xB8, 0xB8, 0xB7, 0xB7, 0xB7, 0xB7, 0xB7, 0xB8, 0xB8, 0xB8, 0xB8, 0xB7, 
	0xB8, 0xB9, 0xBA, 0xB9, 0xB8, 0xB7, 0xB7, 0xB8, 0xB8, 0xB8, 0xB8, 0xB8, 0xB8, 0xB9, 0xB9, 0xB9, 
	0xB9, 0xB9, 0xB9, 0xB9, 0xB9, 0xB9, 0xBA, 0xBA, 0xB6, 0xB6, 0xB6, 0xB6, 0xB6, 0xB6, 0xB6, 0xB6, 
	0xB3, 0xB2, 0xB2, 0xB1, 0xB1, 0xB1, 0xB0, 0xB0, 0xB3, 0xB1, 0xAE, 0xB0, 0xB3, 0xB3, 0xB1, 0xAF, 
	0xAE, 0xAE, 0xAE, 0xAE, 0xAE, 0xAD, 0xAD, 0xAD, 0xAE, 0xAE, 0xAE, 0xAD, 0xAC, 0xAC, 0xAC, 0xAB, 
	0xAD, 0xAD, 0xAC, 0xAD, 0xAC, 0xAD, 0xAD, 0xAD, 0xAB, 0xAC, 0xAB, 0xAC, 0xAB, 0xAB, 0xAB, 0xAB, 
	0xAE, 0xAE, 0xAF, 0xB0, 0xB1, 0xB2, 0xB2, 0xB2, 0xAE, 0xAD, 0xAC, 0xAD, 0xAD, 0xAD, 0xAD, 0xAD, 
	0xAB, 0xAC, 0xAB, 0xAC, 0xAB, 0xAC, 0xAC, 0xAC, 0xAB, 0xAB, 0xAC, 0xAC, 0xAB, 0xAB, 0xAA, 0xA9, 
	0xA8, 0xA8, 0xA7, 0xA6, 0xA6, 0xA7, 0xA9, 0xAB, 0xAC, 0xAC, 0xAB, 0xAB, 0xAA, 0xAA, 0xAA, 0xAA, 
	0xAB, 0xAB, 0xAB, 0xAC, 0xAD, 0xAC, 0xAB, 0xA9, 0xAC, 0xAB, 0xA8, 0xA5, 0xA5, 0xA6, 0xA8, 0xA9, 
	0xA6, 0xA7, 0xA9, 0xAB, 0xAD, 0xAB, 0xA9, 0xA7, 0xA7, 0xA6, 0xA5, 0xA4, 0xA3, 0xA4, 0xA5, 0xA6, 
	0xA5, 0xA4, 0xA3, 0xA2, 0xA1, 0xA0, 0x9F, 0x9F, 0xA0, 0xA1, 0xA3, 0xA3, 0xA3, 0xA0, 0x9E, 0x9D, 
	0x9D, 0xA0, 0xA1, 0xA0, 0xA0, 0x9E, 0x9D, 0x9A, 0x9C, 0x9C, 0x9D, 0x9E, 0xA0, 0xA1, 0xA3, 0xA4, 
	0xA4, 0xA5, 0xA5, 0xA5, 0xA6, 0xA7, 0xA9, 0xAA, 0xA8, 0xA8, 0xAA, 0xAD, 0xB0, 0xAF, 0xAC, 0xA9, 
	0xA3, 0xA2, 0xA1, 0xA1, 0xA1, 0xA1, 0xA1, 0xA2, 0xA0, 0xA2, 0xA2, 0xA0, 0xA0, 0xA0, 0x9F, 0x9D, 
	0xB7, 0xB6, 0xB6, 0xB6, 0xB7, 0xB8, 0xB7, 0xB7, 0xB5, 0xB5, 0xB6, 0xB6, 0xB7, 0xB6, 0xB8, 0xB8, 
	0xB7, 0xB7, 0xB7, 0xB7, 0xB8, 0xB8, 0xB9, 0xB9, 0xB7, 0xB8, 0xB9, 0xBA, 0xBA, 0xBA, 0xB9, 0xB8, 
	0xB9, 0xBA, 0xBC, 0xBC, 0xBB, 0xBA, 0xBA, 0xBA, 0xB9, 0xB9, 0xB8, 0xB8, 0xB9, 0xB9, 0xB9, 0xB9, 
	0xB9, 0xB9, 0xB8, 0xB8, 0xB8, 0xB7, 0xB8, 0xB8, 0xB8, 0xB8, 0xB7, 0xB7, 0xB6, 0xB6, 0xB5, 0xB5, 
	0xB2, 0xB3, 0xB1, 0xB1, 0xB1, 0xB0, 0xB0, 0xB0, 0xAF, 0xAF, 0xAF, 0xAF, 0xB0, 0xB1, 0xB1, 0xB0, 
	0xAF, 0xAF, 0xAF, 0xAF, 0xAF, 0xAF, 0xAF, 0xAF, 0xB1, 0xB0, 0xB0, 0xB0, 0xAF, 0xAF, 0xAE, 0xAE, 
	0xB4, 0xB4, 0xB3, 0xB2, 0xB2, 0xB2, 0xB2, 0xB2, 0xAE, 0xAF, 0xAF, 0xB0, 0xB1, 0xB2, 0xB3, 0xB4, 
	0xAD, 0xAD, 0xAD, 0xAD, 0xAE, 0xAE, 0xAF, 0xAF, 0xB0, 0xB0, 0xAF, 0xAE, 0xAD, 0xAE, 0xAE, 0xAF, 
	0xB1, 0xB1, 0xB1, 0xB1, 0xB1, 0xB1, 0xB1, 0xB1, 0xB1, 0xB1, 0xB0, 0xB0, 0xB0, 0xAE, 0xAD, 0xAD, 
	0xAD, 0xAC, 0xAB, 0xAB, 0xAD, 0xAD, 0xAD, 0xAC, 0xAA, 0xAA, 0xAA, 0xAA, 0xAA, 0xA9, 0xA9, 0xA9, 
	0xAD, 0xAC, 0xAB, 0xAC, 0xAC, 0xAA, 0xA9, 0xA7, 0xAE, 0xAD, 0xAB, 0xA9, 0xA9, 0xAA, 0xAB, 0xAD, 
	0xAB, 0xAB, 0xAC, 0xAE, 0xAF, 0xAD, 0xAB, 0xA8, 0xA7, 0xA6, 0xA5, 0xA4, 0xA3, 0xA4, 0xA5, 0xA5, 
	0xAB, 0xAA, 0xA9, 0xA8, 0xA6, 0xA6, 0xA4, 0xA4, 0xA1, 0xA2, 0xA2, 0xA3, 0xA2, 0xA0, 0x9E, 0x9E, 
	0x9C, 0x9E, 0xA0, 0x9E, 0x9F, 0xA2, 0xA1, 0x9F, 0xA0, 0xA0, 0xA0, 0xA0, 0xA1, 0xA2, 0xA4, 0xA5, 
	0xA5, 0xA6, 0xA5, 0xA5, 0xA6, 0xA6, 0xA6, 0xA6, 0xAA, 0xAC, 0xAC, 0xAB, 0xAA, 0xA9, 0xA9, 0xAA, 
	0xA2, 0xA3, 0xA4, 0xA4, 0xA4, 0xA2, 0xA0, 0x9E, 0x9E, 0xA1, 0xA1, 0x9F, 0x9E, 0xA1, 0xA0, 0x9D, 
	0xB8, 0xB6, 0xB3, 0xB3, 0xB3, 0xB5, 0xB6, 0xB6, 0xB4, 0xB4, 0xB4, 0xB5, 0xB5, 0xB5, 0xB5, 0xB5, 
	0xB8, 0xB8, 0xB7, 0xB7, 0xB8, 0xB9, 0xBB, 0xBC, 0xBA, 0xBA, 0xBC, 0xBC, 0xBC, 0xBC, 0xBB, 0xBA, 
	0xB9, 0xBC, 0xBE, 0xBF, 0xBF, 0xBE, 0xBE, 0xBE, 0xBD, 0xBD, 0xBE, 0xBE, 0xBE, 0xBE, 0xBE, 0xBF, 
	0xC0, 0xC0, 0xBE, 0xBE, 0xBD, 0xBD, 0xBC, 0xBC, 0xB9, 0xB8, 0xB8, 0xB8, 0xB8, 0xB8, 0xB8, 0xB6, 
	0xB7, 0xB7, 0xB6, 0xB6, 0xB6, 0xB5, 0xB5, 0xB5, 0xB4, 0xB7, 0xB8, 0xB7, 0xB4, 0xB3, 0xB5, 0xB6, 
	0xB7, 0xB7, 0xB6, 0xB6, 0xB6, 0xB6, 0xB6, 0xB5, 0xB5, 0xB6, 0xB6, 0xB7, 0xB7, 0xB8, 0xB8, 0xB9, 
	0xB8, 0xB7, 0xB6, 0xB5, 0xB5, 0xB5, 0xB5, 0xB6, 0xB4, 0xB4, 0xB3, 0xB3, 0xB2, 0xB1, 0xB1, 0xB1, 
	0xB6, 0xB6, 0xB6, 0xB6, 0xB6, 0xB6, 0xB6, 0xB6, 0xB7, 0xB6, 0xB4, 0xB3, 0xB2, 0xB3, 0xB4, 0xB4, 
	0xB6, 0xB6, 0xB6, 0xB6, 0xB6, 0xB6, 0xB7, 0xB7, 0xB5, 0xB5, 0xB5, 0xB4, 0xB3, 0xB1, 0xB1, 0xB0, 
	0xB2, 0xB1, 0xB0, 0xB1, 0xB3, 0xB3, 0xAF, 0xAD, 0xB0, 0xB1, 0xB0, 0xB1, 0xB1, 0xB1, 0xB1, 0xB1, 
	0xB2, 0xB1, 0xAF, 0xAF, 0xAF, 0xAF, 0xAD, 0xAC, 0xAA, 0xA9, 0xA8, 0xA7, 0xA8, 0xA9, 0xAA, 0xAA, 
	0xAD, 0xAD, 0xAE, 0xB0, 0xB0, 0xAD, 0xAA, 0xA7, 0xA7, 0xA6, 0xA5, 0xA5, 0xA6, 0xA7, 0xA9, 0xAA, 
	0xA8, 0xA7, 0xA7, 0xA6, 0xA6, 0xA5, 0xA6, 0xA6, 0xA4, 0xA3, 0xA3, 0xA2, 0xA1, 0xA1, 0xA1, 0xA1, 
	0x9E, 0xA0, 0xA1, 0x9E, 0xA0, 0xA5, 0xA8, 0xA6, 0xA5, 0xA5, 0xA5, 0xA6, 0xA7, 0xA8, 0xA9, 0xAA, 
	0xA5, 0xA5, 0xA5, 0xA4, 0xA3, 0xA1, 0xA0, 0xA0, 0xA0, 0xA2, 0xA4, 0xA1, 0x9D, 0x9C, 0x9F, 0xA3, 
	0xA3, 0xA2, 0xA1, 0x9F, 0x9E, 0x9D, 0x9C, 0x9C, 0x99, 0x9C, 0x9C, 0x99, 0x9A, 0x9D, 0x9C, 0x99, 
	0xB2, 0xB2, 0xB2, 0xB1, 0xB1, 0xB1, 0xB1, 0xB1, 0xB2, 0xB2, 0xB3, 0xB4, 0xB5, 0xB5, 0xB5, 0xB5, 
	0xB4, 0xB5, 0xB5, 0xB5, 0xB5, 0xB6, 0xB6, 0xB6, 0xB7, 0xB5, 0xB4, 0xB3, 0xB4, 0xB6, 0xB8, 0xBA, 
	0xBA, 0xBB, 0xBC, 0xBC, 0xBB, 0xBB, 0xBC, 0xBD, 0xBF, 0xBE, 0xBE, 0xBE, 0xBE, 0xBF, 0xC0, 0xC0, 
	0xC0, 0xBF, 0xBF, 0xBE, 0xBF, 0xBF, 0xBF, 0xBF, 0xBE, 0xBD, 0xBC, 0xBC, 0xBB, 0xBB, 0xBB, 0xBB, 
	0xB8, 0xB7, 0xB7, 0xB8, 0xB8, 0xB8, 0xB7, 0xB7, 0xB6, 0xB6, 0xB6, 0xB6, 0xB6, 0xB6, 0xB6, 0xB6, 
	0xB7, 0xB8, 0xB8, 0xB8, 0xB9, 0xB9, 0xBA, 0xBA, 0xB8, 0xB8, 0xB8, 0xB8, 0xB9, 0xBA, 0xBB, 0xBC, 
	0xBD, 0xBC, 0xBC, 0xBC, 0xBB, 0xBB, 0xBB, 0xBA, 0xBA, 0xBA, 0xBA, 0xBA, 0xBB, 0xBB, 0xBC, 0xBC, 
	0xBE, 0xBE, 0xBD, 0xBD, 0xBD, 0xBD, 0xBD, 0xBC, 0xBC, 0xBC, 0xBC, 0xBB, 0xBB, 0xBA, 0xBA, 0xB9, 
	0xB9, 0xB9, 0xB8, 0xB7, 0xB7, 0xB6, 0xB6, 0xB6, 0xB5, 0xB5, 0xB4, 0xB4, 0xB3, 0xB3, 0xB3, 0xB2, 
	0xB1, 0xB1, 0xB1, 0xB0, 0xB1, 0xB0, 0xB0, 0xB0, 0xB1, 0xB2, 0xB4, 0xB4, 0xB4, 0xB5, 0xB5, 0xB5, 
	0xB2, 0xB2, 0xB3, 0xB3, 0xB3, 0xB2, 0xB1, 0xB1, 0xAC, 0xAD, 0xAE, 0xAF, 0xAF, 0xB1, 0xB0, 0xB1, 
	0xB0, 0xB0, 0xB1, 0xB1, 0xB1, 0xB0, 0xAC, 0xAB, 0xA8, 0xA7, 0xA7, 0xA7, 0xA7, 0xA7, 0xA8, 0xA9, 
	0xAC, 0xAD, 0xAE, 0xAD, 0xAC, 0xAB, 0xAC, 0xAD, 0xA8, 0xA6, 0xA4, 0xA3, 0xA4, 0xA5, 0xA8, 0xAB, 
	0xA4, 0xA3, 0xA3, 0xA2, 0xA1, 0xA0, 0x9F, 0x9F, 0x99, 0x9A, 0x9C, 0x9E, 0x9E, 0x9E, 0x9D, 0x9C, 
	0x9E, 0x9D, 0x9D, 0x9D, 0x9A, 0x96, 0x97, 0x9A, 0x99, 0x9A, 0x9B, 0x9C, 0x9C, 0x9C, 0x9E, 0x9E, 
	0x96, 0x98, 0x9A, 0x9A, 0x98, 0x98, 0x99, 0x9B, 0x96, 0x94, 0x92, 0x93, 0x97, 0x9A, 0x9A, 0x99, 
	0xA7, 0xA7, 0xA7, 0xA7, 0xA8, 0xA8, 0xA9, 0xA9, 0xA8, 0xA9, 0xA9, 0xAA, 0xAA, 0xAB, 0xAB, 0xAB, 
	0xAC, 0xAC, 0xAC, 0xAC, 0xAC, 0xAD, 0xAD, 0xAD, 0xAF, 0xAD, 0xAC, 0xAB, 0xAB, 0xAC, 0xAD, 0xAE, 
	0xB1, 0xB2, 0xB3, 0xB3, 0xB2, 0xB3, 0xB3, 0xB4, 0xAF, 0xAF, 0xB0, 0xB2, 0xB3, 0xB6, 0xB7, 0xB8, 
	0xBD, 0xBC, 0xBC, 0xBB, 0xBC, 0xBC, 0xBD, 0xBD, 0xBC, 0xBC, 0xBC, 0xBC, 0xBD, 0xBE, 0xBE, 0xBE, 
	0xBC, 0xBC, 0xBC, 0xBC, 0xBC, 0xBB, 0xBB, 0xBB, 0xB9, 0xB9, 0xB9, 0xB9, 0xB9, 0xB9, 0xB9, 0xB9, 
	0xB9, 0xBA, 0xBA, 0xBA, 0xBB, 0xBB, 0xBC, 0xBC, 0xB8, 0xB9, 0xB9, 0xB9, 0xB9, 0xBA, 0xBB, 0xBB, 
	0xBC, 0xBC, 0xBC, 0xBC, 0xBC, 0xBC, 0xBD, 0xBC, 0xBD, 0xBD, 0xBD, 0xBE, 0xBF, 0xC0, 0xC0, 0xC1, 
	0xBF, 0xBE, 0xBE, 0xBE, 0xBE, 0xBE, 0xBE, 0xBE, 0xBE, 0xBD, 0xBE, 0xBD, 0xBD, 0xBD, 0xBD, 0xBD, 
	0xBC, 0xBB, 0xBB, 0xBB, 0xBA, 0xBA, 0xB9, 0xB9, 0xB7, 0xB6, 0xB6, 0xB6, 0xB6, 0xB6, 0xB6, 0xB6, 
	0xB5, 0xB5, 0xB5, 0xB5, 0xB5, 0xB6, 0xB6, 0xB7, 0xB6, 0xB6, 0xB6, 0xB8, 0xB8, 0xB8, 0xB8, 0xB8, 
	0xB8, 0xB8, 0xB7, 0xB7, 0xB7, 0xB6, 0xB6, 0xB7, 0xB4, 0xB5, 0xB6, 0xB7, 0xB8, 0xB8, 0xB8, 0xB8, 
	0xB5, 0xB5, 0xB5, 0xB5, 0xB5, 0xB4, 0xB1, 0xAF, 0xAD, 0xAD, 0xAC, 0xAC, 0xAC, 0xAC, 0xAC, 0xAD, 
	0xAC, 0xAD, 0xAE, 0xAE, 0xAD, 0xAD, 0xAE, 0xB0, 0xAC, 0xAB, 0xA8, 0xA5, 0xA4, 0xA4, 0xA4, 0xA5, 
	0xA4, 0xA4, 0xA3, 0xA1, 0xA1, 0xA0, 0x9F, 0x9E, 0x9A, 0x9A, 0x9B, 0x9C, 0x9C, 0x9C, 0x9C, 0x9B, 
	0x9E, 0x9D, 0x9E, 0x9F, 0x9D, 0x99, 0x9A, 0x9C, 0x9A, 0x9A, 0x98, 0x96, 0x93, 0x92, 0x93, 0x95, 
	0x95, 0x97, 0x97, 0x96, 0x94, 0x92, 0x93, 0x94, 0x95, 0x94, 0x92, 0x92, 0x93, 0x94, 0x95, 0x94, 
	0xA4, 0xA5, 0xA5, 0xA6, 0xA7, 0xA8, 0xA9, 0xA9, 0xA9, 0xA9, 0xAA, 0xAB, 0xAB, 0xAB, 0xAB, 0xAB, 
	0xAA, 0xAA, 0xAA, 0xAA, 0xAB, 0xAB, 0xAB, 0xAB, 0xAC, 0xAC, 0xAB, 0xAA, 0xA9, 0xA8, 0xA9, 0xA9, 
	0xAD, 0xAD, 0xAE, 0xAF, 0xAE, 0xAE, 0xB0, 0xB1, 0xB2, 0xB2, 0xB2, 0xB2, 0xB3, 0xB3, 0xB4, 0xB4, 
	0xB4, 0xB4, 0xB3, 0xB3, 0xB4, 0xB5, 0xB6, 0xB6, 0xB6, 0xB6, 0xB6, 0xB6, 0xB7, 0xB7, 0xB9, 0xB9, 
	0xB7, 0xB6, 0xB6, 0xB6, 0xB7, 0xB6, 0xB7, 0xB7, 0xB8, 0xB8, 0xB9, 0xB9, 0xB9, 0xB9, 0xB8, 0xB9, 
	0xB9, 0xB9, 0xB9, 0xB9, 0xBA, 0xBA, 0xBA, 0xBA, 0xB9, 0xB9, 0xB9, 0xB9, 0xB9, 0xBA, 0xBB, 0xBC, 
	0xBB, 0xBB, 0xBB, 0xBB, 0xBB, 0xBB, 0xBB, 0xBC, 0xBD, 0xBD, 0xBC, 0xBC, 0xBD, 0xBD, 0xBD, 0xBD, 
	0xBE, 0xBE, 0xBE, 0xBE, 0xBE, 0xBE, 0xBE, 0xBE, 0xBD, 0xBC, 0xBD, 0xBC, 0xBD, 0xBC, 0xBD, 0xBC, 
	0xBC, 0xBD, 0xBC, 0xBC, 0xBB, 0xBC, 0xBC, 0xBC, 0xBC, 0xBC, 0xBC, 0xBC, 0xBC, 0xBC, 0xBC, 0xBD, 
	0xBE, 0xBE, 0xBD, 0xBD, 0xBD, 0xBD, 0xBE, 0xBF, 0xBE, 0xBE, 0xBF, 0xBF, 0xBF, 0xBF, 0xBF, 0xBE, 
	0xBF, 0xBE, 0xBD, 0xBD, 0xBD, 0xBD, 0xBE, 0xBE, 0xBA, 0xBA, 0xBA, 0xBB, 0xBB, 0xBB, 0xBA, 0xBA, 
	0xB6, 0xB5, 0xB5, 0xB5, 0xB5, 0xB3, 0xB1, 0xAF, 0xAA, 0xAA, 0xAA, 0xA9, 0xA9, 0xA9, 0xA9, 0xA9, 
	0xA8, 0xAA, 0xAA, 0xAB, 0xAB, 0xAB, 0xAC, 0xAE, 0xAE, 0xAC, 0xAA, 0xA7, 0xA4, 0xA3, 0xA2, 0xA1, 
	0xA5, 0xA5, 0xA4, 0xA2, 0xA1, 0x9F, 0x9F, 0x9F, 0x9C, 0x9B, 0x9A, 0x99, 0x98, 0x97, 0x96, 0x96, 
	0x96, 0x95, 0x97, 0x99, 0x99, 0x95, 0x95, 0x98, 0x94, 0x94, 0x94, 0x91, 0x90, 0x90, 0x93, 0x94, 
	0x91, 0x92, 0x92, 0x91, 0x8F, 0x8E, 0x8E, 0x8F, 0x90, 0x91, 0x92, 0x92, 0x92, 0x93, 0x94, 0x96, 
	0xA9, 0xA9, 0xA9, 0xAA, 0xAB, 0xAB, 0xAC, 0xAC, 0xAB, 0xAC, 0xAD, 0xAD, 0xAE, 0xAE, 0xAD, 0xAD, 
	0xAB, 0xAB, 0xAB, 0xAB, 0xAB, 0xAC, 0xAC, 0xAC, 0xAC, 0xAC, 0xAB, 0xAB, 0xAB, 0xAA, 0xAA, 0xA9, 
	0xAC, 0xAC, 0xAD, 0xAE, 0xAD, 0xAE, 0xAF, 0xB0, 0xB0, 0xAF, 0xAF, 0xAE, 0xAD, 0xAD, 0xAD, 0xAE, 
	0xAF, 0xAF, 0xAF, 0xAF, 0xB0, 0xB0, 0xB1, 0xB1, 0xB2, 0xB1, 0xB1, 0xB0, 0xB0, 0xB0, 0xB0, 0xB0, 
	0xAE, 0xAF, 0xAF, 0xAF, 0xAF, 0xB0, 0xB0, 0xB0, 0xB2, 0xB2, 0xB2, 0xB2, 0xB2, 0xB2, 0xB2, 0xB2, 
	0xB5, 0xB5, 0xB5, 0xB5, 0xB5, 0xB4, 0xB4, 0xB4, 0xB5, 0xB5, 0xB5, 0xB5, 0xB5, 0xB6, 0xB6, 0xB6, 
	0xB5, 0xB5, 0xB6, 0xB6, 0xB7, 0xB7, 0xB6, 0xB7, 0xB6, 0xB6, 0xB6, 0xB5, 0xB4, 0xB4, 0xB3, 0xB3, 
	0xB7, 0xB7, 0xB8, 0xB8, 0xB8, 0xB8, 0xB8, 0xB8, 0xB8, 0xB8, 0xB8, 0xB8, 0xB9, 0xBA, 0xBA, 0xBA, 
	0xBA, 0xBB, 0xBB, 0xBB, 0xBC, 0xBC, 0xBC, 0xBC, 0xBD, 0xBD, 0xBD, 0xBD, 0xBE, 0xBE, 0xBF, 0xBF, 
	0xC2, 0xC2, 0xC0, 0xBE, 0xBE, 0xBE, 0xBF, 0xC0, 0xC2, 0xC2, 0xC1, 0xC1, 0xC0, 0xBF, 0xBD, 0xBD, 
	0xBD, 0xBE, 0xBE, 0xBE, 0xBD, 0xBC, 0xBB, 0xBA, 0xB8, 0xB8, 0xB7, 0xB5, 0xB5, 0xB4, 0xB3, 0xB3, 
	0xB0, 0xAF, 0xAE, 0xAE, 0xAE, 0xAD, 0xAB, 0xAA, 0xA5, 0xA4, 0xA3, 0xA2, 0xA2, 0xA1, 0xA1, 0xA1, 
	0xA3, 0xA4, 0xA5, 0xA5, 0xA4, 0xA4, 0xA6, 0xA7, 0xA9, 0xA9, 0xA8, 0xA6, 0xA5, 0xA4, 0xA2, 0xA1, 
	0xA0, 0xA0, 0x9F, 0x9E, 0x9E, 0x9D, 0x9C, 0x9C, 0x9C, 0x9C, 0x9A, 0x99, 0x95, 0x92, 0x8F, 0x8D, 
	0x8F, 0x8E, 0x90, 0x93, 0x93, 0x90, 0x90, 0x92, 0x90, 0x91, 0x91, 0x91, 0x90, 0x90, 0x92, 0x93, 
	0x8B, 0x8C, 0x8D, 0x8E, 0x8E, 0x8F, 0x90, 0x91, 0x8C, 0x8E, 0x90, 0x8F, 0x8D, 0x8D, 0x8F, 0x91, 
	0xA9, 0xA9, 0xA9, 0xA9, 0xA8, 0xA8, 0xA8, 0xA8, 0xA6, 0xA6, 0xA7, 0xA7, 0xA7, 0xA7, 0xA7, 0xA6, 
	0xA9, 0xA9, 0xA9, 0xA9, 0xAA, 0xAA, 0xAA, 0xAA, 0xA8, 0xA8, 0xA8, 0xA8, 0xA9, 0xA9, 0xA9, 0xA9, 
	0xAA, 0xAB, 0xAB, 0xAD, 0xAB, 0xAC, 0xAC, 0xAE, 0xAB, 0xAC, 0xAC, 0xAD, 0xAF, 0xB0, 0xB1, 0xB2, 
	0xAF, 0xAF, 0xAF, 0xAF, 0xB0, 0xB0, 0xB2, 0xB2, 0xB2, 0xB2, 0xB2, 0xB0, 0xB0, 0xB0, 0xB0, 0xB0, 
	0xAE, 0xAE, 0xAE, 0xAE, 0xAF, 0xAF, 0xAF, 0xAF, 0xAE, 0xAE, 0xAE, 0xAE, 0xAE, 0xAE, 0xAE, 0xAE, 
	0xB0, 0xB0, 0xB0, 0xB0, 0xB0, 0xAF, 0xAF, 0xAF, 0xAE, 0xAE, 0xAE, 0xAD, 0xAE, 0xAE, 0xAF, 0xAF, 
	0xB0, 0xB0, 0xB1, 0xB1, 0xB2, 0xB2, 0xB2, 0xB3, 0xB0, 0xB0, 0xB1, 0xB1, 0xB0, 0xB0, 0xB0, 0xB0, 
	0xAF, 0xAF, 0xAF, 0xAF, 0xB0, 0xB0, 0xB0, 0xB0, 0xB4, 0xB4, 0xB5, 0xB5, 0xB5, 0xB6, 0xB7, 0xB7, 
	0xB8, 0xB9, 0xB9, 0xB9, 0xBA, 0xBA, 0xBB, 0xBB, 0xBA, 0xBA, 0xBA, 0xBB, 0xBB, 0xBB, 0xBC, 0xBC, 
	0xBB, 0xBB, 0xBA, 0xBA, 0xBA, 0xBB, 0xBC, 0xBC, 0xBD, 0xBD, 0xBC, 0xBC, 0xBA, 0xB8, 0xB6, 0xB5, 
	0xB4, 0xB5, 0xB7, 0xB8, 0xB6, 0xB3, 0xB0, 0xAF, 0xB1, 0xB1, 0xAF, 0xAE, 0xAD, 0xAD, 0xAD, 0xAE, 
	0xAC, 0xAB, 0xA9, 0xA9, 0xA9, 0xA8, 0xA7, 0xA6, 0xA4, 0xA4, 0xA3, 0xA2, 0xA1, 0xA1, 0xA1, 0xA1, 
	0x9F, 0xA0, 0xA1, 0xA1, 0x9F, 0x9F, 0xA0, 0xA1, 0xA3, 0xA3, 0xA3, 0xA2, 0xA1, 0x9F, 0x9E, 0x9E, 
	0x99, 0x99, 0x99, 0x99, 0x98, 0x98, 0x98, 0x98, 0x9A, 0x9A, 0x9A, 0x99, 0x97, 0x93, 0x90, 0x8D, 
	0x91, 0x8F, 0x8F, 0x93, 0x93, 0x90, 0x8F, 0x91, 0x91, 0x92, 0x94, 0x93, 0x90, 0x8D, 0x8C, 0x8B, 
	0x89, 0x8A, 0x8A, 0x8B, 0x8D, 0x8E, 0x8F, 0x8F, 0x8E, 0x8F, 0x8F, 0x8D, 0x89, 0x87, 0x87, 0x88, 
	0xA6, 0xA6, 0xA6, 0xA5, 0xA5, 0xA5, 0xA5, 0xA5, 0xA5, 0xA6, 0xA6, 0xA7, 0xA7, 0xA6, 0xA6, 0xA5, 
	0xA8, 0xA8, 0xA8, 0xA9, 0xA9, 0xA9, 0xA9, 0xA9, 0xA7, 0xA7, 0xA7, 0xA7, 0xA8, 0xA9, 0xAA, 0xAB, 
	0xAD, 0xAD, 0xAE, 0xAD, 0xAD, 0xAD, 0xAD, 0xAE, 0xB1, 0xB0, 0xB0, 0xB0, 0xB1, 0xB2, 0xB3, 0xB3, 
	0xAE, 0xAD, 0xAD, 0xAD, 0xAE, 0xAE, 0xAF, 0xAF, 0xB0, 0xB0, 0xB0, 0xB0, 0xB1, 0xB2, 0xB2, 0xB3, 
	0xB0, 0xB0, 0xB0, 0xB0, 0xB0, 0xAF, 0xAF, 0xAF, 0xAF, 0xAF, 0xAF, 0xAF, 0xAF, 0xAF, 0xAF, 0xAF, 
	0xAF, 0xAF, 0xAF, 0xAF, 0xB0, 0xB0, 0xB0, 0xB0, 0xAF, 0xAE, 0xAE, 0xAD, 0xAD, 0xAE, 0xAE, 0xAF, 
	0xAF, 0xB0, 0xB0, 0xB0, 0xAF, 0xAF, 0xB0, 0xB0, 0xAF, 0xAF, 0xB0, 0xB0, 0xB1, 0xB2, 0xB3, 0xB3, 
	0xB0, 0xB0, 0xB2, 0xB1, 0xB2, 0xB2, 0xB3, 0xB3, 0xB2, 0xB2, 0xB3, 0xB4, 0xB4, 0xB5, 0xB6, 0xB6, 
	0xB7, 0xB7, 0xB8, 0xB8, 0xB8, 0xB8, 0xB9, 0xB9, 0xB8, 0xB8, 0xB8, 0xB9, 0xB9, 0xB9, 0xB9, 0xB9, 
	0xB4, 0xB5, 0xB6, 0xB8, 0xB8, 0xBA, 0xBB, 0xBB, 0xB9, 0xB9, 0xB9, 0xB8, 0xB7, 0xB6, 0xB5, 0xB4, 
	0xB2, 0xB3, 0xB4, 0xB4, 0xB2, 0xB0, 0xAC, 0xAA, 0xAB, 0xAB, 0xAA, 0xAA, 0xAA, 0xAC, 0xAE, 0xAF, 
	0xAB, 0xAA, 0xA8, 0xA7, 0xA7, 0xA7, 0xA6, 0xA5, 0xA4, 0xA3, 0xA3, 0xA2, 0xA1, 0xA1, 0xA1, 0xA2, 
	0xA0, 0xA1, 0xA1, 0xA0, 0x9F, 0x9F, 0xA0, 0xA0, 0xA1, 0xA1, 0xA0, 0x9E, 0x9D, 0x9B, 0x99, 0x98, 
	0x9B, 0x99, 0x99, 0x99, 0x9A, 0x9A, 0x98, 0x98, 0x98, 0x99, 0x99, 0x9A, 0x9A, 0x97, 0x96, 0x94, 
	0x95, 0x92, 0x90, 0x91, 0x92, 0x8F, 0x8E, 0x8E, 0x8F, 0x92, 0x94, 0x94, 0x93, 0x92, 0x91, 0x91, 
	0x8C, 0x8B, 0x8B, 0x8B, 0x8B, 0x8B, 0x8C, 0x8A, 0x8B, 0x8D, 0x8D, 0x8E, 0x8D, 0x8D, 0x8D, 0x8D, 
	0xA7, 0xA7, 0xA7, 0xA7, 0xA7, 0xA7, 0xA7, 0xA8, 0xAA, 0xAB, 0xAB, 0xAB, 0xAB, 0xAB, 0xAA, 0xAA, 
	0xAB, 0xAC, 0xAB, 0xAC, 0xAC, 0xAC, 0xAC, 0xAC, 0xAB, 0xAC, 0xAA, 0xAB, 0xAB, 0xAD, 0xAF, 0xB0, 
	0xB0, 0xB1, 0xB2, 0xB1, 0xAF, 0xAF, 0xAF, 0xB0, 0xAF, 0xAF, 0xAD, 0xAC, 0xAC, 0xAB, 0xAB, 0xAA, 
	0xAF, 0xAF, 0xAF, 0xAE, 0xAE, 0xAF, 0xAF, 0xB0, 0xAF, 0xB0, 0xAF, 0xB0, 0xB0, 0xB2, 0xB2, 0xB3, 
	0xB1, 0xB0, 0xB0, 0xAF, 0xAF, 0xAE, 0xAE, 0xAD, 0xB0, 0xB0, 0xB0, 0xB0, 0xB0, 0xB0, 0xB0, 0xAF, 
	0xAF, 0xAF, 0xAF, 0xAF, 0xAF, 0xB0, 0xB0, 0xB0, 0xB1, 0xB1, 0xAF, 0xAF, 0xB0, 0xB0, 0xB0, 0xB0, 
	0xAF, 0xAF, 0xAF, 0xAE, 0xAE, 0xAE, 0xAE, 0xAE, 0xAE, 0xAF, 0xAF, 0xAF, 0xB0, 0xB0, 0xB0, 0xB0, 
	0xB0, 0xB0, 0xB1, 0xB1, 0xB2, 0xB3, 0xB3, 0xB3, 0xB1, 0xB1, 0xB1, 0xB2, 0xB2, 0xB3, 0xB3, 0xB3, 
	0xB3, 0xB4, 0xB4, 0xB4, 0xB4, 0xB4, 0xB5, 0xB5, 0xB6, 0xB6, 0xB6, 0xB5, 0xB5, 0xB5, 0xB5, 0xB5, 
	0xB2, 0xB3, 0xB5, 0xB7, 0xB7, 0xB7, 0xB6, 0xB5, 0xB3, 0xB4, 0xB5, 0xB5, 0xB6, 0xB6, 0xB6, 0xB5, 
	0xB7, 0xB6, 0xB4, 0xB3, 0xAF, 0xAD, 0xAB, 0xAA, 0xAA, 0xAA, 0xA9, 0xA8, 0xA9, 0xAA, 0xAB, 0xAC, 
	0xAA, 0xA8, 0xA6, 0xA5, 0xA6, 0xA6, 0xA5, 0xA4, 0xA1, 0xA1, 0xA0, 0xA0, 0xA0, 0xA1, 0xA1, 0xA1, 
	0xA0, 0xA1, 0xA2, 0xA2, 0xA1, 0xA1, 0xA2, 0xA3, 0xA5, 0xA4, 0xA2, 0xA0, 0x9E, 0x9C, 0x9B, 0x9A, 
	0xA0, 0xA0, 0x9F, 0x9E, 0x9D, 0x9B, 0x9B, 0x9B, 0x9A, 0x99, 0x98, 0x98, 0x98, 0x98, 0x98, 0x98, 
	0x99, 0x93, 0x8F, 0x8F, 0x8E, 0x8C, 0x8A, 0x8B, 0x8A, 0x8C, 0x8D, 0x8F, 0x90, 0x92, 0x95, 0x98, 
	0x92, 0x8F, 0x8D, 0x8C, 0x8D, 0x8C, 0x8A, 0x88, 0x86, 0x86, 0x88, 0x8B, 0x8E, 0x8F, 0x8E, 0x8E, 
	0xA7, 0xA8, 0xA8, 0xA9, 0xAA, 0xAA, 0xAA, 0xAA, 0xAA, 0xAA, 0xAA, 0xAB, 0xAA, 0xAA, 0xAA, 0xA9, 
	0xAD, 0xAD, 0xAD, 0xAD, 0xAD, 0xAE, 0xAE, 0xAE, 0xAF, 0xAE, 0xAC, 0xAB, 0xAC, 0xAE, 0xB1, 0xB2, 
	0xB0, 0xB1, 0xB1, 0xB0, 0xAE, 0xAD, 0xAE, 0xAE, 0xB2, 0xB2, 0xB2, 0xB2, 0xB3, 0xB4, 0xB5, 0xB6, 
	0xB6, 0xB5, 0xB5, 0xB4, 0xB4, 0xB4, 0xB5, 0xB5, 0xB5, 0xB4, 0xB3, 0xB2, 0xB2, 0xB2, 0xB2, 0xB2, 
	0xB3, 0xB2, 0xB2, 0xB1, 0xAF, 0xAF, 0xAE, 0xAD, 0xAE, 0xAE, 0xAE, 0xAE, 0xAE, 0xAE, 0xAE, 0xAE, 
	0xAE, 0xAE, 0xAF, 0xB0, 0xB0, 0xB0, 0xB1, 0xB2, 0xAF, 0xAE, 0xAD, 0xAD, 0xAD, 0xAD, 0xAD, 0xAD, 
	0xAD, 0xAD, 0xAD, 0xAC, 0xAC, 0xAC, 0xAB, 0xAB, 0xAE, 0xAD, 0xAC, 0xAB, 0xAA, 0xA8, 0xA7, 0xA6, 
	0xA9, 0xA9, 0xA9, 0xAA, 0xAB, 0xAB, 0xAC, 0xAC, 0xAF, 0xAF, 0xAF, 0xB0, 0xB0, 0xB0, 0xB1, 0xB1, 
	0xAF, 0xAF, 0xAF, 0xAF, 0xAF, 0xAF, 0xAF, 0xAF, 0xAF, 0xAE, 0xAE, 0xAE, 0xAD, 0xAD, 0xAC, 0xAC, 
	0xB0, 0xB1, 0xB2, 0xB2, 0xB0, 0xAE, 0xAB, 0xA9, 0xAB, 0xAB, 0xAD, 0xAF, 0xB0, 0xB1, 0xB2, 0xB2, 
	0xB7, 0xB4, 0xB1, 0xAD, 0xA9, 0xA9, 0xA8, 0xA8, 0xAC, 0xAA, 0xA8, 0xA6, 0xA5, 0xA5, 0xA6, 0xA6, 
	0xA7, 0xA5, 0xA4, 0xA3, 0xA3, 0xA3, 0xA2, 0xA1, 0xA0, 0xA0, 0xA0, 0xA0, 0xA0, 0xA1, 0xA1, 0xA1, 
	0xA0, 0xA1, 0xA2, 0xA3, 0xA2, 0xA3, 0xA4, 0xA6, 0xA7, 0xA6, 0xA5, 0xA4, 0xA2, 0xA1, 0xA0, 0xA0, 
	0xA1, 0xA0, 0x9E, 0x9C, 0x9B, 0x99, 0x98, 0x97, 0x9D, 0x9B, 0x97, 0x94, 0x93, 0x94, 0x95, 0x97, 
	0x9D, 0x96, 0x91, 0x90, 0x8F, 0x8C, 0x8B, 0x8B, 0x87, 0x87, 0x85, 0x85, 0x85, 0x87, 0x8C, 0x8F, 
	0x94, 0x92, 0x90, 0x8F, 0x90, 0x8F, 0x8D, 0x8B, 0x86, 0x84, 0x83, 0x83, 0x85, 0x84, 0x81, 0x7D, 
	0xA5, 0xA6, 0xA7, 0xA7, 0xA7, 0xA6, 0xA5, 0xA4, 0xA8, 0xA8, 0xA8, 0xA7, 0xA7, 0xA7, 0xA7, 0xA7, 
	0xA9, 0xAA, 0xAA, 0xAB, 0xAB, 0xAC, 0xAA, 0xAB, 0xAD, 0xAD, 0xAC, 0xAC, 0xAB, 0xAC, 0xAD, 0xAD, 
	0xAE, 0xAE, 0xAF, 0xB0, 0xB0, 0xB1, 0xB2, 0xB2, 0xB1, 0xB1, 0xB1, 0xB2, 0xB2, 0xB3, 0xB3, 0xB3, 
	0xB2, 0xB2, 0xB2, 0xB2, 0xB1, 0xB1, 0xB1, 0xB1, 0xAC, 0xAD, 0xAF, 0xB0, 0xB1, 0xB0, 0xAE, 0xAD, 
	0xAF, 0xAE, 0xAE, 0xAD, 0xAD, 0xAC, 0xAD, 0xAD, 0xAD, 0xAD, 0xAD, 0xAD, 0xAD, 0xAD, 0xAD, 0xAD, 
	0xAD, 0xAE, 0xAF, 0xB0, 0xB0, 0xB0, 0xB0, 0xB0, 0xAF, 0xAE, 0xAD, 0xAC, 0xAB, 0xAB, 0xAB, 0xAC, 
	0xAA, 0xA8, 0xA8, 0xA8, 0xA9, 0xAA, 0xA9, 0xA8, 0xA3, 0xA5, 0xA7, 0xA9, 0xA9, 0xA9, 0xA9, 0xA9, 
	0xA7, 0xA8, 0xAA, 0xAC, 0xAC, 0xAD, 0xAE, 0xAE, 0xAE, 0xAE, 0xAD, 0xAD, 0xAD, 0xAC, 0xAC, 0xAC, 
	0xAD, 0xAD, 0xAC, 0xAC, 0xAC, 0xAC, 0xAC, 0xAD, 0xAA, 0xAC, 0xAF, 0xB1, 0xB1, 0xB2, 0xB0, 0xB0, 
	0xAF, 0xB0, 0xB0, 0xAF, 0xAC, 0xA9, 0xA9, 0xA9, 0xAA, 0xA9, 0xA8, 0xAA, 0xAE, 0xB1, 0xB1, 0xB0, 
	0xB2, 0xAC, 0xA7, 0xA6, 0xA9, 0xAB, 0xA9, 0xA5, 0xA6, 0xA5, 0xA5, 0xA5, 0xA6, 0xA7, 0xA7, 0xA7, 
	0xA5, 0xA4, 0xA2, 0xA1, 0xA0, 0xA0, 0xA0, 0xA0, 0x9F, 0x9E, 0x9D, 0x9D, 0x9C, 0x9D, 0x9D, 0x9D, 
	0x9F, 0x9E, 0x9E, 0x9E, 0xA1, 0xA2, 0xA3, 0xA2, 0xA4, 0xA3, 0xA1, 0x9E, 0x9B, 0x9B, 0x9A, 0x9A, 
	0x99, 0x97, 0x96, 0x97, 0x9A, 0x9A, 0x98, 0x96, 0x98, 0x97, 0x96, 0x95, 0x94, 0x93, 0x94, 0x94, 
	0x96, 0x97, 0x98, 0x97, 0x93, 0x8F, 0x8C, 0x8B, 0x89, 0x8B, 0x8C, 0x8C, 0x8E, 0x8E, 0x90, 0x92, 
	0x8E, 0x8F, 0x8E, 0x8B, 0x87, 0x86, 0x88, 0x8A, 0x8B, 0x88, 0x86, 0x85, 0x86, 0x88, 0x88, 0x87, 
	0xA3, 0xA3, 0xA4, 0xA5, 0xA5, 0xA4, 0xA3, 0xA3, 0xA4, 0xA4, 0xA4, 0xA5, 0xA5, 0xA5, 0xA5, 0xA6, 
	0xA6, 0xA7, 0xA9, 0xAC, 0xAD, 0xAF, 0xB0, 0xB0, 0xAE, 0xAE, 0xAE, 0xAD, 0xAD, 0xAE, 0xAE, 0xAE, 
	0xAF, 0xAF, 0xAF, 0xAE, 0xAE, 0xAD, 0xAD, 0xAD, 0xB0, 0xB0, 0xB0, 0xB0, 0xB0, 0xB0, 0xB0, 0xB0, 
	0xB2, 0xB2, 0xB1, 0xB1, 0xB0, 0xB0, 0xB0, 0xAF, 0xAD, 0xAE, 0xAE, 0xAF, 0xAE, 0xAD, 0xAC, 0xAC, 
	0xAD, 0xAD, 0xAC, 0xAC, 0xAC, 0xAC, 0xAB, 0xAB, 0xAC, 0xAC, 0xAD, 0xAD, 0xAE, 0xAF, 0xB0, 0xB0, 
	0xAC, 0xAC, 0xAC, 0xAC, 0xAB, 0xA9, 0xA8, 0xA6, 0xA8, 0xA8, 0xA9, 0xAB, 0xAB, 0xAB, 0xAB, 0xAB, 
	0xAA, 0xA9, 0xA9, 0xA9, 0xA9, 0xAB, 0xAA, 0xA9, 0xAA, 0xA9, 0xA9, 0xA9, 0xA8, 0xA8, 0xA9, 0xA9, 
	0xAD, 0xAD, 0xAE, 0xAE, 0xAD, 0xAD, 0xAC, 0xAC, 0xAE, 0xAE, 0xAE, 0xAE, 0xAE, 0xAE, 0xAE, 0xAE, 
	0xAC, 0xAB, 0xAA, 0xA9, 0xA9, 0xA9, 0xA9, 0xA9, 0xAA, 0xAC, 0xAC, 0xAE, 0xAF, 0xAF, 0xAF, 0xAE, 
	0xAD, 0xAE, 0xAE, 0xAC, 0xAA, 0xA9, 0xA9, 0xA9, 0xAA, 0xAB, 0xAA, 0xAA, 0xAB, 0xAC, 0xAC, 0xAD, 
	0xA9, 0xA9, 0xA9, 0xA9, 0xA9, 0xA7, 0xA4, 0xA1, 0xA4, 0xA5, 0xA4, 0xA4, 0xA4, 0xA4, 0xA5, 0xA5, 
	0xA1, 0xA1, 0xA1, 0xA0, 0x9F, 0x9E, 0x9E, 0x9D, 0x9C, 0x9B, 0x9B, 0x9B, 0x9B, 0x9B, 0x9B, 0x9A, 
	0x9E, 0x9E, 0x9E, 0x9E, 0xA0, 0xA0, 0xA0, 0xA0, 0xA0, 0x9E, 0x9C, 0x9A, 0x99, 0x98, 0x97, 0x97, 
	0x97, 0x96, 0x95, 0x97, 0x99, 0x9A, 0x99, 0x97, 0x97, 0x96, 0x96, 0x95, 0x94, 0x94, 0x94, 0x93, 
	0x99, 0x9A, 0x9C, 0x9B, 0x99, 0x96, 0x95, 0x94, 0x8F, 0x90, 0x8F, 0x8E, 0x8C, 0x8A, 0x89, 0x8A, 
	0x8C, 0x8C, 0x8C, 0x8A, 0x88, 0x88, 0x89, 0x8A, 0x8E, 0x8A, 0x87, 0x86, 0x86, 0x87, 0x86, 0x86, 
	0xA5, 0xA6, 0xA6, 0xA6, 0xA6, 0xA6, 0xA6, 0xA6, 0xA6, 0xA6, 0xA6, 0xA7, 0xA8, 0xA9, 0xAA, 0xAA, 
	0xAA, 0xAC, 0xAC, 0xAD, 0xAD, 0xAD, 0xAD, 0xAD, 0xAE, 0xAF, 0xAF, 0xAF, 0xAF, 0xAF, 0xAF, 0xAE, 
	0xB0, 0xB0, 0xAF, 0xAE, 0xAE, 0xAD, 0xAC, 0xAC, 0xB0, 0xB0, 0xB0, 0xB0, 0xB0, 0xAF, 0xAF, 0xAF, 
	0xB2, 0xB1, 0xB1, 0xB0, 0xAF, 0xAF, 0xAE, 0xAE, 0xAD, 0xAD, 0xAD, 0xAD, 0xAD, 0xAD, 0xAD, 0xAD, 
	0xAD, 0xAD, 0xAD, 0xAD, 0xAD, 0xAB, 0xAB, 0xAB, 0xAC, 0xAC, 0xAC, 0xAD, 0xAE, 0xAF, 0xAF, 0xAF, 
	0xB1, 0xB1, 0xB1, 0xAF, 0xAE, 0xAC, 0xAB, 0xA9, 0xAB, 0xAC, 0xAD, 0xAF, 0xB0, 0xAF, 0xAE, 0xAD, 
	0xAC, 0xAB, 0xAB, 0xAB, 0xAB, 0xAC, 0xAB, 0xAA, 0xAD, 0xAC, 0xAA, 0xAA, 0xA9, 0xAA, 0xAB, 0xAC, 
	0xAF, 0xAF, 0xAE, 0xAE, 0xAD, 0xAB, 0xAA, 0xA9, 0xAB, 0xAB, 0xAB, 0xAA, 0xAA, 0xAA, 0xAA, 0xAA, 
	0xA9, 0xA8, 0xA8, 0xA7, 0xA6, 0xA6, 0xA6, 0xA7, 0xA9, 0xA9, 0xA9, 0xA9, 0xA9, 0xAA, 0xAB, 0xAC, 
	0xA9, 0xAA, 0xAA, 0xA9, 0xA7, 0xA7, 0xA8, 0xAA, 0xA9, 0xAB, 0xAD, 0xAB, 0xA9, 0xA7, 0xA9, 0xAB, 
	0xAC, 0xAE, 0xB1, 0xAF, 0xAD, 0xAA, 0xA9, 0xA9, 0xA4, 0xA4, 0xA2, 0xA1, 0xA1, 0xA1, 0xA0, 0xA0, 
	0x9B, 0x9D, 0x9E, 0x9E, 0x9E, 0x9D, 0x9B, 0x9A, 0x99, 0x98, 0x98, 0x98, 0x98, 0x98, 0x98, 0x98, 
	0x9A, 0x9C, 0x9E, 0x9F, 0x9F, 0x9E, 0x9E, 0x9F, 0x9B, 0x9A, 0x99, 0x97, 0x96, 0x96, 0x96, 0x97, 
	0x94, 0x94, 0x94, 0x96, 0x98, 0x98, 0x98, 0x96, 0x95, 0x96, 0x96, 0x96, 0x96, 0x95, 0x94, 0x93, 
	0x93, 0x94, 0x95, 0x94, 0x93, 0x91, 0x90, 0x90, 0x90, 0x91, 0x8F, 0x8D, 0x88, 0x85, 0x84, 0x83, 
	0x86, 0x86, 0x86, 0x87, 0x89, 0x89, 0x89, 0x88, 0x8F, 0x8D, 0x8B, 0x8A, 0x8A, 0x8B, 0x8B, 0x8A, 
	0xA7, 0xA7, 0xA7, 0xA8, 0xA8, 0xA8, 0xA8, 0xA8, 0xA8, 0xA8, 0xA9, 0xAB, 0xAC, 0xAC, 0xAD, 0xAD, 
	0xAE, 0xAE, 0xAE, 0xAE, 0xAE, 0xAD, 0xAC, 0xAC, 0xAE, 0xAF, 0xB0, 0xB1, 0xB1, 0xB0, 0xAF, 0xAE, 
	0xB0, 0xB0, 0xB0, 0xB0, 0xB0, 0xB1, 0xB1, 0xB1, 0xB2, 0xB1, 0xB1, 0xB1, 0xB0, 0xB0, 0xB0, 0xB0, 
	0xB2, 0xB2, 0xB1, 0xB0, 0xAF, 0xAF, 0xAE, 0xAE, 0xAD, 0xAC, 0xAD, 0xAD, 0xAE, 0xAF, 0xB0, 0xB1, 
	0xAF, 0xAF, 0xAE, 0xAE, 0xAD, 0xAD, 0xAC, 0xAC, 0xAE, 0xAD, 0xAD, 0xAD, 0xAC, 0xAC, 0xAB, 0xAB, 
	0xA9, 0xA9, 0xA9, 0xA8, 0xA8, 0xA8, 0xA7, 0xA7, 0xA9, 0xAA, 0xAA, 0xAA, 0xA9, 0xA8, 0xA7, 0xA6, 
	0xA9, 0xA8, 0xA7, 0xA7, 0xA9, 0xA9, 0xA8, 0xA7, 0xA9, 0xA8, 0xA8, 0xA8, 0xA9, 0xAA, 0xAA, 0xAB, 
	0xA8, 0xA9, 0xAA, 0xA9, 0xAA, 0xAA, 0xAA, 0xA9, 0xAA, 0xA9, 0xA9, 0xA8, 0xA7, 0xA6, 0xA6, 0xA5, 
	0xA5, 0xA5, 0xA5, 0xA4, 0xA5, 0xA4, 0xA5, 0xA5, 0xA9, 0xA8, 0xA7, 0xA6, 0xA5, 0xA6, 0xA8, 0xA9, 
	0xA8, 0xA8, 0xA8, 0xA6, 0xA5, 0xA6, 0xA9, 0xAB, 0xA9, 0xAB, 0xAC, 0xAC, 0xAB, 0xAA, 0xAA, 0xAC, 
	0xAB, 0xA9, 0xA8, 0xA5, 0xA3, 0xA3, 0xA5, 0xA6, 0xA2, 0xA1, 0xA0, 0x9E, 0x9D, 0x9C, 0x9B, 0x9B, 
	0x99, 0x9A, 0x9B, 0x9B, 0x9B, 0x9B, 0x9A, 0x99, 0x98, 0x98, 0x98, 0x98, 0x98, 0x97, 0x97, 0x97, 
	0x99, 0x9B, 0x9E, 0x9F, 0x9D, 0x9B, 0x9B, 0x9C, 0x99, 0x98, 0x97, 0x96, 0x95, 0x96, 0x97, 0x97, 
	0x94, 0x93, 0x93, 0x94, 0x95, 0x95, 0x94, 0x94, 0x94, 0x94, 0x94, 0x95, 0x94, 0x94, 0x93, 0x93, 
	0x97, 0x97, 0x96, 0x94, 0x92, 0x8F, 0x8F, 0x8F, 0x8E, 0x8E, 0x8E, 0x8D, 0x8A, 0x87, 0x85, 0x85, 
	0x87, 0x86, 0x85, 0x88, 0x8B, 0x8B, 0x89, 0x87, 0x8B, 0x8A, 0x89, 0x8A, 0x8B, 0x8C, 0x8D, 0x8D, 
	0xA9, 0xA9, 0xA9, 0xA9, 0xA9, 0xA9, 0xA9, 0xAA, 0xA8, 0xA8, 0xA9, 0xAA, 0xAB, 0xAC, 0xAC, 0xAD, 
	0xAC, 0xAD, 0xAE, 0xB0, 0xB2, 0xB3, 0xB3, 0xB3, 0xB0, 0xB1, 0xB2, 0xB3, 0xB3, 0xB2, 0xB1, 0xB0, 
	0xB1, 0xB1, 0xB1, 0xB2, 0xB2, 0xB2, 0xB2, 0xB2, 0xB2, 0xB2, 0xB1, 0xB1, 0xB0, 0xB0, 0xB0, 0xB0, 
	0xB2, 0xB1, 0xB1, 0xB0, 0xB0, 0xAF, 0xAF, 0xAE, 0xAE, 0xAD, 0xAD, 0xAC, 0xAC, 0xAC, 0xAD, 0xAD, 
	0xAB, 0xAC, 0xAB, 0xAB, 0xAA, 0xAA, 0xA9, 0xA9, 0xAC, 0xAC, 0xAB, 0xAB, 0xAA, 0xA9, 0xA9, 0xA8, 
	0xA8, 0xA8, 0xA8, 0xA8, 0xA9, 0xAA, 0xAA, 0xAA, 0xAC, 0xAB, 0xA9, 0xA7, 0xA7, 0xA7, 0xA9, 0xA9, 
	0xA5, 0xA4, 0xA3, 0xA4, 0xA5, 0xA5, 0xA4, 0xA3, 0xA4, 0xA6, 0xA6, 0xA7, 0xA7, 0xA7, 0xA7, 0xA6, 
	0xA5, 0xA5, 0xA6, 0xA7, 0xA8, 0xA8, 0xA9, 0xA9, 0xA9, 0xA9, 0xA8, 0xA6, 0xA5, 0xA4, 0xA4, 0xA3, 
	0xA2, 0xA2, 0xA3, 0xA3, 0xA3, 0xA5, 0xA6, 0xA7, 0xA8, 0xA7, 0xA5, 0xA4, 0xA4, 0xA4, 0xA6, 0xA7, 
	0xA7, 0xA7, 0xA7, 0xA6, 0xA5, 0xA6, 0xA9, 0xAA, 0xAA, 0xA9, 0xA9, 0xAB, 0xAE, 0xAF, 0xAE, 0xAC, 
	0xAB, 0xA8, 0xA5, 0xA3, 0xA3, 0xA4, 0xA4, 0xA4, 0xA0, 0x9E, 0x9D, 0x9B, 0x99, 0x98, 0x98, 0x98, 
	0x9A, 0x99, 0x98, 0x98, 0x98, 0x98, 0x99, 0x99, 0x97, 0x97, 0x98, 0x98, 0x97, 0x97, 0x96, 0x96, 
	0x98, 0x99, 0x9B, 0x9C, 0x9B, 0x99, 0x99, 0x98, 0x95, 0x95, 0x94, 0x94, 0x94, 0x94, 0x94, 0x95, 
	0x91, 0x92, 0x93, 0x93, 0x92, 0x91, 0x91, 0x91, 0x8F, 0x8F, 0x8F, 0x90, 0x8F, 0x8F, 0x8F, 0x8E, 
	0x93, 0x93, 0x93, 0x91, 0x8E, 0x8C, 0x8C, 0x8C, 0x8A, 0x8C, 0x8E, 0x8E, 0x8B, 0x8A, 0x89, 0x89, 
	0x8B, 0x88, 0x86, 0x87, 0x89, 0x8A, 0x87, 0x86, 0x85, 0x86, 0x86, 0x87, 0x87, 0x88, 0x88, 0x89, 
	0xAF, 0xAF, 0xAE, 0xAD, 0xAD, 0xAD, 0xAD, 0xAE, 0xAC, 0xAC, 0xAC, 0xAC, 0xAC, 0xAD, 0xAD, 0xAD, 
	0xAF, 0xB0, 0xB1, 0xB2, 0xB2, 0xB2, 0xB2, 0xB2, 0xB1, 0xB1, 0xB1, 0xB2, 0xB2, 0xB1, 0xB1, 0xB1, 
	0xB0, 0xB0, 0xB0, 0xB0, 0xAF, 0xAE, 0xAD, 0xAD, 0xAF, 0xAF, 0xAF, 0xAF, 0xAF, 0xAF, 0xAE, 0xAE, 
	0xAF, 0xAF, 0xAF, 0xAF, 0xAF, 0xAF, 0xAF, 0xAE, 0xB0, 0xAF, 0xAE, 0xAC, 0xAB, 0xAA, 0xA8, 0xA7, 
	0xA6, 0xA7, 0xA7, 0xA6, 0xA6, 0xA5, 0xA5, 0xA5, 0xA7, 0xA7, 0xA7, 0xA8, 0xA9, 0xAA, 0xAA, 0xAA, 
	0xB0, 0xAF, 0xAE, 0xAD, 0xAD, 0xAD, 0xAD, 0xAE, 0xAB, 0xA9, 0xA7, 0xA6, 0xA7, 0xA8, 0xAC, 0xAD, 
	0xA9, 0xA8, 0xA7, 0xA7, 0xA9, 0xA9, 0xA8, 0xA7, 0xAA, 0xAB, 0xAB, 0xAB, 0xAB, 0xA9, 0xA7, 0xA6, 
	0xA7, 0xA7, 0xA7, 0xA7, 0xA7, 0xA7, 0xA6, 0xA5, 0xA5, 0xA4, 0xA3, 0xA2, 0xA1, 0xA0, 0xA0, 0x9F, 
	0xA3, 0xA3, 0xA4, 0xA5, 0xA5, 0xA7, 0xA8, 0xA9, 0xA8, 0xA7, 0xA5, 0xA5, 0xA5, 0xA4, 0xA6, 0xA7, 
	0xA7, 0xA8, 0xA8, 0xA7, 0xA5, 0xA6, 0xA8, 0xA9, 0xA9, 0xA7, 0xA7, 0xAA, 0xAE, 0xAF, 0xAD, 0xAA, 
	0xA9, 0xA9, 0xA8, 0xA9, 0xAA, 0xA8, 0xA4, 0xA1, 0x9D, 0x9C, 0x9A, 0x9A, 0x98, 0x97, 0x97, 0x96, 
	0x99, 0x98, 0x97, 0x95, 0x95, 0x96, 0x97, 0x98, 0x94, 0x95, 0x96, 0x97, 0x96, 0x95, 0x94, 0x93, 
	0x97, 0x96, 0x96, 0x97, 0x98, 0x97, 0x95, 0x93, 0x92, 0x91, 0x8F, 0x8E, 0x8E, 0x8E, 0x8F, 0x8F, 
	0x8D, 0x8E, 0x90, 0x90, 0x8E, 0x8D, 0x8E, 0x8E, 0x8C, 0x8B, 0x8A, 0x89, 0x89, 0x89, 0x8A, 0x8A, 
	0x8B, 0x8B, 0x8D, 0x8C, 0x8A, 0x88, 0x87, 0x87, 0x86, 0x88, 0x89, 0x89, 0x87, 0x86, 0x84, 0x84, 
	0x86, 0x84, 0x80, 0x7F, 0x7F, 0x7F, 0x7F, 0x7F, 0x86, 0x87, 0x88, 0x87, 0x85, 0x84, 0x84, 0x85, 
	0xB2, 0xB1, 0xB0, 0xAF, 0xAE, 0xAE, 0xAE, 0xAF, 0xAF, 0xAF, 0xAE, 0xAE, 0xAD, 0xAD, 0xAC, 0xAC, 
	0xB0, 0xB0, 0xB0, 0xAF, 0xAE, 0xAC, 0xAC, 0xAB, 0xAC, 0xAC, 0xAC, 0xAC, 0xAC, 0xAC, 0xAC, 0xAC, 
	0xAC, 0xAC, 0xAC, 0xAC, 0xAB, 0xAB, 0xAA, 0xAA, 0xAC, 0xAC, 0xAC, 0xAC, 0xAD, 0xAD, 0xAD, 0xAD, 
	0xAC, 0xAC, 0xAC, 0xAC, 0xAD, 0xAD, 0xAD, 0xAD, 0xAF, 0xAF, 0xAF, 0xAF, 0xAD, 0xAB, 0xAA, 0xA9, 
	0xA7, 0xA7, 0xA7, 0xA7, 0xA6, 0xA6, 0xA4, 0xA4, 0xA6, 0xA6, 0xA7, 0xA8, 0xA9, 0xAA, 0xAB, 0xAB, 
	0xAA, 0xA9, 0xA7, 0xA5, 0xA5, 0xA5, 0xA5, 0xA5, 0xA2, 0xA1, 0x9F, 0x9F, 0x9F, 0xA1, 0xA3, 0xA5, 
	0xAC, 0xAB, 0xA9, 0xAB, 0xAC, 0xAB, 0xAB, 0xAB, 0xAC, 0xAC, 0xAB, 0xAB, 0xAB, 0xAA, 0xA8, 0xA8, 
	0xA8, 0xA8, 0xA8, 0xA7, 0xA6, 0xA5, 0xA4, 0xA3, 0xA0, 0xA1, 0xA1, 0xA1, 0xA2, 0xA2, 0xA2, 0xA2, 
	0xA7, 0xA7, 0xA7, 0xA7, 0xA8, 0xA9, 0xA9, 0xAA, 0xA8, 0xA7, 0xA6, 0xA5, 0xA6, 0xA6, 0xA7, 0xA8, 
	0xA7, 0xA8, 0xA8, 0xA7, 0xA5, 0xA4, 0xA5, 0xA6, 0xA6, 0xA7, 0xA7, 0xA8, 0xA9, 0xA7, 0xA5, 0xA4, 
	0x9E, 0x9F, 0xA0, 0xA0, 0x9F, 0x9B, 0x99, 0x99, 0x9B, 0x99, 0x99, 0x98, 0x97, 0x96, 0x96, 0x96, 
	0x96, 0x96, 0x95, 0x94, 0x93, 0x93, 0x92, 0x92, 0x91, 0x91, 0x93, 0x93, 0x93, 0x92, 0x90, 0x8F, 
	0x96, 0x92, 0x8F, 0x90, 0x93, 0x93, 0x91, 0x8D, 0x8F, 0x8D, 0x8C, 0x8B, 0x8A, 0x8A, 0x8A, 0x8A, 
	0x88, 0x8A, 0x8D, 0x8D, 0x8C, 0x8C, 0x8D, 0x8F, 0x8C, 0x8B, 0x89, 0x88, 0x87, 0x88, 0x88, 0x89, 
	0x8F, 0x90, 0x92, 0x91, 0x8E, 0x8C, 0x8A, 0x8A, 0x85, 0x87, 0x88, 0x88, 0x86, 0x84, 0x82, 0x81, 
	0x83, 0x80, 0x7D, 0x78, 0x76, 0x77, 0x7A, 0x7D, 0x84, 0x86, 0x87, 0x85, 0x82, 0x81, 0x81, 0x82, 
	0xAE, 0xAD, 0xAB, 0xAA, 0xA9, 0xA9, 0xA9, 0xA9, 0xAC, 0xAC, 0xAB, 0xAA, 0xAA, 0xA9, 0xA8, 0xA8, 
	0xA6, 0xA7, 0xA8, 0xA9, 0xAA, 0xAA, 0xAB, 0xAA, 0xA7, 0xA7, 0xA6, 0xA6, 0xA6, 0xA6, 0xA7, 0xA7, 
	0xA6, 0xA7, 0xA7, 0xA8, 0xA9, 0xAA, 0xAB, 0xAB, 0xAC, 0xAC, 0xAC, 0xAC, 0xAC, 0xAD, 0xAD, 0xAD, 
	0xAA, 0xAA, 0xAB, 0xAB, 0xAB, 0xAB, 0xAC, 0xAC, 0xAD, 0xAF, 0xB0, 0xB1, 0xB1, 0xB1, 0xB0, 0xAF, 
	0xAB, 0xAC, 0xAC, 0xAB, 0xAA, 0xAA, 0xAA, 0xA9, 0xA9, 0xA9, 0xA9, 0xA9, 0xA9, 0xA9, 0xA9, 0xA9, 
	0xA9, 0xA8, 0xA6, 0xA5, 0xA5, 0xA6, 0xA5, 0xA6, 0xAB, 0xAA, 0xAA, 0xAA, 0xA9, 0xA9, 0xA9, 0xA9, 
	0xA8, 0xA7, 0xA6, 0xA6, 0xA7, 0xA8, 0xA7, 0xA6, 0xA5, 0xA4, 0xA4, 0xA3, 0xA3, 0xA4, 0xA5, 0xA6, 
	0xA5, 0xA6, 0xA6, 0xA6, 0xA5, 0xA5, 0xA4, 0xA3, 0xA3, 0xA4, 0xA5, 0xA6, 0xA8, 0xA9, 0xAA, 0xAB, 
	0xAB, 0xAA, 0xA9, 0xA9, 0xA9, 0xA9, 0xAA, 0xAA, 0xA8, 0xA8, 0xA7, 0xA7, 0xA7, 0xA8, 0xA9, 0xA9, 
	0xA6, 0xA7, 0xA8, 0xA7, 0xA5, 0xA3, 0xA3, 0xA3, 0xA4, 0xA7, 0xA9, 0xA7, 0xA3, 0x9F, 0x9F, 0x9F, 
	0x9F, 0xA0, 0xA1, 0x9D, 0x98, 0x96, 0x9A, 0x9E, 0x99, 0x98, 0x97, 0x97, 0x96, 0x96, 0x96, 0x97, 
	0x93, 0x93, 0x94, 0x94, 0x93, 0x91, 0x90, 0x8E, 0x8D, 0x8E, 0x8F, 0x90, 0x90, 0x8E, 0x8D, 0x8C, 
	0x95, 0x8F, 0x8B, 0x8B, 0x90, 0x91, 0x8D, 0x89, 0x8E, 0x8D, 0x8C, 0x8A, 0x88, 0x88, 0x88, 0x88, 
	0x84, 0x87, 0x8A, 0x8B, 0x8B, 0x8C, 0x8D, 0x90, 0x90, 0x8D, 0x8B, 0x88, 0x88, 0x88, 0x8A, 0x8C, 
	0x8C, 0x8C, 0x8D, 0x8C, 0x88, 0x85, 0x81, 0x80, 0x8B, 0x8D, 0x8E, 0x8F, 0x8D, 0x8B, 0x89, 0x89, 
	0x87, 0x85, 0x80, 0x7A, 0x77, 0x79, 0x7E, 0x83, 0x7B, 0x7D, 0x7F, 0x7F, 0x7C, 0x7C, 0x7C, 0x7D, 
	0xBB, 0x6B, 0xBB, 0x6B, 0xB9, 0x6B, 0xB7, 0x6B, 0xB6, 0x6B, 0xB4, 0x6B, 0xB1, 0x6B, 0xB0, 0x6B, 
	0xAF, 0x6C, 0xB0, 0x6C, 0xB2, 0x6C, 0xB5, 0x6C, 0xB8, 0x6C, 0xBA, 0x6C, 0xBB, 0x6C, 0xBC, 0x6C, 
	0xBD, 0x6D, 0xBD, 0x6D, 0xBD, 0x6D, 0xBD, 0x6D, 0xBD, 0x6D, 0xBD, 0x6D, 0xBD, 0x6D, 0xBD, 0x6D, 
	0xBD, 0x6D, 0xBD, 0x6D, 0xBD, 0x6D, 0xBD, 0x6D, 0xBD, 0x6D, 0xBD, 0x6D, 0xBD, 0x6D, 0xBD, 0x6D, 
	0xBD, 0x6D, 0xBD, 0x6D, 0xBD, 0x6D, 0xBD, 0x6D, 0xBD, 0x6D, 0xBD, 0x6D, 0xBD, 0x6D, 0xBD, 0x6D, 
	0xBD, 0x6E, 0xBD, 0x6E, 0xBD, 0x6E, 0xBD, 0x6E, 0xBD, 0x6E, 0xBD, 0x6E, 0xBD, 0x6E, 0xBD, 0x6E, 
	0xBD, 0x6C, 0xBC, 0x6C, 0xBC, 0x6D, 0xBC, 0x6D, 0xBB, 0x6E, 0xBB, 0x6E, 0xBB, 0x6E, 0xBB, 0x6E, 
	0xBD, 0x6C, 0xBC, 0x6D, 0xBA, 0x6E, 0xB9, 0x6E, 0xB8, 0x70, 0xB8, 0x71, 0xB8, 0x71, 0xB8, 0x71, 
	0xB6, 0x70, 0xB5, 0x71, 0xB4, 0x71, 0xB3, 0x71, 0xB3, 0x72, 0xB4, 0x72, 0xB5, 0x73, 0xB6, 0x72, 
	0xB7, 0x70, 0xB6, 0x70, 0xB6, 0x70, 0xB6, 0x71, 0xB6, 0x71, 0xB8, 0x71, 0xB9, 0x70, 0xBA, 0x70, 
	0xBA, 0x71, 0xBA, 0x71, 0xBA, 0x71, 0xB9, 0x71, 0xB9, 0x71, 0xB9, 0x71, 0xB9, 0x71, 0xBA, 0x70, 
	0xBB, 0x6F, 0xBB, 0x6F, 0xBB, 0x6F, 0xBB, 0x6F, 0xBB, 0x6F, 0xBA, 0x6E, 0xBA, 0x6E, 0xBA, 0x6E, 
	0xBB, 0x6F, 0xBB, 0x6F, 0xBB, 0x6F, 0xBB, 0x6F, 0xBB, 0x6F, 0xBB, 0x6F, 0xBB, 0x6F, 0xBB, 0x6F, 
	0xBC, 0x6F, 0xBC, 0x6F, 0xBC, 0x6F, 0xBC, 0x6F, 0xBC, 0x6F, 0xBC, 0x6F, 0xBC, 0x6F, 0xBC, 0x6F, 
	0xBC, 0x6F, 0xBC, 0x6F, 0xBC, 0x6F, 0xBC, 0x6F, 0xBC, 0x6F, 0xBC, 0x6F, 0xBC, 0x6F, 0xBC, 0x70, 
	0xBB, 0x71, 0xBB, 0x72, 0xBB, 0x72, 0xBB, 0x72, 0xBB, 0x72, 0xBB, 0x72, 0xBB, 0x72, 0xBB, 0x72, 
	0xBD, 0x6B, 0xBC, 0x6B, 0xBA, 0x6B, 0xB8, 0x6B, 0xB7, 0x6B, 0xB5, 0x6B, 0xB3, 0x6B, 0xB2, 0x6B, 
	0xB1, 0x6C, 0xB1, 0x6C, 0xB3, 0x6C, 0xB5, 0x6C, 0xB8, 0x6C, 0xBA, 0x6C, 0xBB, 0x6C, 0xBC, 0x6C, 
	0xBC, 0x6C, 0xBC, 0x6C, 0xBC, 0x6C, 0xBC, 0x6C, 0xBC, 0x6C, 0xBC, 0x6C, 0xBC, 0x6C, 0xBC, 0x6C, 
	0xBC, 0x6C, 0xBC, 0x6C, 0xBC, 0x6C, 0xBC, 0x6C, 0xBC, 0x6C, 0xBC, 0x6C, 0xBC, 0x6C, 0xBC, 0x6C, 
	0xBC, 0x6C, 0xBC, 0x6C, 0xBC, 0x6C, 0xBC, 0x6C, 0xBC, 0x6C, 0xBC, 0x6C, 0xBC, 0x6C, 0xBC, 0x6C, 
	0xBD, 0x6D, 0xBD, 0x6D, 0xBD, 0x6D, 0xBD, 0x6D, 0xBD, 0x6D, 0xBD, 0x6D, 0xBD, 0x6D, 0xBD, 0x6D, 
	0xBC, 0x6C, 0xBC, 0x6C, 0xBC, 0x6D, 0xBC, 0x6D, 0xBB, 0x6E, 0xBB, 0x6E, 0xBB, 0x6E, 0xBA, 0x6E, 
	0xBA, 0x6D, 0xB9, 0x6D, 0xB8, 0x6E, 0xB7, 0x6E, 0xB7, 0x6F, 0xB6, 0x70, 0xB6, 0x70, 0xB6, 0x70, 
	0xB6, 0x70, 0xB5, 0x70, 0xB4, 0x70, 0xB3, 0x71, 0xB2, 0x71, 0xB2, 0x72, 0xB3, 0x72, 0xB5, 0x72, 
	0xB6, 0x70, 0xB6, 0x70, 0xB6, 0x70, 0xB6, 0x70, 0xB6, 0x70, 0xB8, 0x70, 0xB9, 0x6F, 0xB9, 0x6F, 
	0xBA, 0x70, 0xBA, 0x70, 0xBA, 0x70, 0xBA, 0x70, 0xB9, 0x70, 0xB9, 0x70, 0xB9, 0x70, 0xBA, 0x70, 
	0xBB, 0x6F, 0xBB, 0x6F, 0xBB, 0x6F, 0xBB, 0x6F, 0xBB, 0x6F, 0xBA, 0x6E, 0xBA, 0x6E, 0xBA, 0x6E, 
	0xBB, 0x6F, 0xBB, 0x6F, 0xBB, 0x6F, 0xBB, 0x6F, 0xBB, 0x6F, 0xBB, 0x6F, 0xBB, 0x6F, 0xBB, 0x6F, 
	0xBC, 0x6F, 0xBC, 0x6F, 0xBC, 0x6F, 0xBC, 0x6F, 0xBC, 0x6F, 0xBC, 0x6F, 0xBC, 0x6F, 0xBC, 0x6F, 
	0xBC, 0x6F, 0xBC, 0x6F, 0xBC, 0x6F, 0xBC, 0x6F, 0xBC, 0x6F, 0xBC, 0x6F, 0xBC, 0x6F, 0xBC, 0x70, 
	0xBB, 0x71, 0xBB, 0x71, 0xBB, 0x71, 0xBB, 0x71, 0xBB, 0x71, 0xBB, 0x71, 0xBB, 0x71, 0xBB, 0x71, 
	0xBD, 0x6A, 0xBD, 0x6A, 0xBB, 0x6A, 0xBA, 0x6A, 0xB8, 0x6A, 0xB7, 0x6A, 0xB6, 0x6A, 0xB5, 0x6A, 
	0xB2, 0x6B, 0xB2, 0x6B, 0xB4, 0x6B, 0xB7, 0x6B, 0xB8, 0x6B, 0xBA, 0x6B, 0xBB, 0x6B, 0xBB, 0x6B, 
	0xBC, 0x6C, 0xBC, 0x6C, 0xBC, 0x6C, 0xBC, 0x6C, 0xBC, 0x6C, 0xBC, 0x6C, 0xBC, 0x6C, 0xBC, 0x6C, 
	0xBC, 0x6C, 0xBC, 0x6C, 0xBC, 0x6C, 0xBC, 0x6C, 0xBC, 0x6C, 0xBC, 0x6C, 0xBC, 0x6C, 0xBC, 0x6C, 
	0xBC, 0x6C, 0xBC, 0x6C, 0xBC, 0x6C, 0xBC, 0x6C, 0xBC, 0x6C, 0xBC, 0x6C, 0xBC, 0x6C, 0xBC, 0x6C, 
	0xBD, 0x6B, 0xBD, 0x6B, 0xBD, 0x6B, 0xBD, 0x6B, 0xBD, 0x6B, 0xBD, 0x6B, 0xBD, 0x6B, 0xBD, 0x6B, 
	0xBB, 0x6C, 0xBB, 0x6C, 0xBB, 0x6C, 0xBB, 0x6C, 0xBB, 0x6C, 0xBA, 0x6E, 0xBA, 0x6E, 0xB9, 0x6E, 
	0xB8, 0x6D, 0xB7, 0x6D, 0xB7, 0x6E, 0xB6, 0x6E, 0xB5, 0x6F, 0xB4, 0x6F, 0xB3, 0x6F, 0xB2, 0x70, 
	0xB2, 0x71, 0xB1, 0x72, 0xAF, 0x72, 0xAC, 0x72, 0xAB, 0x73, 0xAB, 0x73, 0xAC, 0x74, 0xAD, 0x73, 
	0xB2, 0x72, 0xB5, 0x71, 0xB5, 0x70, 0xB5, 0x6F, 0xB6, 0x6F, 0xB6, 0x6F, 0xB6, 0x6F, 0xB7, 0x6E, 
	0xB9, 0x6E, 0xB9, 0x6F, 0xB9, 0x6F, 0xBA, 0x6F, 0xBA, 0x6F, 0xBA, 0x6F, 0xBA, 0x6F, 0xBA, 0x6E, 
	0xBA, 0x6E, 0xBA, 0x6E, 0xBA, 0x6E, 0xBA, 0x6E, 0xBA, 0x6E, 0xBA, 0x6E, 0xBA, 0x6E, 0xBA, 0x6E, 
	0xBB, 0x6F, 0xBB, 0x6F, 0xBB, 0x6F, 0xBB, 0x6F, 0xBB, 0x6F, 0xBB, 0x6F, 0xBB, 0x6F, 0xBB, 0x6F, 
	0xBB, 0x6E, 0xBB, 0x6E, 0xBB, 0x6E, 0xBB, 0x6E, 0xBB, 0x6E, 0xBB, 0x6E, 0xBB, 0x6E, 0xBB, 0x6E, 
	0xBB, 0x6E, 0xBB, 0x6E, 0xBB, 0x6E, 0xBB, 0x6E, 0xBB, 0x6E, 0xBB, 0x6E, 0xBB, 0x6E, 0xBB, 0x6E, 
	0xBB, 0x6F, 0xBB, 0x70, 0xBB, 0x70, 0xBB, 0x70, 0xBB, 0x70, 0xBB, 0x70, 0xBB, 0x70, 0xBB, 0x70, 
	0xBD, 0x6A, 0xBD, 0x6A, 0xBD, 0x6A, 0xBB, 0x6A, 0xBA, 0x6A, 0xB9, 0x6A, 0xB8, 0x6A, 0xB7, 0x6A, 
	0xB5, 0x6B, 0xB5, 0x6B, 0xB7, 0x6B, 0xB8, 0x6B, 0xB9, 0x6B, 0xBB, 0x6B, 0xBB, 0x6B, 0xBB, 0x6B, 
	0xBC, 0x6C, 0xBC, 0x6C, 0xBC, 0x6C, 0xBC, 0x6C, 0xBC, 0x6C, 0xBC, 0x6C, 0xBC, 0x6C, 0xBC, 0x6C, 
	0xBC, 0x6C, 0xBC, 0x6C, 0xBC, 0x6C, 0xBC, 0x6C, 0xBC, 0x6C, 0xBC, 0x6C, 0xBC, 0x6C, 0xBC, 0x6C, 
	0xBC, 0x6C, 0xBC, 0x6C, 0xBC, 0x6C, 0xBC, 0x6C, 0xBC, 0x6C, 0xBC, 0x6C, 0xBC, 0x6C, 0xBD, 0x6C, 
	0xBD, 0x6A, 0xBD, 0x6A, 0xBD, 0x6A, 0xBD, 0x6A, 0xBD, 0x6A, 0xBD, 0x6A, 0xBD, 0x6A, 0xBD, 0x6A, 
	0xBB, 0x6B, 0xBB, 0x6B, 0xBB, 0x6C, 0xBB, 0x6C, 0xBB, 0x6C, 0xBA, 0x6D, 0xBA, 0x6E, 0xB9, 0x6E, 
	0xB7, 0x6E, 0xB8, 0x6E, 0xB8, 0x6E, 0xB7, 0x6E, 0xB5, 0x6E, 0xB2, 0x6F, 0xB0, 0x70, 0xAC, 0x72, 
	0xA6, 0x76, 0xA3, 0x77, 0xA0, 0x77, 0x9E, 0x77, 0x9D, 0x78, 0x9C, 0x79, 0x9B, 0x79, 0x9E, 0x78, 
	0xAB, 0x74, 0xAF, 0x73, 0xB1, 0x71, 0xB4, 0x6F, 0xB4, 0x6E, 0xB4, 0x6E, 0xB4, 0x6E, 0xB5, 0x6E, 
	0xB7, 0x6D, 0xB8, 0x6D, 0xB8, 0x6D, 0xB9, 0x6D, 0xB9, 0x6D, 0xB9, 0x6D, 0xB9, 0x6D, 0xB9, 0x6D, 
	0xB9, 0x6E, 0xB9, 0x6E, 0xB9, 0x6E, 0xBA, 0x6E, 0xBA, 0x6E, 0xBA, 0x6E, 0xBB, 0x6E, 0xBB, 0x6E, 
	0xBB, 0x6E, 0xBB, 0x6E, 0xBB, 0x6E, 0xBB, 0x6E, 0xBB, 0x6E, 0xBB, 0x6E, 0xBB, 0x6E, 0xBB, 0x6E, 
	0xBB, 0x6E, 0xBB, 0x6E, 0xBB, 0x6E, 0xBB, 0x6E, 0xBB, 0x6E, 0xBB, 0x6E, 0xBB, 0x6E, 0xBB, 0x6E, 
	0xBB, 0x6E, 0xBB, 0x6E, 0xBB, 0x6E, 0xBB, 0x6E, 0xBB, 0x6E, 0xBB, 0x6E, 0xBB, 0x6E, 0xBB, 0x6E, 
	0xBB, 0x6F, 0xBB, 0x6F, 0xBB, 0x6F, 0xBB, 0x6F, 0xBB, 0x6F, 0xBB, 0x6F, 0xBB, 0x6F, 0xBB, 0x6F, 
	0xBC, 0x69, 0xBC, 0x69, 0xBC, 0x69, 0xBB, 0x69, 0xBB, 0x69, 0xBB, 0x69, 0xBB, 0x69, 0xB9, 0x69, 
	0xB7, 0x6A, 0xB7, 0x6A, 0xB9, 0x6A, 0xBA, 0x6A, 0xBA, 0x6A, 0xBB, 0x6A, 0xBC, 0x6A, 0xBC, 0x6A, 
	0xBB, 0x6B, 0xBB, 0x6B, 0xBB, 0x6B, 0xBB, 0x6B, 0xBB, 0x6B, 0xBB, 0x6B, 0xBB, 0x6B, 0xBB, 0x6B, 
	0xBD, 0x6B, 0xBD, 0x6B, 0xBD, 0x6B, 0xBD, 0x6B, 0xBD, 0x6B, 0xBD, 0x6B, 0xBD, 0x6B, 0xBD, 0x6B, 
	0xBD, 0x6B, 0xBD, 0x6B, 0xBD, 0x6B, 0xBD, 0x6B, 0xBD, 0x6B, 0xBD, 0x6B, 0xBD, 0x6B, 0xBD, 0x6B, 
	0xBC, 0x6A, 0xBC, 0x6A, 0xBC, 0x6A, 0xBC, 0x6A, 0xBC, 0x6A, 0xBC, 0x6A, 0xBC, 0x6A, 0xBC, 0x6A, 
	0xBB, 0x6B, 0xBB, 0x6B, 0xBB, 0x6B, 0xBA, 0x6C, 0xBA, 0x6C, 0xBA, 0x6D, 0xB9, 0x6D, 0xB9, 0x6E, 
	0xB8, 0x6F, 0xB8, 0x6F, 0xB8, 0x6E, 0xB7, 0x6E, 0xB3, 0x6E, 0xAE, 0x71, 0xA9, 0x73, 0xA3, 0x76, 
	0x95, 0x7C, 0x8C, 0x7E, 0x8B, 0x7E, 0x8A, 0x7E, 0x86, 0x7E, 0x84, 0x7F, 0x84, 0x80, 0x8C, 0x7E, 
	0x9F, 0x78, 0xA5, 0x75, 0xA9, 0x73, 0xAE, 0x70, 0xB1, 0x6F, 0xB3, 0x6E, 0xB2, 0x6F, 0xB2, 0x6F, 
	0xB5, 0x6E, 0xB6, 0x6D, 0xB7, 0x6D, 0xB7, 0x6D, 0xB8, 0x6D, 0xB8, 0x6D, 0xB8, 0x6D, 0xB8, 0x6D, 
	0xB8, 0x6E, 0xB8, 0x6E, 0xB8, 0x6E, 0xB9, 0x6E, 0xBA, 0x6E, 0xBA, 0x6E, 0xBB, 0x6E, 0xBB, 0x6E, 
	0xBB, 0x6E, 0xBB, 0x6E, 0xBB, 0x6E, 0xBB, 0x6E, 0xBB, 0x6E, 0xBB, 0x6E, 0xBB, 0x6E, 0xBB, 0x6E, 
	0xBB, 0x6E, 0xBB, 0x6E, 0xBB, 0x6E, 0xBB, 0x6E, 0xBB, 0x6E, 0xBB, 0x6E, 0xBB, 0x6E, 0xBB, 0x6E, 
	0xBB, 0x6E, 0xBB, 0x6E, 0xBB, 0x6E, 0xBB, 0x6E, 0xBB, 0x6E, 0xBB, 0x6E, 0xBB, 0x6E, 0xBB, 0x6E, 
	0xBB, 0x6E, 0xBB, 0x6E, 0xBB, 0x6E, 0xBB, 0x6E, 0xBB, 0x6E, 0xBB, 0x6E, 0xBB, 0x6E, 0xBB, 0x6E, 
	0xBB, 0x69, 0xBB, 0x69, 0xBB, 0x69, 0xBB, 0x69, 0xBB, 0x69, 0xBB, 0x69, 0xBB, 0x69, 0xBB, 0x69, 
	0xBA, 0x6A, 0xBA, 0x6A, 0xBA, 0x6A, 0xBA, 0x6A, 0xBB, 0x6A, 0xBC, 0x6A, 0xBC, 0x6A, 0xBC, 0x6A, 
	0xBB, 0x6B, 0xBB, 0x6B, 0xBB, 0x6B, 0xBB, 0x6B, 0xBB, 0x6B, 0xBB, 0x6B, 0xBB, 0x6B, 0xBB, 0x6B, 
	0xBD, 0x6B, 0xBD, 0x6B, 0xBD, 0x6B, 0xBD, 0x6B, 0xBD, 0x6B, 0xBD, 0x6B, 0xBD, 0x6B, 0xBD, 0x6B, 
	0xBD, 0x6B, 0xBD, 0x6B, 0xBD, 0x6B, 0xBD, 0x6B, 0xBD, 0x6B, 0xBD, 0x6B, 0xBD, 0x6B, 0xBD, 0x6B, 
	0xBC, 0x6A, 0xBC, 0x6A, 0xBC, 0x6A, 0xBC, 0x6A, 0xBC, 0x6A, 0xBC, 0x6A, 0xBC, 0x6A, 0xBC, 0x6A, 
	0xBB, 0x6A, 0xBB, 0x6B, 0xBB, 0x6B, 0xBA, 0x6B, 0xBA, 0x6C, 0xB9, 0x6C, 0xB9, 0x6D, 0xB9, 0x6E, 
	0xB7, 0x6F, 0xB7, 0x6E, 0xB7, 0x6E, 0xB4, 0x6F, 0xAE, 0x70, 0xA5, 0x73, 0x9E, 0x77, 0x91, 0x7B, 
	0x84, 0x7F, 0x81, 0x81, 0x82, 0x81, 0x80, 0x81, 0x7F, 0x81, 0x7F, 0x81, 0x80, 0x82, 0x82, 0x81, 
	0x8C, 0x7C, 0x96, 0x79, 0xA0, 0x75, 0xA8, 0x72, 0xAE, 0x70, 0xB0, 0x6F, 0xB0, 0x70, 0xB0, 0x70, 
	0xB2, 0x6F, 0xB3, 0x6E, 0xB4, 0x6E, 0xB4, 0x6E, 0xB6, 0x6E, 0xB6, 0x6E, 0xB6, 0x6E, 0xB7, 0x6E, 
	0xB8, 0x6D, 0xB8, 0x6D, 0xB8, 0x6D, 0xB8, 0x6D, 0xB9, 0x6D, 0xBA, 0x6D, 0xBB, 0x6C, 0xBB, 0x6C, 
	0xBB, 0x6C, 0xBB, 0x6C, 0xBB, 0x6C, 0xBB, 0x6C, 0xBB, 0x6C, 0xBB, 0x6C, 0xBB, 0x6C, 0xBB, 0x6C, 
	0xBC, 0x6D, 0xBC, 0x6D, 0xBC, 0x6D, 0xBC, 0x6D, 0xBC, 0x6D, 0xBC, 0x6D, 0xBC, 0x6D, 0xBC, 0x6D, 
	0xBC, 0x6D, 0xBC, 0x6D, 0xBC, 0x6D, 0xBC, 0x6D, 0xBC, 0x6D, 0xBC, 0x6D, 0xBC, 0x6D, 0xBC, 0x6D, 
	0xBB, 0x6C, 0xBB, 0x6C, 0xBB, 0x6C, 0xBB, 0x6C, 0xBB, 0x6C, 0xBB, 0x6C, 0xBB, 0x6C, 0xBB, 0x6C, 
	0xBA, 0x69, 0xBA, 0x69, 0xBB, 0x69, 0xBB, 0x69, 0xBB, 0x69, 0xBB, 0x69, 0xBB, 0x69, 0xBB, 0x69, 
	0xBB, 0x69, 0xBB, 0x69, 0xBB, 0x69, 0xBB, 0x69, 0xBB, 0x69, 0xBB, 0x69, 0xBB, 0x69, 0xBB, 0x69, 
	0xBB, 0x6A, 0xBB, 0x6A, 0xBB, 0x6A, 0xBB, 0x6A, 0xBB, 0x6A, 0xBB, 0x6A, 0xBB, 0x6A, 0xBB, 0x6A, 
	0xBD, 0x6A, 0xBD, 0x6A, 0xBD, 0x6A, 0xBD, 0x6A, 0xBD, 0x6A, 0xBD, 0x6A, 0xBD, 0x6A, 0xBD, 0x6A, 
	0xBD, 0x6A, 0xBD, 0x6A, 0xBD, 0x6A, 0xBD, 0x6A, 0xBD, 0x6A, 0xBD, 0x6A, 0xBD, 0x6A, 0xBC, 0x6A, 
	0xBB, 0x6B, 0xBB, 0x6B, 0xBB, 0x6B, 0xBB, 0x6B, 0xBB, 0x6B, 0xBB, 0x6B, 0xBB, 0x6B, 0xBB, 0x6B, 
	0xBB, 0x6A, 0xBA, 0x6A, 0xBA, 0x6B, 0xBA, 0x6B, 0xB9, 0x6B, 0xB9, 0x6C, 0xB8, 0x6C, 0xB8, 0x6D, 
	0xB4, 0x6E, 0xB3, 0x6E, 0xB2, 0x6E, 0xAE, 0x6F, 0xA5, 0x72, 0x99, 0x77, 0x8D, 0x7C, 0x84, 0x7F, 
	0x82, 0x7F, 0x81, 0x7F, 0x7F, 0x80, 0x7F, 0x80, 0x7E, 0x80, 0x7F, 0x80, 0x7F, 0x81, 0x81, 0x81, 
	0x82, 0x7F, 0x86, 0x7C, 0x96, 0x77, 0xA2, 0x73, 0xAB, 0x71, 0xAF, 0x71, 0xAF, 0x72, 0xAF, 0x72, 
	0xB0, 0x6F, 0xB0, 0x6E, 0xB2, 0x6E, 0xB3, 0x6E, 0xB4, 0x6E, 0xB4, 0x6E, 0xB4, 0x6E, 0xB5, 0x6E, 
	0xB6, 0x6E, 0xB7, 0x6D, 0xB8, 0x6D, 0xB8, 0x6D, 0xB9, 0x6D, 0xBA, 0x6D, 0xBB, 0x6C, 0xBB, 0x6C, 
	0xBB, 0x6C, 0xBB, 0x6C, 0xBB, 0x6C, 0xBB, 0x6C, 0xBB, 0x6C, 0xBB, 0x6C, 0xBB, 0x6C, 0xBB, 0x6C, 
	0xBB, 0x6C, 0xBB, 0x6C, 0xBB, 0x6C, 0xBB, 0x6C, 0xBB, 0x6C, 0xBB, 0x6C, 0xBB, 0x6C, 0xBB, 0x6C, 
	0xBB, 0x6C, 0xBB, 0x6C, 0xBB, 0x6C, 0xBB, 0x6C, 0xBB, 0x6C, 0xBB, 0x6C, 0xBB, 0x6C, 0xBB, 0x6C, 
	0xBB, 0x6C, 0xBB, 0x6C, 0xBB, 0x6C, 0xBB, 0x6C, 0xBB, 0x6C, 0xBB, 0x6C, 0xBB, 0x6C, 0xBB, 0x6C, 
	0xB9, 0x68, 0xB9, 0x68, 0xBA, 0x68, 0xBA, 0x68, 0xBB, 0x68, 0xBB, 0x68, 0xBC, 0x68, 0xBC, 0x68, 
	0xBC, 0x69, 0xBC, 0x69, 0xBC, 0x68, 0xBB, 0x69, 0xBB, 0x68, 0xBB, 0x69, 0xBC, 0x69, 0xBC, 0x69, 
	0xBB, 0x6A, 0xBB, 0x6A, 0xBB, 0x6A, 0xBB, 0x6A, 0xBB, 0x6A, 0xBB, 0x69, 0xBB, 0x69, 0xBB, 0x69, 
	0xBC, 0x69, 0xBD, 0x69, 0xBD, 0x6A, 0xBD, 0x6A, 0xBD, 0x6A, 0xBD, 0x6A, 0xBD, 0x6A, 0xBD, 0x6A, 
	0xBD, 0x6A, 0xBD, 0x6A, 0xBD, 0x6A, 0xBD, 0x6A, 0xBD, 0x6A, 0xBD, 0x6A, 0xBD, 0x6A, 0xBD, 0x6A, 
	0xBB, 0x6B, 0xBB, 0x6C, 0xBB, 0x6C, 0xBB, 0x6C, 0xBB, 0x6C, 0xBB, 0x6C, 0xBB, 0x6C, 0xBB, 0x6B, 
	0xBB, 0x6A, 0xBA, 0x6A, 0xB9, 0x6A, 0xB9, 0x6B, 0xB9, 0x6B, 0xB9, 0x6C, 0xB9, 0x6C, 0xB7, 0x6D, 
	0xB1, 0x6E, 0xAE, 0x6F, 0xAB, 0x6F, 0xA4, 0x72, 0x99, 0x76, 0x8D, 0x7A, 0x83, 0x7F, 0x7F, 0x81, 
	0x82, 0x7E, 0x82, 0x7D, 0x81, 0x7E, 0x80, 0x7F, 0x80, 0x80, 0x80, 0x80, 0x81, 0x7F, 0x81, 0x80, 
	0x80, 0x80, 0x84, 0x7E, 0x8F, 0x7A, 0x9C, 0x76, 0xA5, 0x73, 0xAB, 0x73, 0xAF, 0x73, 0xAF, 0x72, 
	0xAE, 0x6F, 0xAD, 0x6F, 0xAD, 0x6F, 0xAE, 0x6F, 0xB0, 0x6F, 0xB2, 0x6F, 0xB3, 0x6F, 0xB4, 0x6E, 
	0xB4, 0x6E, 0xB6, 0x6C, 0xB8, 0x6C, 0xB8, 0x6C, 0xB9, 0x6C, 0xBA, 0x6C, 0xBB, 0x6C, 0xBC, 0x6C, 
	0xBB, 0x6C, 0xBB, 0x6C, 0xBB, 0x6C, 0xBB, 0x6C, 0xBB, 0x6C, 0xBB, 0x6C, 0xBB, 0x6C, 0xBB, 0x6C, 
	0xBB, 0x6C, 0xBB, 0x6C, 0xBB, 0x6C, 0xBB, 0x6C, 0xBB, 0x6C, 0xBB, 0x6C, 0xBB, 0x6C, 0xBB, 0x6C, 
	0xBB, 0x6C, 0xBB, 0x6C, 0xBB, 0x6C, 0xBB, 0x6C, 0xBB, 0x6C, 0xBB, 0x6C, 0xBB, 0x6C, 0xBB, 0x6C, 
	0xBB, 0x6B, 0xBB, 0x6B, 0xBB, 0x6B, 0xBB, 0x6B, 0xBB, 0x6B, 0xBB, 0x6B, 0xBB, 0x6B, 0xBB, 0x6B, 
	0xBB, 0x68, 0xBA, 0x68, 0xBA, 0x68, 0xBA, 0x68, 0xBA, 0x68, 0xBA, 0x68, 0xBB, 0x68, 0xBB, 0x68, 
	0xBA, 0x67, 0xBA, 0x67, 0xBB, 0x67, 0xBB, 0x68, 0xBB, 0x67, 0xBC, 0x68, 0xBD, 0x68, 0xBC, 0x69, 
	0xBB, 0x6A, 0xBA, 0x6A, 0xBB, 0x6A, 0xBB, 0x69, 0xBC, 0x69, 0xBC, 0x68, 0xBC, 0x68, 0xBD, 0x68, 
	0xBC, 0x68, 0xBC, 0x68, 0xBC, 0x69, 0xBB, 0x69, 0xBC, 0x69, 0xBD, 0x6A, 0xBD, 0x6B, 0xBD, 0x6B, 
	0xBD, 0x69, 0xBC, 0x69, 0xBC, 0x69, 0xBC, 0x69, 0xBC, 0x69, 0xBC, 0x69, 0xBC, 0x69, 0xBC, 0x69, 
	0xBC, 0x6A, 0xBC, 0x6B, 0xBC, 0x6B, 0xBC, 0x6B, 0xBC, 0x6B, 0xBC, 0x6B, 0xBC, 0x6A, 0xBC, 0x6B, 
	0xBD, 0x6B, 0xBB, 0x6B, 0xB8, 0x6A, 0xB8, 0x69, 0xB9, 0x6A, 0xBA, 0x6B, 0xB8, 0x6C, 0xB5, 0x6E, 
	0xB2, 0x70, 0xA9, 0x72, 0x9B, 0x75, 0x8F, 0x79, 0x8A, 0x7B, 0x88, 0x7D, 0x86, 0x7F, 0x87, 0x7F, 
	0x88, 0x7E, 0x85, 0x7E, 0x83, 0x7F, 0x80, 0x80, 0x7E, 0x80, 0x7F, 0x80, 0x80, 0x7F, 0x81, 0x7F, 
	0x83, 0x80, 0x85, 0x80, 0x88, 0x7E, 0x8E, 0x7C, 0x96, 0x79, 0x9F, 0x76, 0xA8, 0x73, 0xAB, 0x72, 
	0xA7, 0x72, 0xA4, 0x73, 0xA2, 0x75, 0xA2, 0x76, 0xA5, 0x75, 0xAB, 0x72, 0xB2, 0x70, 0xB5, 0x6E, 
	0xB1, 0x6C, 0xB4, 0x6B, 0xB8, 0x6B, 0xBA, 0x6B, 0xB9, 0x6B, 0xB9, 0x6B, 0xBB, 0x6C, 0xBC, 0x6C, 
	0xBB, 0x6C, 0xBB, 0x6B, 0xBB, 0x6B, 0xBB, 0x6B, 0xBB, 0x6B, 0xBB, 0x6B, 0xBB, 0x6B, 0xBB, 0x6B, 
	0xBB, 0x6C, 0xBB, 0x6C, 0xBB, 0x6C, 0xBB, 0x6C, 0xBB, 0x6C, 0xBC, 0x6C, 0xBC, 0x6C, 0xBC, 0x6C, 
	0xBB, 0x6C, 0xBB, 0x6C, 0xBB, 0x6C, 0xBB, 0x6C, 0xBB, 0x6C, 0xBB, 0x6C, 0xBB, 0x6C, 0xBB, 0x6C, 
	0xBB, 0x6C, 0xBB, 0x6C, 0xBB, 0x6C, 0xBB, 0x6C, 0xBB, 0x6C, 0xBB, 0x6C, 0xBB, 0x6C, 0xBB, 0x6C, 
	0xBC, 0x68, 0xBC, 0x68, 0xBB, 0x68, 0xBB, 0x68, 0xBB, 0x68, 0xBA, 0x68, 0xBB, 0x68, 0xBB, 0x68, 
	0xBA, 0x68, 0xBA, 0x68, 0xBA, 0x69, 0xBA, 0x69, 0xBA, 0x69, 0xB9, 0x69, 0xB9, 0x69, 0xBA, 0x69, 
	0xBA, 0x6B, 0xBA, 0x6B, 0xBA, 0x6B, 0xBB, 0x6A, 0xBB, 0x6A, 0xBB, 0x6A, 0xBB, 0x6A, 0xBB, 0x69, 
	0xBC, 0x68, 0xBC, 0x68, 0xBC, 0x68, 0xBB, 0x69, 0xBC, 0x69, 0xBD, 0x6A, 0xBD, 0x6A, 0xBD, 0x6A, 
	0xBD, 0x69, 0xBC, 0x69, 0xBC, 0x69, 0xBC, 0x69, 0xBC, 0x69, 0xBC, 0x69, 0xBC, 0x69, 0xBC, 0x69, 
	0xBC, 0x6A, 0xBC, 0x6A, 0xBC, 0x6A, 0xBC, 0x6A, 0xBC, 0x6A, 0xBC, 0x6A, 0xBC, 0x6A, 0xBC, 0x6A, 
	0xBC, 0x6B, 0xBA, 0x6B, 0xB8, 0x6A, 0xB8, 0x69, 0xB9, 0x6A, 0xB7, 0x6C, 0xB1, 0x6D, 0xAD, 0x70, 
	0xAA, 0x73, 0x9D, 0x76, 0x90, 0x78, 0x8A, 0x7B, 0x89, 0x7C, 0x8B, 0x7D, 0x8C, 0x7D, 0x8B, 0x7C, 
	0x8B, 0x7D, 0x88, 0x7D, 0x84, 0x7F, 0x81, 0x80, 0x7E, 0x81, 0x7E, 0x80, 0x7F, 0x80, 0x81, 0x7F, 
	0x82, 0x80, 0x82, 0x80, 0x83, 0x80, 0x86, 0x7E, 0x8B, 0x7D, 0x94, 0x79, 0x9D, 0x75, 0xA1, 0x74, 
	0x9C, 0x76, 0x92, 0x78, 0x90, 0x7A, 0x90, 0x7B, 0x95, 0x79, 0xA0, 0x76, 0xA7, 0x73, 0xAC, 0x70, 
	0xAF, 0x6F, 0xB4, 0x6D, 0xB9, 0x6D, 0xBA, 0x6B, 0xB9, 0x6A, 0xB8, 0x6B, 0xB9, 0x6B, 0xBB, 0x6C, 
	0xBB, 0x6B, 0xBB, 0x6B, 0xBB, 0x6B, 0xBB, 0x6B, 0xBB, 0x6B, 0xBB, 0x6B, 0xBB, 0x6B, 0xBB, 0x6B, 
	0xBB, 0x6C, 0xBB, 0x6C, 0xBB, 0x6C, 0xBB, 0x6C, 0xBB, 0x6C, 0xBC, 0x6C, 0xBC, 0x6C, 0xBC, 0x6C, 
	0xBC, 0x6C, 0xBB, 0x6C, 0xBB, 0x6C, 0xBB, 0x6C, 0xBB, 0x6C, 0xBB, 0x6C, 0xBB, 0x6C, 0xBB, 0x6C, 
	0xBB, 0x6C, 0xBB, 0x6C, 0xBB, 0x6C, 0xBB, 0x6C, 0xBB, 0x6C, 0xBB, 0x6C, 0xBB, 0x6C, 0xBB, 0x6C, 
	0xBC, 0x68, 0xBC, 0x68, 0xBC, 0x68, 0xBC, 0x68, 0xBC, 0x68, 0xBB, 0x68, 0xBA, 0x68, 0xBA, 0x69, 
	0xBB, 0x6A, 0xBA, 0x6B, 0xB9, 0x6B, 0xB9, 0x6A, 0xB9, 0x6A, 0xB8, 0x6A, 0xB8, 0x6A, 0xB8, 0x69, 
	0xBA, 0x6A, 0xBB, 0x6B, 0xBB, 0x6B, 0xBA, 0x6B, 0xBA, 0x6B, 0xB9, 0x6B, 0xB8, 0x6C, 0xB9, 0x6B, 
	0xBA, 0x68, 0xBB, 0x68, 0xBB, 0x68, 0xBC, 0x68, 0xBB, 0x69, 0xBC, 0x69, 0xBC, 0x69, 0xBD, 0x6A, 
	0xBC, 0x69, 0xBC, 0x69, 0xBC, 0x69, 0xBC, 0x69, 0xBC, 0x69, 0xBC, 0x69, 0xBC, 0x69, 0xBC, 0x69, 
	0xBB, 0x69, 0xBB, 0x69, 0xBB, 0x69, 0xBB, 0x69, 0xBB, 0x69, 0xBB, 0x69, 0xBB, 0x69, 0xBB, 0x69, 
	0xBA, 0x6A, 0xB9, 0x6A, 0xB9, 0x6A, 0xB9, 0x6B, 0xB7, 0x6C, 0xB1, 0x6F, 0xA6, 0x70, 0x9E, 0x73, 
	0x9A, 0x78, 0x91, 0x7A, 0x8F, 0x7A, 0x8F, 0x7B, 0x90, 0x7B, 0x92, 0x7B, 0x92, 0x7A, 0x90, 0x79, 
	0x8E, 0x7A, 0x8B, 0x7B, 0x87, 0x7C, 0x83, 0x7F, 0x7F, 0x80, 0x7E, 0x80, 0x7F, 0x80, 0x80, 0x7F, 
	0x80, 0x7F, 0x7F, 0x7F, 0x7F, 0x7F, 0x81, 0x7F, 0x82, 0x7E, 0x84, 0x7D, 0x8E, 0x7A, 0x94, 0x79, 
	0x8D, 0x7A, 0x84, 0x7C, 0x84, 0x7E, 0x83, 0x7F, 0x86, 0x7E, 0x90, 0x7B, 0x97, 0x78, 0x9D, 0x76, 
	0xA8, 0x74, 0xB0, 0x72, 0xB5, 0x6F, 0xB9, 0x6D, 0xB9, 0x6C, 0xB8, 0x6B, 0xB9, 0x6B, 0xBA, 0x6B, 
	0xBB, 0x6B, 0xBB, 0x6A, 0xBB, 0x6A, 0xBB, 0x6A, 0xBB, 0x6A, 0xBB, 0x6A, 0xBB, 0x6A, 0xBB, 0x6A, 
	0xBB, 0x6B, 0xBB, 0x6B, 0xBB, 0x6B, 0xBB, 0x6B, 0xBD, 0x6B, 0xBD, 0x6B, 0xBD, 0x6B, 0xBD, 0x6B, 
	0xBD, 0x6B, 0xBD, 0x6B, 0xBD, 0x6B, 0xBD, 0x6B, 0xBD, 0x6B, 0xBD, 0x6B, 0xBD, 0x6B, 0xBD, 0x6B, 
	0xBB, 0x6B, 0xBB, 0x6B, 0xBB, 0x6B, 0xBB, 0x6B, 0xBB, 0x6B, 0xBB, 0x6B, 0xBB, 0x6B, 0xBB, 0x6B, 
	0xBC, 0x68, 0xBD, 0x68, 0xBD, 0x68, 0xBC, 0x68, 0xBC, 0x68, 0xBB, 0x68, 0xB9, 0x68, 0xB8, 0x68, 
	0xB8, 0x6A, 0xB8, 0x6A, 0xB8, 0x6A, 0xB8, 0x69, 0xB8, 0x69, 0xB9, 0x69, 0xB9, 0x68, 0xBA, 0x68, 
	0xBB, 0x68, 0xBB, 0x68, 0xBB, 0x68, 0xBA, 0x69, 0xBA, 0x6A, 0xB9, 0x6A, 0xB8, 0x6B, 0xB9, 0x6B, 
	0xBA, 0x69, 0xBA, 0x68, 0xBA, 0x68, 0xBB, 0x68, 0xBC, 0x68, 0xBC, 0x68, 0xBC, 0x68, 0xBE, 0x69, 
	0xBC, 0x69, 0xBC, 0x68, 0xBC, 0x68, 0xBC, 0x68, 0xBC, 0x68, 0xBC, 0x68, 0xBC, 0x68, 0xBC, 0x68, 
	0xBC, 0x68, 0xBC, 0x68, 0xBC, 0x68, 0xBC, 0x68, 0xBC, 0x68, 0xBC, 0x68, 0xBC, 0x68, 0xBB, 0x68, 
	0xBA, 0x69, 0xB9, 0x69, 0xB9, 0x6A, 0xBA, 0x6B, 0xB5, 0x6D, 0xAB, 0x70, 0x9A, 0x73, 0x8E, 0x76, 
	0x8D, 0x7B, 0x8B, 0x7D, 0x8D, 0x7C, 0x91, 0x7B, 0x95, 0x7A, 0x98, 0x78, 0x97, 0x76, 0x94, 0x76, 
	0x91, 0x77, 0x8D, 0x7A, 0x89, 0x7C, 0x84, 0x7E, 0x80, 0x7F, 0x7F, 0x80, 0x7F, 0x80, 0x80, 0x80, 
	0x81, 0x7F, 0x7F, 0x7F, 0x7F, 0x80, 0x7F, 0x80, 0x80, 0x80, 0x84, 0x7F, 0x88, 0x7D, 0x89, 0x7D, 
	0x84, 0x7E, 0x83, 0x7F, 0x82, 0x7F, 0x81, 0x80, 0x83, 0x80, 0x87, 0x7E, 0x89, 0x7D, 0x8D, 0x7B, 
	0x99, 0x79, 0xA4, 0x76, 0xAD, 0x72, 0xB3, 0x6E, 0xB6, 0x6C, 0xB8, 0x6B, 0xBA, 0x6B, 0xBB, 0x6B, 
	0xBB, 0x6A, 0xBB, 0x6A, 0xBB, 0x6A, 0xBB, 0x6A, 0xBB, 0x6A, 0xBB, 0x6A, 0xBB, 0x6A, 0xBB, 0x6A, 
	0xBB, 0x6B, 0xBB, 0x6B, 0xBB, 0x6B, 0xBD, 0x6B, 0xBD, 0x6B, 0xBE, 0x6B, 0xBE, 0x6B, 0xBE, 0x6B, 
	0xBE, 0x6B, 0xBE, 0x6B, 0xBE, 0x6B, 0xBE, 0x6B, 0xBE, 0x6B, 0xBE, 0x6B, 0xBE, 0x6B, 0xBE, 0x6B, 
	0xBD, 0x6B, 0xBD, 0x6B, 0xBD, 0x6B, 0xBD, 0x6B, 0xBD, 0x6B, 0xBD, 0x6B, 0xBD, 0x6B, 0xBD, 0x6B, 
	0xBB, 0x68, 0xBB, 0x68, 0xBC, 0x68, 0xBC, 0x68, 0xBC, 0x68, 0xBB, 0x68, 0xB9, 0x68, 0xB6, 0x68, 
	0xB4, 0x68, 0xB4, 0x67, 0xB5, 0x67, 0xB6, 0x68, 0xB6, 0x68, 0xB8, 0x69, 0xB8, 0x69, 0xB9, 0x68, 
	0xB8, 0x67, 0xB8, 0x67, 0xB8, 0x67, 0xB8, 0x67, 0xB8, 0x68, 0xB9, 0x68, 0xB9, 0x68, 0xB9, 0x68, 
	0xB8, 0x68, 0xB9, 0x68, 0xBA, 0x68, 0xBB, 0x68, 0xBC, 0x68, 0xBD, 0x68, 0xBD, 0x67, 0xBD, 0x67, 
	0xBC, 0x68, 0xBC, 0x68, 0xBC, 0x68, 0xBC, 0x68, 0xBC, 0x68, 0xBC, 0x68, 0xBC, 0x68, 0xBC, 0x68, 
	0xBB, 0x67, 0xBB, 0x67, 0xBB, 0x67, 0xBB, 0x67, 0xBB, 0x67, 0xBB, 0x67, 0xBB, 0x67, 0xBB, 0x67, 
	0xBA, 0x68, 0xB9, 0x68, 0xBA, 0x69, 0xBA, 0x6B, 0xB4, 0x6D, 0xAA, 0x70, 0x9A, 0x73, 0x8E, 0x76, 
	0x8A, 0x7C, 0x87, 0x7D, 0x8D, 0x7B, 0x94, 0x79, 0x9A, 0x77, 0x9C, 0x76, 0x9A, 0x75, 0x96, 0x75, 
	0x91, 0x77, 0x8D, 0x7A, 0x89, 0x7C, 0x84, 0x7E, 0x81, 0x7F, 0x80, 0x80, 0x80, 0x80, 0x80, 0x80, 
	0x81, 0x7E, 0x82, 0x7E, 0x81, 0x80, 0x80, 0x80, 0x81, 0x81, 0x83, 0x81, 0x85, 0x7F, 0x86, 0x7E, 
	0x83, 0x7F, 0x81, 0x81, 0x81, 0x82, 0x81, 0x82, 0x83, 0x81, 0x84, 0x80, 0x85, 0x80, 0x87, 0x7F, 
	0x8A, 0x7C, 0x94, 0x78, 0xA1, 0x73, 0xAD, 0x6E, 0xB3, 0x6C, 0xB7, 0x6A, 0xBB, 0x6B, 0xBC, 0x6B, 
	0xBC, 0x6A, 0xBB, 0x69, 0xBB, 0x69, 0xBB, 0x69, 0xBB, 0x69, 0xBB, 0x69, 0xBB, 0x69, 0xBB, 0x69, 
	0xBC, 0x6A, 0xBC, 0x6A, 0xBD, 0x6A, 0xBD, 0x6A, 0xBD, 0x6A, 0xBD, 0x6A, 0xBD, 0x6A, 0xBF, 0x6A, 
	0xBD, 0x6A, 0xBD, 0x6A, 0xBD, 0x6A, 0xBD, 0x6A, 0xBD, 0x6A, 0xBD, 0x6A, 0xBD, 0x6A, 0xBD, 0x6A, 
	0xBD, 0x6A, 0xBD, 0x6A, 0xBD, 0x6A, 0xBD, 0x6A, 0xBD, 0x6A, 0xBD, 0x6A, 0xBD, 0x6A, 0xBD, 0x6A, 
	0xB7, 0x68, 0xB8, 0x68, 0xBA, 0x68, 0xBB, 0x68, 0xBC, 0x68, 0xBB, 0x68, 0xB9, 0x68, 0xB6, 0x68, 
	0xB2, 0x67, 0xB1, 0x66, 0xB1, 0x68, 0xB0, 0x69, 0xAF, 0x6B, 0xAF, 0x6C, 0xAE, 0x6D, 0xAD, 0x6D, 
	0xAD, 0x6B, 0xAE, 0x6A, 0xB0, 0x6A, 0xB1, 0x6A, 0xB3, 0x69, 0xB4, 0x69, 0xB5, 0x69, 0xB6, 0x68, 
	0xB7, 0x68, 0xB8, 0x68, 0xB9, 0x68, 0xBA, 0x68, 0xBB, 0x67, 0xBD, 0x67, 0xBD, 0x66, 0xBD, 0x66, 
	0xBD, 0x68, 0xBD, 0x68, 0xBD, 0x68, 0xBD, 0x68, 0xBD, 0x68, 0xBD, 0x68, 0xBD, 0x68, 0xBD, 0x68, 
	0xBB, 0x67, 0xBB, 0x67, 0xBB, 0x67, 0xBB, 0x67, 0xBB, 0x67, 0xBB, 0x67, 0xBB, 0x67, 0xBB, 0x67, 
	0xBB, 0x68, 0xBA, 0x68, 0xB9, 0x68, 0xB9, 0x6A, 0xB4, 0x6D, 0xA7, 0x70, 0x9C, 0x73, 0x93, 0x75, 
	0x8F, 0x79, 0x8D, 0x7B, 0x91, 0x78, 0x98, 0x76, 0x9D, 0x75, 0x9F, 0x74, 0x9B, 0x73, 0x97, 0x74, 
	0x90, 0x79, 0x8C, 0x7C, 0x88, 0x7D, 0x83, 0x7F, 0x81, 0x80, 0x80, 0x80, 0x80, 0x80, 0x80, 0x80, 
	0x82, 0x7E, 0x83, 0x7E, 0x82, 0x80, 0x80, 0x80, 0x81, 0x81, 0x82, 0x81, 0x85, 0x7F, 0x86, 0x7E, 
	0x86, 0x7E, 0x86, 0x80, 0x86, 0x80, 0x87, 0x80, 0x86, 0x80, 0x87, 0x80, 0x86, 0x80, 0x88, 0x7F, 
	0x85, 0x7D, 0x8C, 0x79, 0x9B, 0x74, 0xAC, 0x6E, 0xB3, 0x6A, 0xB7, 0x6A, 0xBB, 0x6B, 0xBC, 0x6B, 
	0xBC, 0x6A, 0xBB, 0x69, 0xBB, 0x69, 0xBB, 0x69, 0xBB, 0x69, 0xBB, 0x69, 0xBB, 0x69, 0xBB, 0x69, 
	0xBC, 0x6A, 0xBD, 0x6A, 0xBD, 0x6A, 0xBD, 0x6A, 0xBD, 0x6A, 0xBF, 0x6A, 0xBF, 0x6A, 0xBF, 0x6A, 
	0xBF, 0x6A, 0xBF, 0x6A, 0xBF, 0x6A, 0xBF, 0x6A, 0xBF, 0x6A, 0xBF, 0x6A, 0xBF, 0x6A, 0xBF, 0x6A, 
	0xBF, 0x6A, 0xBF, 0x6A, 0xBF, 0x6A, 0xBF, 0x6A, 0xBF, 0x6A, 0xBF, 0x6A, 0xBF, 0x6A, 0xBF, 0x6A, 
	0xB3, 0x68, 0xB5, 0x68, 0xB7, 0x68, 0xBA, 0x68, 0xBB, 0x68, 0xBA, 0x68, 0xB8, 0x68, 0xB6, 0x68, 
	0xB3, 0x6A, 0xB1, 0x6B, 0xAE, 0x6C, 0xA9, 0x6E, 0xA3, 0x71, 0x9D, 0x73, 0x9A, 0x74, 0x9A, 0x75, 
	0x9D, 0x73, 0xA1, 0x71, 0xA3, 0x70, 0xA6, 0x6F, 0xAA, 0x6E, 0xAD, 0x6D, 0xB0, 0x6C, 0xB2, 0x6B, 
	0xB6, 0x69, 0xB7, 0x68, 0xB8, 0x68, 0xBA, 0x68, 0xBB, 0x67, 0xBD, 0x66, 0xBE, 0x66, 0xBE, 0x66, 
	0xBD, 0x68, 0xBD, 0x68, 0xBD, 0x68, 0xBD, 0x68, 0xBD, 0x68, 0xBD, 0x68, 0xBD, 0x68, 0xBD, 0x68, 
	0xBC, 0x67, 0xBC, 0x67, 0xBC, 0x67, 0xBC, 0x67, 0xBC, 0x67, 0xBC, 0x67, 0xBC, 0x67, 0xBC, 0x67, 
	0xBC, 0x68, 0xBB, 0x68, 0xB9, 0x68, 0xB8, 0x69, 0xB5, 0x6C, 0xAA, 0x6E, 0xA0, 0x70, 0x9B, 0x73, 
	0x99, 0x76, 0x97, 0x76, 0x97, 0x75, 0x9A, 0x73, 0x9D, 0x73, 0x9F, 0x73, 0x9B, 0x74, 0x96, 0x76, 
	0x8E, 0x7C, 0x89, 0x7E, 0x86, 0x7F, 0x83, 0x80, 0x80, 0x81, 0x80, 0x81, 0x81, 0x7F, 0x80, 0x7F, 
	0x81, 0x7E, 0x81, 0x7E, 0x81, 0x7F, 0x81, 0x80, 0x81, 0x80, 0x82, 0x80, 0x85, 0x7E, 0x87, 0x7E, 
	0x8A, 0x7D, 0x8B, 0x7D, 0x8B, 0x7D, 0x8B, 0x7D, 0x8B, 0x7D, 0x89, 0x7E, 0x89, 0x7E, 0x89, 0x7E, 
	0x89, 0x7C, 0x93, 0x78, 0xA3, 0x73, 0xB0, 0x6D, 0xB6, 0x69, 0xB8, 0x69, 0xB9, 0x6B, 0xBA, 0x6C, 
	0xBB, 0x6A, 0xBB, 0x69, 0xBB, 0x69, 0xBB, 0x69, 0xBB, 0x69, 0xBB, 0x69, 0xBB, 0x69, 0xBB, 0x69, 
	0xBC, 0x69, 0xBC, 0x69, 0xBC, 0x69, 0xBE, 0x6A, 0xBE, 0x6A, 0xBE, 0x69, 0xBE, 0x69, 0xBE, 0x69, 
	0xBF, 0x69, 0xBF, 0x69, 0xBF, 0x69, 0xBF, 0x69, 0xBF, 0x69, 0xBF, 0x69, 0xBF, 0x69, 0xBF, 0x69, 
	0xBE, 0x69, 0xBE, 0x69, 0xBE, 0x69, 0xBE, 0x69, 0xBE, 0x69, 0xBE, 0x69, 0xBE, 0x69, 0xBE, 0x69, 
	0xAC, 0x6A, 0xB0, 0x69, 0xB5, 0x68, 0xB9, 0x68, 0xBA, 0x68, 0xB9, 0x67, 0xB8, 0x68, 0xB6, 0x69, 
	0xB2, 0x6C, 0xAE, 0x6E, 0xA7, 0x70, 0x9D, 0x74, 0x95, 0x77, 0x8B, 0x79, 0x87, 0x7B, 0x88, 0x7B, 
	0x8E, 0x79, 0x93, 0x78, 0x93, 0x77, 0x9A, 0x75, 0x9D, 0x74, 0xA2, 0x72, 0xA5, 0x71, 0xA9, 0x70, 
	0xB4, 0x6B, 0xB7, 0x69, 0xB8, 0x68, 0xB9, 0x67, 0xB9, 0x66, 0xBB, 0x66, 0xBE, 0x65, 0xBF, 0x66, 
	0xBD, 0x67, 0xBD, 0x67, 0xBD, 0x67, 0xBD, 0x67, 0xBD, 0x67, 0xBD, 0x68, 0xBC, 0x68, 0xBC, 0x68, 
	0xBC, 0x67, 0xBC, 0x67, 0xBC, 0x67, 0xBC, 0x66, 0xBC, 0x66, 0xBC, 0x66, 0xBC, 0x66, 0xBC, 0x67, 
	0xBD, 0x68, 0xBB, 0x67, 0xB9, 0x67, 0xB7, 0x68, 0xB5, 0x6A, 0xB1, 0x6C, 0xAA, 0x6F, 0xA4, 0x71, 
	0xA3, 0x73, 0xA0, 0x73, 0x9D, 0x71, 0x9D, 0x70, 0x9F, 0x70, 0x9F, 0x73, 0x9B, 0x75, 0x94, 0x77, 
	0x8B, 0x7D, 0x86, 0x7F, 0x84, 0x80, 0x82, 0x81, 0x80, 0x81, 0x80, 0x81, 0x81, 0x7F, 0x81, 0x7F, 
	0x80, 0x7F, 0x80, 0x7F, 0x80, 0x7F, 0x81, 0x80, 0x82, 0x7F, 0x84, 0x7E, 0x85, 0x7D, 0x87, 0x7D, 
	0x8C, 0x7B, 0x8E, 0x7B, 0x8F, 0x7B, 0x8F, 0x7B, 0x8E, 0x7B, 0x8D, 0x7B, 0x8D, 0x7B, 0x8E, 0x7B, 
	0x92, 0x79, 0x9C, 0x75, 0xAA, 0x71, 0xB4, 0x6D, 0xB9, 0x6A, 0xB9, 0x69, 0xB8, 0x6A, 0xB8, 0x6B, 
	0xBA, 0x69, 0xBB, 0x68, 0xBC, 0x68, 0xBC, 0x68, 0xBA, 0x68, 0xBA, 0x68, 0xBA, 0x68, 0xBA, 0x69, 
	0xBB, 0x68, 0xBC, 0x69, 0xBE, 0x69, 0xBE, 0x6A, 0xBE, 0x69, 0xBE, 0x69, 0xBF, 0x69, 0xBF, 0x69, 
	0xBF, 0x69, 0xBF, 0x69, 0xBF, 0x69, 0xBF, 0x69, 0xBF, 0x69, 0xBF, 0x69, 0xBF, 0x69, 0xBF, 0x69, 
	0xBF, 0x69, 0xBF, 0x69, 0xBF, 0x69, 0xBF, 0x69, 0xBF, 0x69, 0xBF, 0x69, 0xBF, 0x69, 0xBF, 0x69, 
	0xA3, 0x6F, 0xAA, 0x6C, 0xB3, 0x68, 0xB8, 0x65, 0xB9, 0x65, 0xB8, 0x65, 0xB7, 0x66, 0xB4, 0x69, 
	0xA9, 0x6E, 0x9E, 0x71, 0x93, 0x74, 0x8C, 0x77, 0x8B, 0x7A, 0x8B, 0x7B, 0x87, 0x7C, 0x84, 0x7C, 
	0x88, 0x7C, 0x8A, 0x7C, 0x8C, 0x7C, 0x8C, 0x7B, 0x88, 0x7B, 0x87, 0x7B, 0x89, 0x7B, 0x92, 0x78, 
	0xA8, 0x6F, 0xB3, 0x6B, 0xB9, 0x68, 0xB8, 0x65, 0xB4, 0x63, 0xB5, 0x63, 0xBC, 0x64, 0xC2, 0x65, 
	0xBD, 0x66, 0xBC, 0x65, 0xBD, 0x65, 0xBD, 0x64, 0xBC, 0x65, 0xBB, 0x67, 0xBA, 0x68, 0xB9, 0x6A, 
	0xB8, 0x6B, 0xB9, 0x6A, 0xBC, 0x68, 0xBE, 0x66, 0xBF, 0x66, 0xBD, 0x66, 0xBB, 0x66, 0xBB, 0x66, 
	0xBC, 0x67, 0xBC, 0x66, 0xBB, 0x66, 0xB9, 0x66, 0xB8, 0x67, 0xB6, 0x69, 0xB3, 0x6B, 0xB2, 0x6E, 
	0xB1, 0x6F, 0xA9, 0x6E, 0xA3, 0x6D, 0xA3, 0x6D, 0xA6, 0x6E, 0xA5, 0x72, 0x9D, 0x75, 0x93, 0x78, 
	0x88, 0x7E, 0x84, 0x7F, 0x82, 0x7F, 0x81, 0x80, 0x7F, 0x81, 0x7F, 0x81, 0x7F, 0x80, 0x81, 0x80, 
	0x82, 0x81, 0x83, 0x81, 0x82, 0x81, 0x84, 0x7F, 0x86, 0x7E, 0x89, 0x7C, 0x89, 0x7C, 0x8C, 0x7B, 
	0x91, 0x7A, 0x94, 0x78, 0x94, 0x78, 0x94, 0x77, 0x92, 0x76, 0x93, 0x76, 0x96, 0x75, 0x9B, 0x74, 
	0xA1, 0x73, 0xA7, 0x71, 0xAF, 0x6F, 0xB4, 0x6C, 0xB8, 0x6A, 0xB9, 0x69, 0xB9, 0x68, 0xB8, 0x68, 
	0xB8, 0x68, 0xBB, 0x68, 0xBD, 0x68, 0xBC, 0x67, 0xB9, 0x68, 0xB6, 0x68, 0xB5, 0x69, 0xB8, 0x69, 
	0xBC, 0x68, 0xBD, 0x67, 0xBE, 0x67, 0xBE, 0x68, 0xBE, 0x68, 0xBF, 0x68, 0xBF, 0x68, 0xBF, 0x68, 
	0xBE, 0x68, 0xBE, 0x68, 0xBE, 0x68, 0xBE, 0x68, 0xBE, 0x68, 0xBE, 0x68, 0xBF, 0x68, 0xBF, 0x68, 
	0xBF, 0x68, 0xBF, 0x68, 0xBF, 0x68, 0xBF, 0x68, 0xBF, 0x68, 0xBF, 0x68, 0xBF, 0x68, 0xBF, 0x68, 
	0xA4, 0x6F, 0xAA, 0x6C, 0xB1, 0x68, 0xB7, 0x65, 0xB7, 0x64, 0xB4, 0x66, 0xB1, 0x69, 0xAD, 0x6C, 
	0xA3, 0x71, 0x96, 0x74, 0x8F, 0x76, 0x8C, 0x78, 0x8D, 0x7A, 0x8E, 0x7A, 0x8C, 0x7A, 0x89, 0x7A, 
	0x89, 0x7A, 0x8C, 0x7A, 0x8C, 0x7B, 0x89, 0x7B, 0x86, 0x7C, 0x83, 0x7D, 0x85, 0x7D, 0x89, 0x7B, 
	0x97, 0x71, 0xA9, 0x6D, 0xB8, 0x69, 0xBE, 0x65, 0xBB, 0x64, 0xB8, 0x64, 0xBA, 0x65, 0xBD, 0x66, 
	0xBC, 0x66, 0xBB, 0x65, 0xBD, 0x64, 0xBD, 0x64, 0xBB, 0x65, 0xBA, 0x66, 0xB9, 0x68, 0xB5, 0x6A, 
	0xB0, 0x6C, 0xB1, 0x6B, 0xB6, 0x68, 0xBA, 0x66, 0xBD, 0x65, 0xBD, 0x65, 0xBD, 0x66, 0xBD, 0x66, 
	0xBD, 0x65, 0xBC, 0x65, 0xBB, 0x65, 0xBB, 0x65, 0xBA, 0x66, 0xB8, 0x68, 0xB7, 0x69, 0xB7, 0x6B, 
	0xB5, 0x6C, 0xAF, 0x6B, 0xA9, 0x6A, 0xAA, 0x6A, 0xAD, 0x6C, 0xAA, 0x70, 0xA0, 0x73, 0x93, 0x78, 
	0x8A, 0x7D, 0x86, 0x7F, 0x85, 0x7F, 0x82, 0x7F, 0x80, 0x80, 0x80, 0x80, 0x80, 0x81, 0x81, 0x81, 
	0x83, 0x81, 0x85, 0x81, 0x85, 0x80, 0x86, 0x7E, 0x89, 0x7D, 0x8C, 0x7C, 0x8E, 0x7C, 0x90, 0x7A, 
	0x94, 0x77, 0x97, 0x77, 0x98, 0x77, 0x97, 0x76, 0x95, 0x75, 0x96, 0x74, 0x9A, 0x73, 0x9F, 0x72, 
	0xA7, 0x6F, 0xAB, 0x6D, 0xB0, 0x6C, 0xB4, 0x6B, 0xB7, 0x6A, 0xB8, 0x68, 0xB8, 0x68, 0xB8, 0x67, 
	0xB5, 0x68, 0xB7, 0x68, 0xBA, 0x67, 0xBB, 0x66, 0xBA, 0x67, 0xBB, 0x67, 0xBF, 0x68, 0xC1, 0x68, 
	0xBD, 0x67, 0xBC, 0x67, 0xBC, 0x66, 0xBC, 0x67, 0xBD, 0x68, 0xBE, 0x68, 0xBE, 0x68, 0xBE, 0x68, 
	0xBD, 0x67, 0xBD, 0x67, 0xBE, 0x67, 0xBE, 0x67, 0xBF, 0x68, 0xBF, 0x68, 0xBF, 0x68, 0xC0, 0x67, 
	0xC0, 0x67, 0xC0, 0x67, 0xC0, 0x67, 0xC0, 0x67, 0xC0, 0x67, 0xC0, 0x67, 0xC0, 0x67, 0xC0, 0x67, 
	0xA7, 0x6D, 0xAB, 0x6A, 0xB1, 0x67, 0xB5, 0x66, 0xB4, 0x66, 0xB0, 0x68, 0xAA, 0x6C, 0xA4, 0x70, 
	0x9E, 0x75, 0x97, 0x77, 0x91, 0x78, 0x8F, 0x79, 0x90, 0x79, 0x92, 0x79, 0x92, 0x78, 0x90, 0x77, 
	0x8E, 0x77, 0x90, 0x77, 0x91, 0x78, 0x8E, 0x7A, 0x89, 0x7B, 0x85, 0x7C, 0x84, 0x7D, 0x87, 0x7C, 
	0x92, 0x71, 0xA4, 0x6C, 0xB5, 0x69, 0xBE, 0x67, 0xBD, 0x65, 0xBA, 0x66, 0xBA, 0x67, 0xBC, 0x67, 
	0xBD, 0x66, 0xBD, 0x65, 0xBD, 0x64, 0xBD, 0x64, 0xBB, 0x65, 0xB8, 0x67, 0xB6, 0x68, 0xB2, 0x69, 
	0xA8, 0x6A, 0xA7, 0x69, 0xAE, 0x67, 0xB4, 0x66, 0xB9, 0x65, 0xBD, 0x64, 0xBF, 0x64, 0xBF, 0x65, 
	0xBE, 0x64, 0xBD, 0x64, 0xBD, 0x64, 0xBB, 0x64, 0xBA, 0x65, 0xB9, 0x66, 0xB8, 0x67, 0xB8, 0x69, 
	0xB7, 0x68, 0xB3, 0x67, 0xB0, 0x67, 0xB1, 0x67, 0xB3, 0x6A, 0xAE, 0x6E, 0xA3, 0x70, 0x93, 0x76, 
	0x8D, 0x7C, 0x8A, 0x7E, 0x88, 0x7E, 0x86, 0x7E, 0x84, 0x7F, 0x82, 0x7F, 0x82, 0x80, 0x83, 0x80, 
	0x87, 0x7F, 0x88, 0x7F, 0x88, 0x7E, 0x89, 0x7D, 0x8B, 0x7B, 0x8E, 0x7B, 0x91, 0x79, 0x93, 0x79, 
	0x96, 0x77, 0x9A, 0x76, 0x9B, 0x76, 0x9A, 0x76, 0x99, 0x75, 0x94, 0x75, 0x99, 0x74, 0xA1, 0x72, 
	0xAB, 0x6D, 0xAF, 0x6A, 0xB2, 0x6A, 0xB6, 0x69, 0xB7, 0x68, 0xB8, 0x68, 0xB7, 0x67, 0xB7, 0x67, 
	0xB8, 0x68, 0xB9, 0x68, 0xB7, 0x69, 0xB5, 0x69, 0xB4, 0x69, 0xB8, 0x68, 0xC0, 0x68, 0xC5, 0x67, 
	0xBC, 0x66, 0xBB, 0x66, 0xBB, 0x66, 0xBB, 0x66, 0xBC, 0x67, 0xBC, 0x67, 0xBB, 0x67, 0xBB, 0x67, 
	0xBD, 0x67, 0xBE, 0x67, 0xBE, 0x67, 0xBF, 0x68, 0xBF, 0x68, 0xC0, 0x67, 0xC0, 0x67, 0xC0, 0x67, 
	0xC1, 0x67, 0xC1, 0x67, 0xC1, 0x67, 0xC1, 0x67, 0xC1, 0x67, 0xC1, 0x67, 0xC1, 0x67, 0xC1, 0x67, 
	0xAA, 0x6B, 0xAC, 0x69, 0xAF, 0x67, 0xB1, 0x66, 0xB0, 0x68, 0xA9, 0x6C, 0xA0, 0x70, 0x99, 0x74, 
	0x94, 0x79, 0x90, 0x7A, 0x8D, 0x7B, 0x8D, 0x7B, 0x8F, 0x7A, 0x91, 0x78, 0x93, 0x75, 0x94, 0x75, 
	0x93, 0x75, 0x95, 0x75, 0x96, 0x77, 0x92, 0x78, 0x8D, 0x7A, 0x88, 0x7C, 0x86, 0x7D, 0x8B, 0x7B, 
	0x9B, 0x6F, 0xA9, 0x6A, 0xB2, 0x68, 0xB6, 0x66, 0xB7, 0x65, 0xB9, 0x64, 0xBC, 0x64, 0xC0, 0x65, 
	0xBE, 0x65, 0xBD, 0x64, 0xBD, 0x64, 0xBC, 0x64, 0xB9, 0x65, 0xB6, 0x66, 0xB3, 0x68, 0xAF, 0x69, 
	0xA7, 0x6A, 0xA9, 0x69, 0xAD, 0x68, 0xB2, 0x66, 0xB8, 0x65, 0xBC, 0x64, 0xBD, 0x63, 0xBE, 0x63, 
	0xBE, 0x63, 0xBD, 0x63, 0xBC, 0x63, 0xBB, 0x63, 0xBA, 0x64, 0xBA, 0x65, 0xBB, 0x65, 0xBA, 0x66, 
	0xB9, 0x65, 0xB7, 0x65, 0xB6, 0x65, 0xB8, 0x67, 0xB7, 0x69, 0xB1, 0x6C, 0xA6, 0x6E, 0x99, 0x73, 
	0x92, 0x7A, 0x8F, 0x7C, 0x8C, 0x7C, 0x8A, 0x7D, 0x88, 0x7D, 0x87, 0x7D, 0x87, 0x7D, 0x88, 0x7E, 
	0x8C, 0x7D, 0x8D, 0x7D, 0x8B, 0x7C, 0x8D, 0x7B, 0x90, 0x7B, 0x92, 0x79, 0x94, 0x78, 0x96, 0x78, 
	0x99, 0x76, 0x9C, 0x75, 0x9F, 0x75, 0x9E, 0x75, 0x9C, 0x74, 0x98, 0x74, 0x9A, 0x74, 0xA3, 0x72, 
	0xB0, 0x6C, 0xB3, 0x69, 0xB5, 0x69, 0xB7, 0x69, 0xB8, 0x68, 0xB8, 0x68, 0xB7, 0x67, 0xB7, 0x68, 
	0xBA, 0x6A, 0xB8, 0x6C, 0xB1, 0x6E, 0xAA, 0x6F, 0xA5, 0x6E, 0xA9, 0x6C, 0xB2, 0x6B, 0xB9, 0x69, 
	0xBB, 0x67, 0xBB, 0x66, 0xBB, 0x66, 0xBB, 0x66, 0xBC, 0x66, 0xBC, 0x66, 0xBC, 0x65, 0xBC, 0x65, 
	0xBE, 0x66, 0xBF, 0x66, 0xBF, 0x66, 0xBF, 0x66, 0xBF, 0x66, 0xC0, 0x66, 0xC0, 0x66, 0xC0, 0x66, 
	0xC1, 0x66, 0xC2, 0x66, 0xC2, 0x66, 0xC2, 0x66, 0xC2, 0x66, 0xC2, 0x66, 0xC2, 0x66, 0xC2, 0x66, 
	0xAB, 0x6B, 0xAA, 0x69, 0xAB, 0x68, 0xAE, 0x68, 0xAE, 0x6A, 0x9D, 0x70, 0x8C, 0x76, 0x8C, 0x78, 
	0x89, 0x7B, 0x89, 0x7C, 0x88, 0x7C, 0x89, 0x7C, 0x8A, 0x7B, 0x8C, 0x78, 0x8F, 0x76, 0x93, 0x75, 
	0x96, 0x74, 0x99, 0x75, 0x9A, 0x76, 0x97, 0x77, 0x91, 0x78, 0x8C, 0x7A, 0x89, 0x7B, 0x8E, 0x79, 
	0xA3, 0x6E, 0xAB, 0x6A, 0xB0, 0x68, 0xB4, 0x65, 0xB5, 0x64, 0xB7, 0x62, 0xB9, 0x61, 0xBB, 0x62, 
	0xBC, 0x64, 0xBC, 0x64, 0xBC, 0x63, 0xBA, 0x63, 0xB8, 0x64, 0xB5, 0x66, 0xB2, 0x67, 0xAF, 0x69, 
	0xAC, 0x6A, 0xAD, 0x6A, 0xB0, 0x69, 0xB3, 0x67, 0xB6, 0x65, 0xB9, 0x64, 0xBA, 0x62, 0xBB, 0x61, 
	0xBC, 0x62, 0xBB, 0x63, 0xBA, 0x63, 0xB9, 0x64, 0xB9, 0x64, 0xB9, 0x64, 0xBB, 0x64, 0xBB, 0x64, 
	0xBA, 0x63, 0xB9, 0x63, 0xB9, 0x64, 0xB9, 0x66, 0xB7, 0x69, 0xAF, 0x6C, 0xA6, 0x6E, 0x9E, 0x71, 
	0x97, 0x78, 0x95, 0x79, 0x93, 0x79, 0x90, 0x7A, 0x8E, 0x7A, 0x8D, 0x7B, 0x8C, 0x7B, 0x8E, 0x7B, 
	0x91, 0x7A, 0x92, 0x7A, 0x92, 0x7A, 0x93, 0x78, 0x94, 0x78, 0x97, 0x77, 0x99, 0x76, 0x9A, 0x76, 
	0x9B, 0x74, 0x9F, 0x74, 0xA1, 0x74, 0xA1, 0x74, 0x9E, 0x73, 0x9D, 0x73, 0x9F, 0x73, 0xA4, 0x72, 
	0xB0, 0x6C, 0xB3, 0x6B, 0xB4, 0x6B, 0xB6, 0x6A, 0xB6, 0x6A, 0xB7, 0x69, 0xB7, 0x69, 0xB5, 0x6A, 
	0xAE, 0x70, 0xA9, 0x73, 0xA1, 0x75, 0x97, 0x77, 0x92, 0x77, 0x97, 0x74, 0xA5, 0x71, 0xB0, 0x6E, 
	0xB8, 0x68, 0xBB, 0x67, 0xBB, 0x67, 0xBB, 0x67, 0xBC, 0x66, 0xBD, 0x66, 0xBD, 0x65, 0xBE, 0x65, 
	0xBD, 0x66, 0xBE, 0x66, 0xBE, 0x66, 0xBE, 0x66, 0xBE, 0x66, 0xBF, 0x66, 0xBF, 0x66, 0xC0, 0x66, 
	0xC1, 0x66, 0xC1, 0x66, 0xC1, 0x66, 0xC1, 0x66, 0xC1, 0x66, 0xC1, 0x66, 0xC1, 0x66, 0xC1, 0x66, 
	0xA9, 0x6C, 0xA8, 0x6A, 0xA7, 0x69, 0xAA, 0x69, 0xAA, 0x6C, 0xA2, 0x71, 0x92, 0x76, 0x87, 0x7A, 
	0x85, 0x7B, 0x87, 0x7B, 0x88, 0x7C, 0x87, 0x7C, 0x86, 0x7B, 0x84, 0x7A, 0x89, 0x79, 0x8F, 0x76, 
	0x96, 0x74, 0x99, 0x74, 0x9B, 0x75, 0x9A, 0x76, 0x95, 0x76, 0x90, 0x78, 0x8E, 0x79, 0x91, 0x78, 
	0x9D, 0x71, 0xA4, 0x6D, 0xAB, 0x6B, 0xB2, 0x68, 0xB6, 0x65, 0xB6, 0x63, 0xB3, 0x61, 0xB2, 0x61, 
	0xB9, 0x63, 0xBC, 0x63, 0xBB, 0x63, 0xB9, 0x63, 0xB7, 0x64, 0xB4, 0x66, 0xB1, 0x67, 0xAF, 0x69, 
	0xAD, 0x6B, 0xAD, 0x6C, 0xAF, 0x6C, 0xB1, 0x69, 0xB4, 0x67, 0xB6, 0x65, 0xB7, 0x63, 0xB8, 0x61, 
	0xB9, 0x62, 0xB8, 0x64, 0xB6, 0x65, 0xB5, 0x65, 0xB5, 0x65, 0xB7, 0x65, 0xB9, 0x64, 0xBA, 0x63, 
	0xB9, 0x62, 0xB8, 0x63, 0xB8, 0x65, 0xB5, 0x67, 0xB0, 0x6A, 0xA9, 0x6D, 0xA3, 0x6F, 0xA0, 0x71, 
	0x9B, 0x75, 0x99, 0x76, 0x98, 0x76, 0x96, 0x76, 0x94, 0x76, 0x94, 0x78, 0x94, 0x78, 0x95, 0x77, 
	0x96, 0x77, 0x97, 0x77, 0x97, 0x76, 0x97, 0x76, 0x98, 0x76, 0x9A, 0x76, 0x9C, 0x75, 0x9D, 0x75, 
	0x9D, 0x73, 0xA0, 0x73, 0xA3, 0x73, 0xA2, 0x73, 0xA0, 0x73, 0x9F, 0x73, 0x9F, 0x73, 0xA2, 0x72, 
	0xA9, 0x70, 0xAC, 0x6F, 0xAE, 0x6E, 0xAF, 0x6D, 0xB1, 0x6D, 0xB3, 0x6C, 0xB4, 0x6B, 0xB0, 0x6C, 
	0x99, 0x74, 0x8F, 0x79, 0x8E, 0x7B, 0x8B, 0x7D, 0x8B, 0x7C, 0x91, 0x79, 0xA4, 0x74, 0xAF, 0x70, 
	0xB4, 0x6B, 0xB6, 0x69, 0xB7, 0x69, 0xB8, 0x68, 0xBA, 0x67, 0xBB, 0x67, 0xBC, 0x66, 0xBD, 0x66, 
	0xBC, 0x65, 0xBC, 0x65, 0xBC, 0x65, 0xBD, 0x65, 0xBD, 0x65, 0xBD, 0x65, 0xBE, 0x65, 0xBE, 0x65, 
	0xC0, 0x65, 0xC0, 0x65, 0xC0, 0x65, 0xC0, 0x65, 0xC0, 0x65, 0xC0, 0x65, 0xC0, 0x65, 0xC0, 0x65, 
	0xA6, 0x6E, 0xA3, 0x6C, 0xA3, 0x6A, 0xA7, 0x6A, 0xAA, 0x6D, 0xA2, 0x72, 0x90, 0x77, 0x84, 0x7A, 
	0x86, 0x79, 0x8A, 0x79, 0x8B, 0x7B, 0x88, 0x7C, 0x84, 0x7C, 0x82, 0x7C, 0x85, 0x7C, 0x8B, 0x7A, 
	0x93, 0x76, 0x99, 0x75, 0x9C, 0x75, 0x9D, 0x75, 0x99, 0x76, 0x95, 0x76, 0x93, 0x76, 0x94, 0x77, 
	0x96, 0x76, 0x98, 0x74, 0x9C, 0x72, 0xA3, 0x6F, 0xAC, 0x6A, 0xB1, 0x66, 0xB2, 0x64, 0xB3, 0x63, 
	0xB8, 0x64, 0xB9, 0x63, 0xB8, 0x62, 0xB8, 0x62, 0xB6, 0x63, 0xB3, 0x65, 0xB1, 0x66, 0xAE, 0x68, 
	0xA8, 0x6C, 0xA8, 0x6D, 0xAA, 0x6D, 0xAD, 0x6B, 0xB0, 0x69, 0xB3, 0x67, 0xB6, 0x63, 0xB8, 0x61, 
	0xB6, 0x63, 0xB4, 0x65, 0xB2, 0x66, 0xB1, 0x66, 0xB2, 0x66, 0xB4, 0x65, 0xB8, 0x64, 0xB9, 0x63, 
	0xB7, 0x62, 0xB7, 0x64, 0xB4, 0x67, 0xAF, 0x69, 0xA8, 0x6C, 0xA2, 0x6E, 0xA1, 0x71, 0xA0, 0x72, 
	0x9F, 0x72, 0x9D, 0x72, 0x9B, 0x73, 0x9A, 0x73, 0x9A, 0x73, 0x9A, 0x74, 0x9B, 0x74, 0x9C, 0x74, 
	0x9B, 0x75, 0x9A, 0x75, 0x9A, 0x75, 0x9A, 0x75, 0x9A, 0x75, 0x9D, 0x75, 0x9F, 0x74, 0xA0, 0x74, 
	0x9E, 0x72, 0xA0, 0x72, 0xA4, 0x72, 0xA3, 0x72, 0xA1, 0x72, 0x9F, 0x72, 0xA0, 0x72, 0xA0, 0x73, 
	0x9E, 0x74, 0x9F, 0x73, 0xA0, 0x72, 0xA4, 0x71, 0xA7, 0x6F, 0xAA, 0x6D, 0xAD, 0x6C, 0xA9, 0x6D, 
	0x92, 0x74, 0x8A, 0x79, 0x89, 0x7C, 0x88, 0x7E, 0x8B, 0x7D, 0x94, 0x79, 0xA4, 0x74, 0xAD, 0x6F, 
	0xAD, 0x6C, 0xAE, 0x6A, 0xB0, 0x6A, 0xB2, 0x68, 0xB5, 0x68, 0xB7, 0x68, 0xB9, 0x66, 0xBA, 0x66, 
	0xBA, 0x65, 0xBA, 0x64, 0xBB, 0x64, 0xBB, 0x64, 0xBC, 0x64, 0xBC, 0x64, 0xBC, 0x64, 0xBD, 0x64, 
	0xBE, 0x64, 0xBF, 0x64, 0xBF, 0x64, 0xBF, 0x64, 0xBF, 0x64, 0xBF, 0x64, 0xBF, 0x64, 0xBF, 0x64, 
	0xA4, 0x6E, 0xA1, 0x6D, 0xA0, 0x6B, 0xA5, 0x6B, 0xA7, 0x6E, 0x9F, 0x73, 0x8F, 0x77, 0x83, 0x7A, 
	0x88, 0x78, 0x8C, 0x78, 0x8E, 0x79, 0x8A, 0x7B, 0x85, 0x7C, 0x84, 0x7D, 0x86, 0x7D, 0x8A, 0x7C, 
	0x92, 0x76, 0x98, 0x75, 0x9C, 0x75, 0x9D, 0x75, 0x9B, 0x75, 0x98, 0x75, 0x97, 0x75, 0x96, 0x76, 
	0x93, 0x7A, 0x8F, 0x7B, 0x8B, 0x78, 0x8C, 0x75, 0x98, 0x70, 0xA9, 0x6A, 0xB5, 0x67, 0xBA, 0x64, 
	0xB8, 0x63, 0xB7, 0x62, 0xB8, 0x61, 0xB7, 0x61, 0xB6, 0x63, 0xB2, 0x65, 0xAF, 0x67, 0xAC, 0x69, 
	0xA1, 0x6E, 0x9F, 0x6F, 0xA2, 0x6E, 0xA6, 0x6D, 0xAC, 0x6A, 0xB1, 0x67, 0xB6, 0x65, 0xB7, 0x63, 
	0xB3, 0x64, 0xB0, 0x66, 0xAE, 0x68, 0xAD, 0x69, 0xAE, 0x69, 0xB1, 0x67, 0xB4, 0x64, 0xB7, 0x63, 
	0xB7, 0x63, 0xB5, 0x64, 0xB1, 0x67, 0xA8, 0x6B, 0x9E, 0x70, 0x9B, 0x72, 0x9D, 0x73, 0xA0, 0x72, 
	0xA0, 0x71, 0x9F, 0x70, 0x9F, 0x71, 0x9E, 0x71, 0x9E, 0x72, 0x9F, 0x72, 0xA0, 0x72, 0xA0, 0x72, 
	0x9E, 0x75, 0x9D, 0x75, 0x9D, 0x75, 0x9D, 0x74, 0x9E, 0x74, 0xA0, 0x74, 0xA1, 0x74, 0xA1, 0x73, 
	0x9F, 0x71, 0xA1, 0x71, 0xA3, 0x71, 0xA3, 0x71, 0xA0, 0x72, 0x9F, 0x72, 0x9F, 0x72, 0x9E, 0x73, 
	0x97, 0x76, 0x97, 0x76, 0x94, 0x76, 0x93, 0x75, 0x9D, 0x72, 0xA2, 0x71, 0xA5, 0x6E, 0xA4, 0x6F, 
	0x97, 0x73, 0x93, 0x77, 0x90, 0x7B, 0x8C, 0x7E, 0x8D, 0x7D, 0x91, 0x79, 0x9C, 0x74, 0xA2, 0x70, 
	0xA2, 0x6F, 0x9F, 0x6F, 0xA2, 0x6E, 0xA8, 0x6D, 0xAC, 0x6B, 0xB1, 0x6A, 0xB4, 0x69, 0xB6, 0x67, 
	0xB9, 0x65, 0xB9, 0x64, 0xBA, 0x64, 0xBB, 0x64, 0xBB, 0x64, 0xBB, 0x64, 0xBB, 0x64, 0xBB, 0x64, 
	0xBC, 0x63, 0xBD, 0x63, 0xBD, 0x63, 0xBD, 0x63, 0xBD, 0x63, 0xBD, 0x64, 0xBD, 0x64, 0xBD, 0x63, 
	0xA5, 0x6B, 0xA5, 0x6B, 0xA4, 0x6C, 0xA3, 0x6E, 0x9F, 0x70, 0x97, 0x75, 0x8E, 0x78, 0x87, 0x7A, 
	0x8A, 0x79, 0x8C, 0x78, 0x8C, 0x79, 0x8C, 0x79, 0x8C, 0x79, 0x8C, 0x79, 0x8C, 0x7A, 0x90, 0x78, 
	0x93, 0x75, 0x97, 0x74, 0x9A, 0x74, 0x9C, 0x75, 0x9C, 0x75, 0x9A, 0x75, 0x98, 0x75, 0x95, 0x76, 
	0x90, 0x7A, 0x8C, 0x7B, 0x87, 0x7B, 0x89, 0x79, 0x8D, 0x75, 0x9E, 0x6E, 0xAE, 0x68, 0xB6, 0x64, 
	0xB5, 0x62, 0xB6, 0x61, 0xB7, 0x5F, 0xB7, 0x5F, 0xB4, 0x62, 0xAD, 0x68, 0xA6, 0x6C, 0xA0, 0x70, 
	0x9A, 0x74, 0x97, 0x73, 0x98, 0x70, 0x9D, 0x6E, 0xA5, 0x6B, 0xAD, 0x68, 0xB2, 0x66, 0xB3, 0x65, 
	0xAF, 0x67, 0xAA, 0x6A, 0xA4, 0x6E, 0x9F, 0x71, 0xA1, 0x70, 0xA7, 0x6C, 0xAE, 0x67, 0xB4, 0x64, 
	0xB4, 0x64, 0xB2, 0x64, 0xAC, 0x66, 0x9D, 0x6E, 0x8F, 0x77, 0x92, 0x79, 0x96, 0x75, 0x9D, 0x71, 
	0x9F, 0x70, 0xA0, 0x71, 0xA0, 0x71, 0xA1, 0x71, 0xA1, 0x71, 0xA2, 0x71, 0xA3, 0x71, 0xA3, 0x72, 
	0xA1, 0x74, 0xA1, 0x74, 0xA1, 0x73, 0xA1, 0x73, 0xA1, 0x73, 0xA2, 0x73, 0xA2, 0x73, 0xA2, 0x72, 
	0xA2, 0x71, 0xA2, 0x70, 0xA2, 0x71, 0xA1, 0x71, 0xA0, 0x72, 0x9E, 0x73, 0x9E, 0x73, 0x9D, 0x73, 
	0x99, 0x76, 0x95, 0x78, 0x92, 0x79, 0x91, 0x7A, 0x96, 0x79, 0x9A, 0x76, 0x9C, 0x74, 0x9C, 0x73, 
	0x9B, 0x75, 0x97, 0x77, 0x92, 0x79, 0x90, 0x7B, 0x90, 0x7C, 0x8D, 0x7B, 0x92, 0x79, 0x92, 0x79, 
	0x8C, 0x7B, 0x86, 0x7C, 0x8D, 0x7B, 0x91, 0x7A, 0x98, 0x77, 0xA3, 0x72, 0xAA, 0x6D, 0xAE, 0x6A, 
	0xB3, 0x66, 0xB6, 0x65, 0xB9, 0x65, 0xBC, 0x64, 0xBD, 0x63, 0xBB, 0x63, 0xB9, 0x64, 0xB8, 0x63, 
	0xBB, 0x62, 0xBB, 0x62, 0xBB, 0x62, 0xBB, 0x62, 0xBB, 0x62, 0xBA, 0x63, 0xBB, 0x63, 0xBA, 0x62, 
	0xA9, 0x68, 0xA9, 0x69, 0xA8, 0x6A, 0xA4, 0x6C, 0x9C, 0x70, 0x8E, 0x75, 0x89, 0x78, 0x87, 0x7A, 
	0x8B, 0x79, 0x8D, 0x78, 0x8E, 0x78, 0x8F, 0x78, 0x90, 0x78, 0x91, 0x78, 0x91, 0x78, 0x92, 0x77, 
	0x94, 0x74, 0x97, 0x73, 0x99, 0x74, 0x9B, 0x75, 0x9B, 0x75, 0x9A, 0x75, 0x98, 0x75, 0x95, 0x76, 
	0x91, 0x78, 0x8C, 0x7B, 0x87, 0x7C, 0x88, 0x7B, 0x8F, 0x77, 0x9A, 0x71, 0xA7, 0x6A, 0xAF, 0x66, 
	0xB1, 0x64, 0xB3, 0x62, 0xB4, 0x60, 0xB4, 0x60, 0xB1, 0x63, 0xAA, 0x69, 0xA3, 0x6E, 0x9C, 0x72, 
	0x98, 0x75, 0x98, 0x75, 0x9C, 0x72, 0xA3, 0x6F, 0xA9, 0x6C, 0xAD, 0x68, 0xAC, 0x66, 0xA9, 0x66, 
	0xA9, 0x6B, 0xA4, 0x6F, 0x9D, 0x73, 0x99, 0x75, 0x9A, 0x74, 0xA0, 0x70, 0xA8, 0x6A, 0xAE, 0x67, 
	0xB1, 0x65, 0xAF, 0x64, 0xA9, 0x67, 0x9D, 0x6F, 0x93, 0x77, 0x91, 0x79, 0x96, 0x75, 0x9C, 0x70, 
	0x9F, 0x70, 0xA0, 0x71, 0xA0, 0x71, 0xA1, 0x71, 0xA1, 0x71, 0xA2, 0x71, 0xA3, 0x71, 0xA3, 0x71, 
	0xA2, 0x72, 0xA2, 0x72, 0xA2, 0x72, 0xA2, 0x72, 0xA2, 0x72, 0xA2, 0x72, 0xA2, 0x72, 0xA2, 0x72, 
	0xA2, 0x71, 0xA2, 0x71, 0xA2, 0x71, 0xA0, 0x72, 0x9F, 0x73, 0x9E, 0x74, 0x9D, 0x74, 0x9C, 0x74, 
	0x9A, 0x76, 0x97, 0x78, 0x94, 0x79, 0x93, 0x79, 0x94, 0x78, 0x9A, 0x76, 0x9E, 0x72, 0x9F, 0x71, 
	0x9D, 0x73, 0x99, 0x76, 0x95, 0x77, 0x93, 0x79, 0x94, 0x7B, 0x93, 0x7B, 0x91, 0x7B, 0x8E, 0x7B, 
	0x88, 0x7D, 0x87, 0x7E, 0x87, 0x7F, 0x8A, 0x7E, 0x8E, 0x7B, 0x91, 0x77, 0x97, 0x73, 0x9E, 0x6F, 
	0xAB, 0x6B, 0xB0, 0x6A, 0xB4, 0x69, 0xB7, 0x67, 0xB9, 0x66, 0xB9, 0x64, 0xB6, 0x63, 0xB6, 0x62, 
	0xB9, 0x61, 0xBA, 0x61, 0xBA, 0x61, 0xBA, 0x62, 0xB9, 0x62, 0xB9, 0x62, 0xB9, 0x62, 0xB9, 0x62, 
	0xB0, 0x64, 0xAE, 0x65, 0xAB, 0x67, 0xA6, 0x69, 0x9C, 0x6E, 0x8F, 0x72, 0x89, 0x76, 0x85, 0x78, 
	0x8E, 0x78, 0x91, 0x77, 0x91, 0x77, 0x92, 0x77, 0x93, 0x77, 0x94, 0x77, 0x94, 0x77, 0x95, 0x77, 
	0x96, 0x74, 0x99, 0x74, 0x99, 0x74, 0x9B, 0x75, 0x9B, 0x75, 0x9A, 0x75, 0x98, 0x75, 0x96, 0x76, 
	0x93, 0x79, 0x8F, 0x7B, 0x89, 0x7C, 0x89, 0x7C, 0x8C, 0x79, 0x94, 0x75, 0x9D, 0x70, 0xA6, 0x6C, 
	0xAA, 0x68, 0xAD, 0x65, 0xAF, 0x64, 0xAF, 0x64, 0xAC, 0x66, 0xA6, 0x6B, 0x9F, 0x6F, 0x9B, 0x73, 
	0x98, 0x76, 0x99, 0x76, 0x9F, 0x74, 0xA7, 0x71, 0xAD, 0x6D, 0xAC, 0x69, 0xA6, 0x66, 0xA2, 0x66, 
	0xA2, 0x6E, 0x9F, 0x72, 0x99, 0x76, 0x95, 0x77, 0x97, 0x77, 0x9C, 0x73, 0xA2, 0x6E, 0xA8, 0x6B, 
	0xAD, 0x68, 0xAC, 0x67, 0xA5, 0x6A, 0x9C, 0x71, 0x95, 0x76, 0x93, 0x77, 0x98, 0x74, 0x9D, 0x71, 
	0x9F, 0x71, 0xA0, 0x71, 0xA0, 0x71, 0xA1, 0x71, 0xA1, 0x71, 0xA2, 0x71, 0xA3, 0x71, 0xA3, 0x71, 
	0xA3, 0x71, 0xA3, 0x71, 0xA3, 0x71, 0xA3, 0x71, 0xA3, 0x71, 0xA3, 0x71, 0xA3, 0x71, 0xA2, 0x71, 
	0xA1, 0x71, 0xA0, 0x72, 0xA0, 0x72, 0x9F, 0x73, 0x9D, 0x74, 0x9C, 0x75, 0x9B, 0x75, 0x9B, 0x75, 
	0x9A, 0x75, 0x98, 0x76, 0x96, 0x77, 0x96, 0x77, 0x96, 0x76, 0x9B, 0x72, 0xA3, 0x6E, 0xA5, 0x6D, 
	0xA3, 0x6F, 0x9E, 0x72, 0x99, 0x75, 0x96, 0x77, 0x95, 0x79, 0x93, 0x7A, 0x90, 0x7B, 0x8D, 0x7B, 
	0x8A, 0x7C, 0x88, 0x7D, 0x86, 0x7E, 0x85, 0x7F, 0x86, 0x7E, 0x83, 0x7C, 0x84, 0x7A, 0x8A, 0x77, 
	0x9E, 0x73, 0xA5, 0x70, 0xA8, 0x6F, 0xAD, 0x6C, 0xB0, 0x68, 0xB3, 0x65, 0xB4, 0x62, 0xB6, 0x61, 
	0xB8, 0x61, 0xB8, 0x62, 0xB8, 0x62, 0xB8, 0x62, 0xB8, 0x62, 0xB8, 0x62, 0xB8, 0x62, 0xB8, 0x62, 
	0xB2, 0x61, 0xB1, 0x62, 0xAE, 0x63, 0xAA, 0x67, 0xA2, 0x6B, 0x99, 0x70, 0x91, 0x74, 0x8F, 0x76, 
	0x94, 0x76, 0x95, 0x75, 0x95, 0x76, 0x96, 0x76, 0x97, 0x76, 0x97, 0x76, 0x98, 0x76, 0x98, 0x75, 
	0x98, 0x74, 0x98, 0x73, 0x9A, 0x73, 0x9B, 0x75, 0x9B, 0x75, 0x9A, 0x75, 0x98, 0x75, 0x97, 0x76, 
	0x95, 0x78, 0x91, 0x7A, 0x8B, 0x7C, 0x88, 0x7D, 0x8A, 0x7B, 0x8A, 0x7A, 0x8A, 0x77, 0x9A, 0x72, 
	0xA3, 0x6C, 0xA6, 0x6A, 0xA7, 0x68, 0xA7, 0x69, 0xA5, 0x6A, 0xA0, 0x6F, 0x9A, 0x72, 0x96, 0x75, 
	0x94, 0x78, 0x94, 0x78, 0x96, 0x76, 0x9D, 0x73, 0xA4, 0x70, 0xA6, 0x6C, 0xA4, 0x68, 0xA1, 0x68, 
	0x9F, 0x6F, 0x9C, 0x73, 0x98, 0x75, 0x96, 0x77, 0x96, 0x76, 0x9A, 0x74, 0x9F, 0x70, 0xA3, 0x6D, 
	0xA8, 0x6B, 0xA6, 0x6B, 0xA0, 0x6E, 0x9A, 0x72, 0x95, 0x75, 0x96, 0x75, 0x9A, 0x74, 0x9D, 0x72, 
	0x9F, 0x71, 0xA0, 0x71, 0xA0, 0x71, 0xA1, 0x71, 0xA1, 0x71, 0xA2, 0x71, 0xA3, 0x71, 0xA3, 0x71, 
	0xA4, 0x70, 0xA3, 0x6F, 0xA3, 0x70, 0xA3, 0x70, 0xA3, 0x70, 0xA2, 0x70, 0xA2, 0x70, 0xA1, 0x71, 
	0xA0, 0x72, 0x9F, 0x73, 0x9D, 0x73, 0x9B, 0x75, 0x9A, 0x76, 0x99, 0x77, 0x98, 0x77, 0x98, 0x78, 
	0x97, 0x76, 0x97, 0x76, 0x96, 0x77, 0x96, 0x76, 0x98, 0x74, 0x9D, 0x70, 0xA5, 0x6B, 0xAA, 0x69, 
	0xA8, 0x6C, 0xA2, 0x6F, 0x9C, 0x72, 0x98, 0x75, 0x96, 0x78, 0x93, 0x7A, 0x8F, 0x7B, 0x8B, 0x7B, 
	0x89, 0x7C, 0x87, 0x7D, 0x85, 0x7F, 0x82, 0x80, 0x81, 0x81, 0x80, 0x80, 0x80, 0x7E, 0x83, 0x7D, 
	0x8E, 0x7A, 0x93, 0x77, 0x98, 0x75, 0x9F, 0x72, 0xA7, 0x6D, 0xAD, 0x68, 0xB3, 0x64, 0xB6, 0x62, 
	0xB6, 0x63, 0xB6, 0x63, 0xB6, 0x63, 0xB6, 0x63, 0xB6, 0x62, 0xB7, 0x62, 0xB7, 0x62, 0xB7, 0x62, 
	0xB0, 0x5F, 0xB0, 0x61, 0xAF, 0x62, 0xAD, 0x65, 0xA9, 0x69, 0xA3, 0x6D, 0x9E, 0x71, 0x9B, 0x73, 
	0x99, 0x75, 0x99, 0x75, 0x98, 0x75, 0x99, 0x75, 0x9A, 0x75, 0x99, 0x75, 0x9A, 0x75, 0x9A, 0x75, 
	0x9A, 0x74, 0x9A, 0x73, 0x9B, 0x74, 0x9B, 0x75, 0x9A, 0x75, 0x99, 0x75, 0x98, 0x75, 0x97, 0x75, 
	0x96, 0x78, 0x92, 0x7A, 0x8D, 0x7C, 0x89, 0x7D, 0x88, 0x7D, 0x8B, 0x7C, 0x8D, 0x7A, 0x93, 0x77, 
	0x98, 0x72, 0x9A, 0x70, 0x9E, 0x6F, 0x9F, 0x6F, 0x9D, 0x70, 0x98, 0x73, 0x94, 0x76, 0x92, 0x78, 
	0x91, 0x7A, 0x8C, 0x7A, 0x87, 0x7A, 0x8A, 0x77, 0x92, 0x75, 0x9C, 0x71, 0xA2, 0x6D, 0xA4, 0x6B, 
	0x9F, 0x6F, 0x9B, 0x72, 0x99, 0x73, 0x98, 0x74, 0x98, 0x73, 0x9A, 0x72, 0x9D, 0x71, 0xA0, 0x6F, 
	0xA2, 0x6D, 0xA0, 0x6F, 0x98, 0x73, 0x94, 0x75, 0x98, 0x74, 0x99, 0x73, 0x9C, 0x73, 0x9E, 0x72, 
	0x9F, 0x71, 0xA0, 0x71, 0xA0, 0x71, 0xA1, 0x71, 0xA1, 0x71, 0xA2, 0x71, 0xA3, 0x71, 0xA3, 0x70, 
	0xA3, 0x6F, 0xA3, 0x6E, 0xA3, 0x6F, 0xA2, 0x6F, 0xA2, 0x70, 0xA1, 0x71, 0xA1, 0x71, 0xA0, 0x72, 
	0x9E, 0x73, 0x9C, 0x74, 0x9A, 0x75, 0x99, 0x76, 0x96, 0x77, 0x94, 0x79, 0x92, 0x7A, 0x92, 0x7A, 
	0x92, 0x79, 0x93, 0x79, 0x94, 0x79, 0x92, 0x78, 0x92, 0x75, 0x99, 0x70, 0xA3, 0x6C, 0xAB, 0x6A, 
	0xA9, 0x6B, 0xA4, 0x6E, 0x9D, 0x71, 0x98, 0x74, 0x97, 0x77, 0x93, 0x79, 0x8F, 0x7A, 0x8B, 0x7B, 
	0x87, 0x7C, 0x86, 0x7D, 0x85, 0x7E, 0x84, 0x80, 0x84, 0x81, 0x84, 0x81, 0x84, 0x81, 0x84, 0x80, 
	0x86, 0x7E, 0x86, 0x7D, 0x87, 0x7B, 0x8C, 0x78, 0x9C, 0x73, 0xA7, 0x6D, 0xAF, 0x68, 0xB4, 0x65, 
	0xB3, 0x64, 0xB3, 0x64, 0xB3, 0x64, 0xB3, 0x64, 0xB4, 0x63, 0xB5, 0x62, 0xB6, 0x62, 0xB6, 0x61, 
	0xAD, 0x60, 0xAD, 0x61, 0xAE, 0x61, 0xAC, 0x64, 0xAA, 0x67, 0xA8, 0x6B, 0xA5, 0x6E, 0xA2, 0x71, 
	0x9C, 0x74, 0x9B, 0x74, 0x9B, 0x74, 0x9B, 0x74, 0x9B, 0x74, 0x9B, 0x74, 0x9B, 0x74, 0x9B, 0x74, 
	0x9B, 0x74, 0x9B, 0x74, 0x9B, 0x74, 0x9A, 0x75, 0x99, 0x75, 0x99, 0x75, 0x98, 0x75, 0x98, 0x76, 
	0x96, 0x77, 0x92, 0x7A, 0x8D, 0x7B, 0x89, 0x7C, 0x88, 0x7D, 0x8A, 0x7C, 0x8C, 0x7C, 0x8E, 0x7A, 
	0x8C, 0x78, 0x8F, 0x77, 0x93, 0x75, 0x95, 0x75, 0x94, 0x76, 0x91, 0x78, 0x8E, 0x7A, 0x8D, 0x7B, 
	0x8E, 0x7B, 0x88, 0x7B, 0x81, 0x7B, 0x81, 0x7B, 0x85, 0x7A, 0x91, 0x76, 0x9C, 0x73, 0xA0, 0x71, 
	0x9C, 0x71, 0x9B, 0x72, 0x9A, 0x73, 0x99, 0x72, 0x99, 0x73, 0x9A, 0x73, 0x9B, 0x72, 0x9C, 0x71, 
	0x9E, 0x70, 0x99, 0x73, 0x8F, 0x78, 0x8F, 0x77, 0x98, 0x73, 0x9C, 0x70, 0x9F, 0x71, 0x9F, 0x73, 
	0x9F, 0x72, 0xA0, 0x71, 0xA0, 0x71, 0xA1, 0x71, 0xA1, 0x71, 0xA2, 0x71, 0xA3, 0x71, 0xA3, 0x70, 
	0xA2, 0x6F, 0xA2, 0x6F, 0xA2, 0x6F, 0xA0, 0x70, 0xA0, 0x71, 0xA0, 0x72, 0x9F, 0x72, 0x9E, 0x73, 
	0x9C, 0x74, 0x9A, 0x75, 0x98, 0x76, 0x95, 0x77, 0x91, 0x7A, 0x8C, 0x7B, 0x8B, 0x7C, 0x8B, 0x7C, 
	0x8B, 0x7B, 0x8E, 0x7C, 0x90, 0x7C, 0x8C, 0x7B, 0x88, 0x79, 0x90, 0x74, 0x9D, 0x70, 0xA7, 0x6D, 
	0xA8, 0x6D, 0xA2, 0x6E, 0x9C, 0x71, 0x98, 0x74, 0x97, 0x77, 0x95, 0x79, 0x91, 0x7A, 0x8C, 0x7B, 
	0x88, 0x7D, 0x87, 0x7E, 0x87, 0x7E, 0x87, 0x7F, 0x87, 0x7F, 0x8A, 0x7F, 0x8A, 0x80, 0x88, 0x80, 
	0x86, 0x7E, 0x85, 0x7E, 0x84, 0x7E, 0x85, 0x7D, 0x90, 0x79, 0x9B, 0x74, 0xA5, 0x6F, 0xAB, 0x6C, 
	0xAF, 0x67, 0xB0, 0x65, 0xB1, 0x65, 0xB1, 0x64, 0xB2, 0x63, 0xB3, 0x62, 0xB4, 0x61, 0xB4, 0x61, 
	0xAC, 0x62, 0xAC, 0x62, 0xAC, 0x62, 0xAA, 0x64, 0xA8, 0x67, 0xA5, 0x6A, 0xA2, 0x6C, 0xA0, 0x6F, 
	0x9D, 0x72, 0x9C, 0x73, 0x9C, 0x73, 0x9C, 0x73, 0x9C, 0x73, 0x9C, 0x73, 0x9C, 0x73, 0x9C, 0x73, 
	0x9C, 0x74, 0x9C, 0x74, 0x9B, 0x74, 0x9A, 0x75, 0x99, 0x75, 0x99, 0x75, 0x99, 0x75, 0x98, 0x76, 
	0x95, 0x77, 0x92, 0x7A, 0x8E, 0x7B, 0x89, 0x7C, 0x87, 0x7D, 0x89, 0x7C, 0x8B, 0x7C, 0x8B, 0x7C, 
	0x89, 0x7C, 0x8B, 0x7B, 0x8C, 0x7B, 0x8D, 0x7B, 0x8D, 0x7B, 0x8B, 0x7D, 0x88, 0x7E, 0x89, 0x7D, 
	0x8D, 0x7C, 0x89, 0x7D, 0x84, 0x7E, 0x83, 0x7F, 0x86, 0x7E, 0x8C, 0x7C, 0x92, 0x78, 0x94, 0x76, 
	0x97, 0x75, 0x98, 0x75, 0x98, 0x74, 0x98, 0x74, 0x98, 0x75, 0x98, 0x76, 0x96, 0x76, 0x97, 0x76, 
	0x99, 0x73, 0x95, 0x76, 0x90, 0x7A, 0x91, 0x78, 0x98, 0x72, 0x9E, 0x6E, 0xA1, 0x70, 0xA0, 0x73, 
	0x9F, 0x72, 0xA0, 0x71, 0xA0, 0x71, 0xA1, 0x71, 0xA1, 0x71, 0xA2, 0x71, 0xA3, 0x71, 0xA3, 0x71, 
	0xA1, 0x6F, 0xA1, 0x70, 0xA1, 0x70, 0xA0, 0x71, 0x9F, 0x73, 0x9D, 0x74, 0x9D, 0x74, 0x9D, 0x75, 
	0x9A, 0x75, 0x98, 0x76, 0x95, 0x77, 0x91, 0x78, 0x8D, 0x7B, 0x89, 0x7C, 0x85, 0x7D, 0x83, 0x7E, 
	0x85, 0x7E, 0x87, 0x7F, 0x87, 0x80, 0x87, 0x7F, 0x83, 0x7C, 0x88, 0x79, 0x96, 0x75, 0xA2, 0x72, 
	0xA5, 0x6F, 0xA0, 0x6F, 0x9A, 0x72, 0x97, 0x75, 0x97, 0x78, 0x96, 0x79, 0x92, 0x79, 0x8F, 0x7A, 
	0x8B, 0x7D, 0x8B, 0x7E, 0x8A, 0x7D, 0x8A, 0x7D, 0x89, 0x7D, 0x8B, 0x7C, 0x8B, 0x7D, 0x8B, 0x7D, 
	0x8D, 0x7D, 0x8B, 0x7D, 0x87, 0x7F, 0x85, 0x7F, 0x86, 0x7E, 0x8C, 0x7B, 0x90, 0x78, 0x9B, 0x72, 
	0xAC, 0x68, 0xAF, 0x66, 0xB0, 0x66, 0xB0, 0x64, 0xB1, 0x63, 0xB2, 0x62, 0xB3, 0x61, 0xB3, 0x61, 
	0xAA, 0x63, 0xAA, 0x63, 0xA9, 0x64, 0xA6, 0x65, 0xA3, 0x67, 0x9F, 0x6A, 0x9C, 0x6C, 0x9B, 0x6E, 
	0x9C, 0x71, 0x9D, 0x72, 0x9D, 0x72, 0x9D, 0x72, 0x9D, 0x72, 0x9C, 0x72, 0x9B, 0x72, 0x9C, 0x73, 
	0x9D, 0x73, 0x9D, 0x73, 0x9C, 0x74, 0x9A, 0x75, 0x99, 0x75, 0x99, 0x75, 0x98, 0x75, 0x97, 0x77, 
	0x93, 0x79, 0x90, 0x7B, 0x8D, 0x7C, 0x8B, 0x7C, 0x89, 0x7C, 0x89, 0x7C, 0x8B, 0x7C, 0x8A, 0x7C, 
	0x87, 0x7E, 0x87, 0x7E, 0x89, 0x7E, 0x89, 0x7D, 0x89, 0x7E, 0x88, 0x7E, 0x85, 0x80, 0x87, 0x7F, 
	0x8C, 0x7C, 0x8B, 0x7D, 0x89, 0x7F, 0x89, 0x80, 0x8A, 0x80, 0x8A, 0x7E, 0x88, 0x7C, 0x88, 0x7A, 
	0x90, 0x79, 0x94, 0x78, 0x95, 0x78, 0x95, 0x77, 0x95, 0x77, 0x95, 0x78, 0x93, 0x79, 0x94, 0x79, 
	0x97, 0x75, 0x93, 0x77, 0x90, 0x7B, 0x92, 0x78, 0x99, 0x73, 0x9F, 0x6F, 0xA1, 0x71, 0x9F, 0x73, 
	0x9F, 0x72, 0xA0, 0x71, 0xA0, 0x71, 0xA1, 0x71, 0xA1, 0x71, 0xA2, 0x71, 0xA2, 0x71, 0xA2, 0x71, 
	0xA1, 0x70, 0xA0, 0x70, 0x9F, 0x71, 0x9E, 0x73, 0x9C, 0x74, 0x9C, 0x75, 0x9B, 0x76, 0x99, 0x76, 
	0x99, 0x75, 0x98, 0x76, 0x95, 0x77, 0x91, 0x79, 0x8C, 0x7B, 0x87, 0x7D, 0x83, 0x7E, 0x81, 0x7E, 
	0x81, 0x80, 0x84, 0x81, 0x84, 0x82, 0x83, 0x82, 0x80, 0x7F, 0x83, 0x7D, 0x8F, 0x7A, 0x9C, 0x77, 
	0x9F, 0x71, 0x9C, 0x71, 0x97, 0x73, 0x96, 0x76, 0x97, 0x78, 0x96, 0x79, 0x93, 0x79, 0x90, 0x7A, 
	0x8D, 0x7E, 0x8D, 0x7E, 0x8D, 0x7C, 0x8D, 0x7C, 0x8D, 0x7B, 0x8C, 0x7B, 0x8B, 0x7A, 0x8D, 0x7A, 
	0x94, 0x7B, 0x91, 0x7C, 0x8B, 0x7E, 0x86, 0x7F, 0x84, 0x7F, 0x86, 0x7D, 0x85, 0x7C, 0x90, 0x78, 
	0xA7, 0x6A, 0xAD, 0x67, 0xAD, 0x66, 0xAF, 0x65, 0xB0, 0x63, 0xB1, 0x62, 0xB2, 0x62, 0xB2, 0x62, 
	0xA5, 0x63, 0xA5, 0x64, 0xA4, 0x65, 0xA3, 0x68, 0xA1, 0x6A, 0x9E, 0x6C, 0x9A, 0x6E, 0x9A, 0x6F, 
	0x9C, 0x6F, 0x9E, 0x70, 0x9F, 0x71, 0x9F, 0x71, 0x9E, 0x71, 0x9C, 0x72, 0x9A, 0x73, 0x9A, 0x73, 
	0x9C, 0x73, 0x9D, 0x72, 0x9D, 0x73, 0x9C, 0x74, 0x9B, 0x75, 0x98, 0x76, 0x97, 0x76, 0x94, 0x78, 
	0x8D, 0x7B, 0x8C, 0x7C, 0x8C, 0x7C, 0x8C, 0x7D, 0x8B, 0x7D, 0x8A, 0x7D, 0x89, 0x7D, 0x89, 0x7D, 
	0x8A, 0x7E, 0x89, 0x7E, 0x88, 0x7E, 0x88, 0x7E, 0x88, 0x7E, 0x88, 0x7E, 0x8A, 0x7F, 0x8A, 0x7E, 
	0x8B, 0x7C, 0x8B, 0x7C, 0x8A, 0x7E, 0x8A, 0x7F, 0x89, 0x7F, 0x87, 0x80, 0x84, 0x80, 0x84, 0x7F, 
	0x8B, 0x7C, 0x8F, 0x7B, 0x90, 0x7A, 0x92, 0x7A, 0x92, 0x79, 0x94, 0x79, 0x95, 0x79, 0x95, 0x78, 
	0x95, 0x77, 0x96, 0x77, 0x97, 0x77, 0x99, 0x76, 0x9C, 0x74, 0x9E, 0x73, 0x9E, 0x73, 0x9E, 0x73, 
	0x9F, 0x72, 0xA0, 0x71, 0xA0, 0x71, 0xA1, 0x71, 0xA1, 0x71, 0xA1, 0x71, 0xA1, 0x71, 0xA1, 0x71, 
	0xA0, 0x71, 0x9F, 0x71, 0x9D, 0x72, 0x9B, 0x73, 0x9A, 0x75, 0x99, 0x76, 0x96, 0x78, 0x96, 0x77, 
	0x97, 0x75, 0x97, 0x75, 0x96, 0x77, 0x94, 0x7A, 0x90, 0x7C, 0x8C, 0x7C, 0x89, 0x7C, 0x86, 0x7E, 
	0x85, 0x80, 0x85, 0x81, 0x85, 0x81, 0x84, 0x81, 0x84, 0x80, 0x87, 0x7E, 0x89, 0x7E, 0x8E, 0x7C, 
	0x92, 0x78, 0x93, 0x77, 0x93, 0x77, 0x94, 0x77, 0x94, 0x78, 0x94, 0x79, 0x93, 0x7A, 0x90, 0x7B, 
	0x8C, 0x7D, 0x8C, 0x7D, 0x8C, 0x7C, 0x8C, 0x7C, 0x8E, 0x7B, 0x90, 0x7A, 0x91, 0x79, 0x93, 0x78, 
	0x93, 0x7A, 0x91, 0x7B, 0x8E, 0x7C, 0x8B, 0x7C, 0x8A, 0x7D, 0x89, 0x7D, 0x88, 0x7E, 0x8F, 0x7B, 
	0xA2, 0x6F, 0xA7, 0x6A, 0xA9, 0x66, 0xAC, 0x63, 0xAE, 0x62, 0xB0, 0x62, 0xB1, 0x64, 0xB2, 0x65, 
	0xA3, 0x64, 0xA4, 0x64, 0xA4, 0x66, 0xA3, 0x67, 0xA1, 0x6A, 0xA0, 0x6B, 0x9D, 0x6D, 0x9C, 0x6D, 
	0x9E, 0x6D, 0x9F, 0x6D, 0xA0, 0x6E, 0xA0, 0x6F, 0xA0, 0x70, 0x9E, 0x71, 0x9B, 0x72, 0x9B, 0x73, 
	0x9D, 0x72, 0x9E, 0x71, 0x9E, 0x72, 0x9D, 0x73, 0x9C, 0x74, 0x9A, 0x75, 0x98, 0x75, 0x94, 0x77, 
	0x8F, 0x7A, 0x8D, 0x7B, 0x8E, 0x7C, 0x8E, 0x7C, 0x8E, 0x7C, 0x8C, 0x7C, 0x8B, 0x7C, 0x8A, 0x7C, 
	0x8B, 0x7D, 0x8C, 0x7D, 0x8A, 0x7D, 0x89, 0x7D, 0x89, 0x7D, 0x8A, 0x7D, 0x8B, 0x7D, 0x8C, 0x7C, 
	0x8D, 0x7B, 0x8D, 0x7B, 0x8D, 0x7B, 0x8D, 0x7D, 0x8B, 0x7D, 0x89, 0x7E, 0x87, 0x7F, 0x87, 0x7E, 
	0x8B, 0x7C, 0x8C, 0x7B, 0x8D, 0x7A, 0x8F, 0x7A, 0x91, 0x79, 0x92, 0x78, 0x93, 0x78, 0x93, 0x78, 
	0x95, 0x77, 0x97, 0x76, 0x99, 0x75, 0x9B, 0x75, 0x9D, 0x74, 0x9E, 0x74, 0x9E, 0x73, 0x9E, 0x73, 
	0x9F, 0x71, 0xA0, 0x71, 0xA0, 0x71, 0xA1, 0x71, 0xA1, 0x71, 0xA1, 0x71, 0xA1, 0x71, 0xA1, 0x71, 
	0xA0, 0x70, 0x9F, 0x71, 0x9D, 0x73, 0x9B, 0x74, 0x99, 0x75, 0x98, 0x76, 0x97, 0x77, 0x96, 0x77, 
	0x97, 0x75, 0x96, 0x76, 0x94, 0x79, 0x91, 0x7B, 0x8F, 0x7C, 0x8C, 0x7C, 0x8A, 0x7C, 0x89, 0x7D, 
	0x87, 0x80, 0x86, 0x80, 0x86, 0x80, 0x86, 0x7F, 0x87, 0x7F, 0x88, 0x7E, 0x8A, 0x7E, 0x8B, 0x7D, 
	0x8C, 0x7C, 0x8E, 0x7B, 0x8F, 0x79, 0x91, 0x78, 0x91, 0x78, 0x91, 0x79, 0x91, 0x7A, 0x90, 0x7B, 
	0x8B, 0x7D, 0x89, 0x7D, 0x86, 0x7D, 0x89, 0x7C, 0x8C, 0x7B, 0x90, 0x7A, 0x91, 0x79, 0x92, 0x78, 
	0x93, 0x7A, 0x91, 0x7A, 0x90, 0x7A, 0x8E, 0x7B, 0x8D, 0x7C, 0x8C, 0x7C, 0x8C, 0x7D, 0x8D, 0x7B, 
	0x9B, 0x71, 0xA2, 0x6D, 0xA5, 0x68, 0xA9, 0x64, 0xAC, 0x63, 0xAD, 0x63, 0xAD, 0x64, 0xAD, 0x66, 
	0xA2, 0x65, 0xA2, 0x65, 0xA3, 0x66, 0xA4, 0x67, 0xA3, 0x68, 0xA2, 0x68, 0xA1, 0x69, 0xA0, 0x69, 
	0xA0, 0x6A, 0xA0, 0x6B, 0xA1, 0x6C, 0xA1, 0x6D, 0xA1, 0x6F, 0xA0, 0x70, 0x9F, 0x72, 0x9E, 0x71, 
	0x9E, 0x70, 0x9E, 0x70, 0x9F, 0x71, 0x9E, 0x72, 0x9D, 0x73, 0x9B, 0x73, 0x99, 0x74, 0x97, 0x75, 
	0x92, 0x78, 0x92, 0x78, 0x92, 0x79, 0x92, 0x79, 0x92, 0x7A, 0x90, 0x7B, 0x8E, 0x7B, 0x8D, 0x7B, 
	0x8E, 0x7B, 0x8D, 0x7B, 0x8C, 0x7B, 0x8C, 0x7B, 0x8B, 0x7B, 0x8C, 0x7B, 0x8D, 0x7B, 0x8E, 0x7B, 
	0x90, 0x78, 0x92, 0x78, 0x92, 0x79, 0x91, 0x7A, 0x90, 0x7B, 0x8E, 0x7C, 0x8C, 0x7C, 0x8B, 0x7C, 
	0x8C, 0x7A, 0x8C, 0x7A, 0x8D, 0x7A, 0x8E, 0x79, 0x8F, 0x79, 0x90, 0x78, 0x91, 0x78, 0x92, 0x78, 
	0x94, 0x76, 0x97, 0x76, 0x99, 0x75, 0x9A, 0x75, 0x9D, 0x74, 0x9E, 0x74, 0x9E, 0x73, 0x9E, 0x72, 
	0x9F, 0x71, 0x9F, 0x70, 0x9F, 0x70, 0xA0, 0x70, 0xA0, 0x70, 0xA1, 0x70, 0xA1, 0x70, 0xA1, 0x70, 
	0xA0, 0x70, 0x9F, 0x71, 0x9D, 0x72, 0x9C, 0x73, 0x9A, 0x74, 0x99, 0x75, 0x98, 0x76, 0x97, 0x76, 
	0x97, 0x77, 0x94, 0x78, 0x90, 0x7A, 0x8C, 0x7C, 0x89, 0x7D, 0x89, 0x7D, 0x8A, 0x7D, 0x8A, 0x7D, 
	0x89, 0x7F, 0x89, 0x7F, 0x88, 0x7E, 0x88, 0x7E, 0x89, 0x7E, 0x8A, 0x7D, 0x8C, 0x7D, 0x8C, 0x7C, 
	0x8B, 0x7D, 0x8B, 0x7C, 0x8E, 0x7B, 0x8F, 0x79, 0x91, 0x79, 0x91, 0x79, 0x91, 0x79, 0x8F, 0x7B, 
	0x8A, 0x7C, 0x89, 0x7C, 0x85, 0x7C, 0x85, 0x7C, 0x8B, 0x7A, 0x8E, 0x79, 0x90, 0x79, 0x92, 0x78, 
	0x94, 0x79, 0x94, 0x79, 0x93, 0x7A, 0x91, 0x7A, 0x90, 0x7B, 0x90, 0x7B, 0x91, 0x7B, 0x90, 0x7A, 
	0x97, 0x74, 0x9C, 0x71, 0xA2, 0x6D, 0xA7, 0x69, 0xAA, 0x67, 0xAA, 0x65, 0xA9, 0x64, 0xA8, 0x65, 
	0x9F, 0x67, 0xA0, 0x67, 0xA1, 0x67, 0xA3, 0x68, 0xA3, 0x67, 0xA3, 0x66, 0xA1, 0x67, 0xA1, 0x68, 
	0xA0, 0x69, 0xA0, 0x6B, 0xA1, 0x6C, 0xA1, 0x6D, 0xA0, 0x6F, 0xA0, 0x70, 0xA0, 0x72, 0x9E, 0x72, 
	0x9E, 0x70, 0x9E, 0x6F, 0x9F, 0x70, 0x9F, 0x71, 0x9E, 0x72, 0x9D, 0x72, 0x9B, 0x72, 0x99, 0x73, 
	0x97, 0x75, 0x97, 0x76, 0x97, 0x76, 0x97, 0x76, 0x95, 0x77, 0x94, 0x78, 0x92, 0x78, 0x91, 0x79, 
	0x90, 0x79, 0x90, 0x79, 0x8F, 0x79, 0x8E, 0x79, 0x8E, 0x79, 0x8F, 0x79, 0x90, 0x79, 0x91, 0x79, 
	0x93, 0x77, 0x95, 0x77, 0x95, 0x77, 0x95, 0x78, 0x94, 0x78, 0x92, 0x79, 0x91, 0x79, 0x8F, 0x7A, 
	0x8E, 0x7A, 0x8E, 0x7A, 0x8F, 0x7A, 0x90, 0x7A, 0x90, 0x79, 0x91, 0x79, 0x91, 0x79, 0x91, 0x79, 
	0x94, 0x77, 0x96, 0x77, 0x97, 0x76, 0x99, 0x75, 0x9A, 0x75, 0x9C, 0x74, 0x9D, 0x74, 0x9D, 0x73, 
	0x9D, 0x71, 0x9E, 0x71, 0x9E, 0x71, 0x9E, 0x71, 0x9F, 0x71, 0x9F, 0x71, 0xA0, 0x71, 0xA0, 0x71, 
	0x9E, 0x71, 0x9E, 0x72, 0x9D, 0x72, 0x9B, 0x73, 0x9A, 0x74, 0x99, 0x75, 0x98, 0x75, 0x97, 0x76, 
	0x96, 0x77, 0x92, 0x7A, 0x8D, 0x7C, 0x88, 0x7D, 0x86, 0x7E, 0x87, 0x7E, 0x8B, 0x7E, 0x8C, 0x7D, 
	0x8B, 0x7D, 0x8B, 0x7D, 0x8B, 0x7D, 0x8B, 0x7C, 0x8C, 0x7C, 0x8D, 0x7C, 0x8E, 0x7C, 0x8E, 0x7C, 
	0x8C, 0x7E, 0x8C, 0x7E, 0x8F, 0x7C, 0x90, 0x7A, 0x92, 0x79, 0x92, 0x78, 0x92, 0x79, 0x91, 0x79, 
	0x8E, 0x7A, 0x8C, 0x7B, 0x8C, 0x7B, 0x8D, 0x7A, 0x8E, 0x79, 0x91, 0x79, 0x92, 0x78, 0x95, 0x78, 
	0x97, 0x79, 0x97, 0x79, 0x96, 0x79, 0x94, 0x79, 0x94, 0x79, 0x94, 0x79, 0x94, 0x79, 0x94, 0x79, 
	0x95, 0x76, 0x98, 0x75, 0x9E, 0x71, 0xA5, 0x6E, 0xA9, 0x6A, 0xA9, 0x67, 0xA8, 0x65, 0xA6, 0x64, 
	0x9A, 0x6C, 0x9B, 0x6B, 0x9D, 0x6B, 0x9F, 0x6A, 0xA0, 0x6A, 0xA0, 0x6A, 0xA0, 0x68, 0x9F, 0x69, 
	0x9D, 0x6B, 0x9D, 0x6C, 0x9D, 0x6D, 0x9D, 0x6F, 0x9D, 0x70, 0x9D, 0x71, 0x9D, 0x72, 0x9D, 0x72, 
	0x9C, 0x70, 0x9D, 0x70, 0x9E, 0x70, 0x9F, 0x70, 0x9F, 0x71, 0x9D, 0x71, 0x9C, 0x71, 0x9B, 0x71, 
	0x99, 0x73, 0x99, 0x73, 0x9A, 0x74, 0x9A, 0x75, 0x99, 0x75, 0x96, 0x77, 0x93, 0x77, 0x92, 0x78, 
	0x92, 0x78, 0x92, 0x78, 0x91, 0x78, 0x90, 0x78, 0x90, 0x78, 0x91, 0x78, 0x91, 0x78, 0x92, 0x78, 
	0x94, 0x77, 0x95, 0x77, 0x95, 0x77, 0x95, 0x78, 0x94, 0x78, 0x92, 0x78, 0x91, 0x78, 0x90, 0x79, 
	0x90, 0x7A, 0x90, 0x7B, 0x90, 0x7B, 0x91, 0x7B, 0x91, 0x7B, 0x91, 0x7B, 0x91, 0x7B, 0x91, 0x7B, 
	0x92, 0x7A, 0x92, 0x78, 0x93, 0x78, 0x95, 0x77, 0x96, 0x76, 0x98, 0x76, 0x99, 0x75, 0x9A, 0x74, 
	0x9A, 0x73, 0x9B, 0x72, 0x9B, 0x72, 0x9B, 0x72, 0x9C, 0x72, 0x9C, 0x72, 0x9D, 0x72, 0x9D, 0x72, 
	0x9C, 0x72, 0x9C, 0x74, 0x9B, 0x73, 0x9A, 0x74, 0x98, 0x75, 0x97, 0x75, 0x97, 0x75, 0x97, 0x76, 
	0x95, 0x78, 0x92, 0x7A, 0x8D, 0x7C, 0x88, 0x7D, 0x87, 0x7D, 0x88, 0x7D, 0x8C, 0x7D, 0x8E, 0x7C, 
	0x8E, 0x7B, 0x8F, 0x7B, 0x8F, 0x7B, 0x90, 0x7B, 0x90, 0x7B, 0x90, 0x7B, 0x90, 0x7B, 0x90, 0x7C, 
	0x90, 0x7E, 0x91, 0x7E, 0x92, 0x7C, 0x94, 0x7A, 0x95, 0x79, 0x95, 0x78, 0x95, 0x78, 0x94, 0x79, 
	0x93, 0x79, 0x92, 0x7A, 0x92, 0x79, 0x92, 0x79, 0x93, 0x78, 0x95, 0x78, 0x98, 0x78, 0x98, 0x78, 
	0x98, 0x78, 0x98, 0x78, 0x98, 0x78, 0x98, 0x78, 0x98, 0x78, 0x97, 0x78, 0x97, 0x77, 0x96, 0x77, 
	0x93, 0x78, 0x96, 0x78, 0x9B, 0x75, 0xA1, 0x72, 0xA5, 0x6F, 0xA7, 0x6B, 0xA8, 0x68, 0xA8, 0x65, 
	0x94, 0x71, 0x96, 0x71, 0x98, 0x71, 0x99, 0x70, 0x9B, 0x6F, 0x9B, 0x6F, 0x9B, 0x6D, 0x9A, 0x6D, 
	0x99, 0x6F, 0x98, 0x71, 0x97, 0x71, 0x97, 0x72, 0x97, 0x73, 0x99, 0x73, 0x9A, 0x74, 0x9A, 0x74, 
	0x9A, 0x72, 0x9A, 0x71, 0x9C, 0x71, 0x9E, 0x71, 0x9E, 0x71, 0x9D, 0x71, 0x9C, 0x71, 0x9B, 0x71, 
	0x9A, 0x71, 0x9B, 0x72, 0x9B, 0x73, 0x9A, 0x74, 0x98, 0x75, 0x96, 0x76, 0x93, 0x77, 0x92, 0x77, 
	0x93, 0x77, 0x92, 0x77, 0x91, 0x77, 0x90, 0x77, 0x90, 0x77, 0x91, 0x77, 0x92, 0x77, 0x92, 0x78, 
	0x91, 0x79, 0x91, 0x79, 0x92, 0x79, 0x92, 0x79, 0x92, 0x79, 0x91, 0x79, 0x8F, 0x79, 0x8E, 0x7A, 
	0x8E, 0x7B, 0x8E, 0x7C, 0x8E, 0x7C, 0x8E, 0x7D, 0x8E, 0x7D, 0x8E, 0x7D, 0x8D, 0x7D, 0x8D, 0x7D, 
	0x8E, 0x7C, 0x8E, 0x7C, 0x8E, 0x7A, 0x8F, 0x7A, 0x91, 0x7A, 0x93, 0x79, 0x95, 0x78, 0x97, 0x76, 
	0x98, 0x75, 0x98, 0x74, 0x98, 0x75, 0x98, 0x75, 0x99, 0x74, 0x99, 0x74, 0x9A, 0x74, 0x9A, 0x74, 
	0x9A, 0x74, 0x99, 0x75, 0x99, 0x75, 0x99, 0x76, 0x98, 0x76, 0x96, 0x77, 0x95, 0x77, 0x96, 0x77, 
	0x94, 0x79, 0x92, 0x7A, 0x8F, 0x7B, 0x8C, 0x7C, 0x8C, 0x7C, 0x8D, 0x7C, 0x8F, 0x7C, 0x90, 0x7B, 
	0x90, 0x78, 0x92, 0x79, 0x92, 0x78, 0x93, 0x78, 0x93, 0x7A, 0x92, 0x7A, 0x91, 0x7A, 0x91, 0x7B, 
	0x92, 0x7C, 0x93, 0x7B, 0x95, 0x7A, 0x96, 0x78, 0x96, 0x77, 0x96, 0x77, 0x95, 0x78, 0x95, 0x79, 
	0x96, 0x78, 0x96, 0x78, 0x95, 0x78, 0x95, 0x78, 0x97, 0x78, 0x98, 0x78, 0x9A, 0x78, 0x9A, 0x78, 
	0x99, 0x77, 0x99, 0x77, 0x99, 0x77, 0x9A, 0x77, 0x9A, 0x76, 0x99, 0x76, 0x99, 0x75, 0x97, 0x76, 
	0x92, 0x79, 0x93, 0x7A, 0x95, 0x79, 0x99, 0x76, 0x9E, 0x73, 0xA2, 0x6F, 0xA6, 0x6A, 0xA9, 0x67, 
	0x8F, 0x76, 0x91, 0x75, 0x92, 0x75, 0x94, 0x75, 0x94, 0x74, 0x94, 0x74, 0x94, 0x74, 0x93, 0x74, 
	0x93, 0x75, 0x92, 0x76, 0x92, 0x76, 0x91, 0x76, 0x92, 0x76, 0x94, 0x75, 0x95, 0x75, 0x96, 0x75, 
	0x98, 0x73, 0x99, 0x72, 0x9A, 0x72, 0x9C, 0x72, 0x9D, 0x72, 0x9D, 0x72, 0x9C, 0x72, 0x9B, 0x71, 
	0x9A, 0x71, 0x9A, 0x71, 0x9A, 0x73, 0x9A, 0x74, 0x98, 0x75, 0x95, 0x76, 0x93, 0x77, 0x92, 0x78, 
	0x93, 0x78, 0x92, 0x78, 0x91, 0x78, 0x90, 0x78, 0x90, 0x78, 0x91, 0x78, 0x92, 0x78, 0x92, 0x79, 
	0x8D, 0x7B, 0x8C, 0x7B, 0x8D, 0x7B, 0x8E, 0x7B, 0x8E, 0x7B, 0x8D, 0x7B, 0x8B, 0x7B, 0x8A, 0x7B, 
	0x89, 0x7D, 0x89, 0x7D, 0x89, 0x7E, 0x88, 0x7F, 0x87, 0x7F, 0x87, 0x80, 0x86, 0x80, 0x86, 0x80, 
	0x89, 0x7E, 0x8A, 0x7D, 0x89, 0x7D, 0x89, 0x7D, 0x8B, 0x7C, 0x8E, 0x7A, 0x91, 0x7A, 0x93, 0x79, 
	0x94, 0x77, 0x95, 0x76, 0x96, 0x76, 0x96, 0x76, 0x96, 0x76, 0x97, 0x76, 0x97, 0x76, 0x98, 0x76, 
	0x98, 0x77, 0x97, 0x76, 0x97, 0x76, 0x97, 0x77, 0x96, 0x77, 0x94, 0x78, 0x94, 0x78, 0x94, 0x78, 
	0x92, 0x78, 0x92, 0x79, 0x92, 0x7A, 0x92, 0x7C, 0x91, 0x7C, 0x90, 0x7C, 0x90, 0x7B, 0x91, 0x79, 
	0x92, 0x76, 0x94, 0x76, 0x95, 0x77, 0x96, 0x78, 0x96, 0x78, 0x95, 0x79, 0x93, 0x79, 0x92, 0x79, 
	0x92, 0x79, 0x93, 0x79, 0x94, 0x77, 0x95, 0x76, 0x94, 0x76, 0x93, 0x77, 0x91, 0x78, 0x92, 0x78, 
	0x96, 0x77, 0x96, 0x77, 0x95, 0x77, 0x95, 0x77, 0x96, 0x77, 0x98, 0x77, 0x99, 0x77, 0x99, 0x77, 
	0x99, 0x77, 0x99, 0x77, 0x9A, 0x76, 0x9B, 0x75, 0x9B, 0x75, 0x9A, 0x75, 0x99, 0x75, 0x97, 0x76, 
	0x8F, 0x79, 0x8D, 0x7B, 0x8D, 0x7C, 0x8D, 0x7A, 0x93, 0x77, 0x9A, 0x73, 0xA2, 0x6D, 0xA7, 0x6A, 
	0x8E, 0x79, 0x8F, 0x79, 0x90, 0x79, 0x90, 0x79, 0x91, 0x78, 0x91, 0x78, 0x91, 0x78, 0x91, 0x78, 
	0x90, 0x78, 0x8F, 0x78, 0x8E, 0x78, 0x8D, 0x78, 0x8E, 0x77, 0x8F, 0x77, 0x91, 0x77, 0x92, 0x76, 
	0x95, 0x74, 0x96, 0x74, 0x98, 0x74, 0x99, 0x74, 0x9A, 0x74, 0x9B, 0x73, 0x9B, 0x72, 0x9B, 0x72, 
	0x9A, 0x72, 0x9A, 0x72, 0x9A, 0x73, 0x99, 0x74, 0x96, 0x75, 0x93, 0x78, 0x91, 0x79, 0x90, 0x79, 
	0x90, 0x79, 0x90, 0x79, 0x8F, 0x79, 0x8E, 0x79, 0x8E, 0x79, 0x90, 0x79, 0x91, 0x79, 0x90, 0x7A, 
	0x8A, 0x7D, 0x8A, 0x7D, 0x8B, 0x7C, 0x8B, 0x7C, 0x8B, 0x7C, 0x8A, 0x7C, 0x89, 0x7B, 0x88, 0x7B, 
	0x86, 0x7D, 0x85, 0x7E, 0x83, 0x7F, 0x83, 0x7F, 0x81, 0x80, 0x81, 0x80, 0x81, 0x80, 0x82, 0x81, 
	0x86, 0x80, 0x86, 0x7F, 0x86, 0x7F, 0x86, 0x7E, 0x88, 0x7C, 0x8B, 0x7C, 0x8E, 0x7C, 0x90, 0x7B, 
	0x91, 0x78, 0x92, 0x77, 0x93, 0x77, 0x93, 0x77, 0x93, 0x78, 0x93, 0x78, 0x94, 0x78, 0x94, 0x78, 
	0x94, 0x79, 0x94, 0x79, 0x94, 0x79, 0x94, 0x7A, 0x92, 0x7A, 0x92, 0x7A, 0x92, 0x79, 0x91, 0x79, 
	0x91, 0x79, 0x92, 0x79, 0x94, 0x7A, 0x95, 0x7A, 0x95, 0x7A, 0x93, 0x7A, 0x91, 0x79, 0x91, 0x78, 
	0x94, 0x75, 0x96, 0x75, 0x97, 0x76, 0x97, 0x76, 0x97, 0x76, 0x95, 0x78, 0x93, 0x79, 0x92, 0x78, 
	0x92, 0x77, 0x93, 0x75, 0x93, 0x75, 0x93, 0x75, 0x91, 0x76, 0x8F, 0x77, 0x8C, 0x79, 0x8B, 0x79, 
	0x94, 0x77, 0x95, 0x77, 0x93, 0x77, 0x93, 0x77, 0x94, 0x77, 0x95, 0x77, 0x96, 0x77, 0x97, 0x77, 
	0x97, 0x77, 0x99, 0x77, 0x9A, 0x76, 0x9A, 0x75, 0x9B, 0x75, 0x9A, 0x75, 0x99, 0x75, 0x96, 0x76, 
	0x8D, 0x7A, 0x86, 0x7C, 0x87, 0x7D, 0x85, 0x7D, 0x8B, 0x7A, 0x96, 0x75, 0x9E, 0x6F, 0xA4, 0x6C, 
	0x8F, 0x7C, 0x8A, 0x7C, 0x8A, 0x7C, 0x8B, 0x7B, 0x8C, 0x7A, 0x8F, 0x79, 0x91, 0x77, 0x92, 0x77, 
	0x8E, 0x77, 0x8D, 0x77, 0x8C, 0x77, 0x8C, 0x78, 0x8C, 0x78, 0x8B, 0x78, 0x8B, 0x77, 0x8C, 0x77, 
	0x8D, 0x78, 0x8F, 0x79, 0x90, 0x79, 0x91, 0x79, 0x93, 0x77, 0x96, 0x75, 0x98, 0x72, 0x99, 0x72, 
	0x99, 0x74, 0x99, 0x75, 0x98, 0x75, 0x96, 0x75, 0x93, 0x77, 0x90, 0x79, 0x8C, 0x7B, 0x8B, 0x7C, 
	0x89, 0x7D, 0x87, 0x7D, 0x88, 0x7D, 0x86, 0x7D, 0x85, 0x7D, 0x8B, 0x7C, 0x8C, 0x7C, 0x8D, 0x7C, 
	0x8B, 0x7D, 0x8B, 0x7D, 0x8B, 0x7C, 0x8B, 0x7C, 0x8B, 0x7B, 0x8B, 0x7A, 0x8B, 0x7A, 0x8A, 0x7A, 
	0x89, 0x7D, 0x88, 0x7E, 0x86, 0x7E, 0x85, 0x7F, 0x84, 0x7F, 0x82, 0x7F, 0x80, 0x80, 0x82, 0x80, 
	0x85, 0x80, 0x85, 0x80, 0x85, 0x7F, 0x86, 0x7F, 0x88, 0x7E, 0x8B, 0x7C, 0x8D, 0x7C, 0x8F, 0x7B, 
	0x90, 0x78, 0x90, 0x77, 0x90, 0x78, 0x8F, 0x79, 0x8F, 0x7A, 0x8E, 0x7B, 0x8E, 0x7B, 0x8E, 0x7C, 
	0x8D, 0x7C, 0x8D, 0x7C, 0x8F, 0x7C, 0x90, 0x7C, 0x91, 0x7B, 0x91, 0x7B, 0x90, 0x7A, 0x8E, 0x7A, 
	0x8D, 0x7B, 0x8F, 0x7B, 0x92, 0x7A, 0x95, 0x78, 0x95, 0x78, 0x93, 0x78, 0x90, 0x79, 0x90, 0x78, 
	0x94, 0x75, 0x96, 0x74, 0x97, 0x74, 0x96, 0x75, 0x95, 0x76, 0x93, 0x78, 0x90, 0x7A, 0x90, 0x7A, 
	0x95, 0x72, 0x97, 0x71, 0x95, 0x73, 0x92, 0x75, 0x8E, 0x77, 0x89, 0x78, 0x8B, 0x79, 0x90, 0x79, 
	0x94, 0x78, 0x95, 0x78, 0x95, 0x78, 0x94, 0x78, 0x95, 0x78, 0x95, 0x78, 0x95, 0x77, 0x95, 0x77, 
	0x97, 0x76, 0x97, 0x75, 0x99, 0x75, 0x99, 0x75, 0x99, 0x75, 0x97, 0x76, 0x96, 0x77, 0x93, 0x79, 
	0x8E, 0x7B, 0x88, 0x7E, 0x88, 0x7E, 0x89, 0x7D, 0x8D, 0x7A, 0x94, 0x75, 0x9B, 0x70, 0xA1, 0x6D, 
	0x88, 0x7B, 0x87, 0x7B, 0x85, 0x7B, 0x83, 0x7A, 0x84, 0x79, 0x87, 0x77, 0x89, 0x77, 0x8D, 0x77, 
	0x91, 0x77, 0x91, 0x77, 0x91, 0x78, 0x91, 0x78, 0x91, 0x78, 0x91, 0x78, 0x91, 0x78, 0x90, 0x78, 
	0x8F, 0x79, 0x8E, 0x79, 0x8F, 0x7A, 0x90, 0x7A, 0x91, 0x79, 0x92, 0x77, 0x94, 0x75, 0x95, 0x74, 
	0x95, 0x76, 0x95, 0x77, 0x95, 0x76, 0x93, 0x76, 0x92, 0x78, 0x90, 0x7A, 0x8D, 0x7B, 0x8B, 0x7C, 
	0x89, 0x7D, 0x88, 0x7E, 0x87, 0x7E, 0x87, 0x7D, 0x87, 0x7D, 0x8A, 0x7D, 0x8B, 0x7C, 0x8C, 0x7C, 
	0x8C, 0x7C, 0x8C, 0x7C, 0x8C, 0x7C, 0x8B, 0x7C, 0x8B, 0x7B, 0x8C, 0x7A, 0x8C, 0x7A, 0x8B, 0x7B, 
	0x8A, 0x7E, 0x89, 0x7E, 0x88, 0x7E, 0x86, 0x7F, 0x85, 0x7F, 0x82, 0x80, 0x81, 0x80, 0x83, 0x7F, 
	0x87, 0x7E, 0x88, 0x7E, 0x88, 0x7D, 0x89, 0x7D, 0x8A, 0x7C, 0x8D, 0x7B, 0x8F, 0x7A, 0x90, 0x7A, 
	0x90, 0x79, 0x8E, 0x78, 0x8E, 0x7A, 0x8E, 0x7B, 0x8D, 0x7C, 0x8D, 0x7C, 0x8C, 0x7C, 0x8B, 0x7E, 
	0x8A, 0x7E, 0x8B, 0x7D, 0x8C, 0x7C, 0x8F, 0x7C, 0x90, 0x7C, 0x8F, 0x7C, 0x8E, 0x7B, 0x8C, 0x7C, 
	0x8A, 0x7D, 0x8C, 0x7C, 0x8F, 0x7B, 0x91, 0x7A, 0x91, 0x7A, 0x90, 0x7A, 0x8C, 0x7B, 0x88, 0x7B, 
	0x8C, 0x7A, 0x8E, 0x79, 0x8E, 0x78, 0x8C, 0x79, 0x8A, 0x7A, 0x8A, 0x7C, 0x88, 0x7E, 0x8A, 0x7D, 
	0x91, 0x74, 0x93, 0x73, 0x93, 0x76, 0x8E, 0x78, 0x8A, 0x7A, 0x8B, 0x7A, 0x8E, 0x7A, 0x92, 0x7A, 
	0x97, 0x79, 0x97, 0x78, 0x97, 0x78, 0x98, 0x77, 0x97, 0x77, 0x97, 0x76, 0x96, 0x76, 0x96, 0x76, 
	0x97, 0x76, 0x98, 0x75, 0x99, 0x75, 0x99, 0x75, 0x98, 0x75, 0x97, 0x76, 0x95, 0x78, 0x93, 0x7A, 
	0x8F, 0x7C, 0x8C, 0x7C, 0x8A, 0x7E, 0x8A, 0x7D, 0x8D, 0x7B, 0x92, 0x76, 0x97, 0x72, 0x9B, 0x6F, 
	0x8D, 0x7A, 0x8C, 0x7A, 0x89, 0x79, 0x89, 0x79, 0x89, 0x77, 0x8A, 0x77, 0x8C, 0x77, 0x8F, 0x76, 
	0x91, 0x78, 0x92, 0x79, 0x92, 0x79, 0x92, 0x78, 0x92, 0x78, 0x92, 0x78, 0x92, 0x79, 0x92, 0x79, 
	0x91, 0x78, 0x91, 0x78, 0x91, 0x79, 0x91, 0x7A, 0x91, 0x7A, 0x90, 0x79, 0x8F, 0x78, 0x8F, 0x79, 
	0x8F, 0x7A, 0x8F, 0x7A, 0x91, 0x7A, 0x91, 0x78, 0x91, 0x78, 0x91, 0x79, 0x90, 0x7B, 0x8E, 0x7C, 
	0x8C, 0x7C, 0x8A, 0x7C, 0x89, 0x7C, 0x89, 0x7C, 0x8A, 0x7C, 0x8B, 0x7C, 0x8C, 0x7C, 0x8C, 0x7C, 
	0x8B, 0x7C, 0x8B, 0x7C, 0x8B, 0x7C, 0x8B, 0x7C, 0x8B, 0x7C, 0x8C, 0x7C, 0x8C, 0x7B, 0x8B, 0x7C, 
	0x89, 0x7E, 0x88, 0x7E, 0x87, 0x7F, 0x86, 0x7F, 0x84, 0x7F, 0x84, 0x80, 0x82, 0x80, 0x83, 0x7F, 
	0x88, 0x7D, 0x8A, 0x7C, 0x89, 0x7C, 0x89, 0x7C, 0x8B, 0x7B, 0x8E, 0x79, 0x90, 0x79, 0x91, 0x79, 
	0x8F, 0x7A, 0x8D, 0x7A, 0x8D, 0x7B, 0x8D, 0x7B, 0x8C, 0x7C, 0x8C, 0x7E, 0x8C, 0x7E, 0x8B, 0x7E, 
	0x8A, 0x7D, 0x8C, 0x7C, 0x8C, 0x7C, 0x8E, 0x7C, 0x8E, 0x7C, 0x8E, 0x7C, 0x8D, 0x7C, 0x8B, 0x7C, 
	0x88, 0x7E, 0x88, 0x7F, 0x8A, 0x7E, 0x8C, 0x7C, 0x8B, 0x7C, 0x8A, 0x7D, 0x89, 0x7D, 0x86, 0x7E, 
	0x85, 0x7F, 0x85, 0x7F, 0x85, 0x7E, 0x86, 0x7D, 0x85, 0x7E, 0x83, 0x80, 0x82, 0x82, 0x82, 0x80, 
	0x89, 0x7A, 0x8B, 0x7A, 0x8C, 0x7B, 0x87, 0x7C, 0x85, 0x7D, 0x89, 0x7D, 0x8E, 0x7C, 0x93, 0x7A, 
	0x98, 0x77, 0x99, 0x76, 0x99, 0x76, 0x99, 0x75, 0x99, 0x75, 0x99, 0x75, 0x99, 0x74, 0x98, 0x74, 
	0x98, 0x75, 0x99, 0x75, 0x99, 0x75, 0x9A, 0x75, 0x99, 0x75, 0x99, 0x75, 0x98, 0x77, 0x95, 0x78, 
	0x90, 0x7A, 0x8D, 0x7B, 0x8C, 0x7C, 0x8B, 0x7C, 0x8C, 0x7C, 0x8F, 0x79, 0x93, 0x75, 0x95, 0x74, 
	0x93, 0x7B, 0x92, 0x7B, 0x91, 0x7B, 0x8F, 0x7A, 0x8F, 0x79, 0x90, 0x78, 0x91, 0x78, 0x91, 0x78, 
	0x8D, 0x7A, 0x8C, 0x7A, 0x8D, 0x79, 0x8E, 0x78, 0x8F, 0x77, 0x8F, 0x78, 0x90, 0x78, 0x90, 0x79, 
	0x91, 0x77, 0x92, 0x77, 0x92, 0x78, 0x91, 0x7A, 0x90, 0x7B, 0x8D, 0x7C, 0x8B, 0x7B, 0x8A, 0x7C, 
	0x89, 0x7D, 0x8B, 0x7D, 0x8D, 0x7C, 0x8F, 0x7A, 0x91, 0x79, 0x91, 0x79, 0x91, 0x79, 0x90, 0x7A, 
	0x8E, 0x7B, 0x8C, 0x7B, 0x8C, 0x7C, 0x8C, 0x7C, 0x8C, 0x7C, 0x8C, 0x7C, 0x8C, 0x7C, 0x8C, 0x7C, 
	0x89, 0x7C, 0x89, 0x7C, 0x89, 0x7C, 0x8B, 0x7C, 0x8B, 0x7C, 0x8C, 0x7C, 0x8C, 0x7C, 0x8C, 0x7C, 
	0x8A, 0x7D, 0x88, 0x7E, 0x88, 0x7E, 0x87, 0x7F, 0x85, 0x7F, 0x85, 0x7F, 0x84, 0x80, 0x84, 0x7F, 
	0x88, 0x7E, 0x89, 0x7D, 0x88, 0x7D, 0x88, 0x7C, 0x8A, 0x7C, 0x8D, 0x7A, 0x8F, 0x7A, 0x90, 0x7A, 
	0x8E, 0x7B, 0x8D, 0x7B, 0x8D, 0x7B, 0x8D, 0x7C, 0x8D, 0x7C, 0x8D, 0x7C, 0x8D, 0x7D, 0x8C, 0x7D, 
	0x8D, 0x7C, 0x8D, 0x7C, 0x8D, 0x7C, 0x8D, 0x7C, 0x8E, 0x7B, 0x8D, 0x7B, 0x8D, 0x7B, 0x8C, 0x7C, 
	0x87, 0x7E, 0x86, 0x7F, 0x87, 0x7F, 0x87, 0x7E, 0x86, 0x7E, 0x84, 0x7E, 0x85, 0x7F, 0x85, 0x80, 
	0x83, 0x81, 0x83, 0x81, 0x85, 0x7F, 0x86, 0x7F, 0x85, 0x7F, 0x84, 0x80, 0x82, 0x81, 0x81, 0x81, 
	0x82, 0x7F, 0x84, 0x7F, 0x86, 0x80, 0x85, 0x80, 0x85, 0x80, 0x88, 0x7F, 0x8D, 0x7E, 0x93, 0x7B, 
	0x98, 0x76, 0x99, 0x75, 0x99, 0x75, 0x99, 0x75, 0x99, 0x75, 0x99, 0x74, 0x99, 0x74, 0x99, 0x74, 
	0x99, 0x76, 0x99, 0x76, 0x9A, 0x75, 0x9A, 0x73, 0x9A, 0x74, 0x99, 0x75, 0x99, 0x76, 0x97, 0x77, 
	0x94, 0x77, 0x92, 0x79, 0x90, 0x7B, 0x8E, 0x7C, 0x8E, 0x7C, 0x8E, 0x7B, 0x90, 0x79, 0x91, 0x78, 
	0x90, 0x7C, 0x8F, 0x7C, 0x8E, 0x7C, 0x8D, 0x7C, 0x8B, 0x7B, 0x8B, 0x7B, 0x8C, 0x7B, 0x8C, 0x7B, 
	0x8A, 0x7B, 0x8C, 0x7A, 0x8D, 0x78, 0x8E, 0x76, 0x90, 0x76, 0x91, 0x76, 0x91, 0x77, 0x91, 0x77, 
	0x91, 0x77, 0x92, 0x77, 0x91, 0x77, 0x91, 0x79, 0x8F, 0x7B, 0x8C, 0x7C, 0x89, 0x7D, 0x85, 0x7E, 
	0x86, 0x7F, 0x88, 0x7E, 0x8B, 0x7C, 0x8E, 0x7A, 0x90, 0x79, 0x91, 0x78, 0x92, 0x78, 0x92, 0x78, 
	0x8F, 0x79, 0x8F, 0x7A, 0x8F, 0x7B, 0x8E, 0x7B, 0x8D, 0x7C, 0x8C, 0x7C, 0x8C, 0x7C, 0x8B, 0x7C, 
	0x89, 0x7C, 0x89, 0x7C, 0x89, 0x7C, 0x8A, 0x7C, 0x8B, 0x7C, 0x8C, 0x7B, 0x8C, 0x7B, 0x8C, 0x7B, 
	0x8A, 0x7C, 0x8A, 0x7D, 0x89, 0x7D, 0x88, 0x7E, 0x88, 0x7E, 0x87, 0x7D, 0x86, 0x7F, 0x86, 0x7F, 
	0x86, 0x7F, 0x86, 0x80, 0x86, 0x7F, 0x87, 0x7E, 0x88, 0x7D, 0x8B, 0x7C, 0x8D, 0x7C, 0x8F, 0x7C, 
	0x8F, 0x7A, 0x8F, 0x7A, 0x8F, 0x7A, 0x8F, 0x7A, 0x8F, 0x7B, 0x8F, 0x7B, 0x90, 0x7B, 0x90, 0x7B, 
	0x90, 0x79, 0x90, 0x79, 0x8F, 0x79, 0x8F, 0x7A, 0x8F, 0x7A, 0x8F, 0x7A, 0x8F, 0x7A, 0x8E, 0x7B, 
	0x89, 0x7D, 0x86, 0x7F, 0x85, 0x80, 0x84, 0x80, 0x84, 0x7F, 0x83, 0x7F, 0x85, 0x7F, 0x86, 0x7F, 
	0x89, 0x7F, 0x8A, 0x7E, 0x8B, 0x7D, 0x8C, 0x7D, 0x8A, 0x7D, 0x89, 0x7D, 0x87, 0x7F, 0x84, 0x80, 
	0x81, 0x81, 0x81, 0x82, 0x83, 0x83, 0x82, 0x83, 0x82, 0x82, 0x86, 0x80, 0x8B, 0x7E, 0x91, 0x7C, 
	0x95, 0x77, 0x96, 0x75, 0x97, 0x76, 0x97, 0x76, 0x98, 0x75, 0x98, 0x75, 0x98, 0x74, 0x98, 0x74, 
	0x98, 0x77, 0x98, 0x76, 0x99, 0x75, 0x9A, 0x73, 0x9A, 0x73, 0x9A, 0x75, 0x99, 0x75, 0x99, 0x76, 
	0x98, 0x76, 0x97, 0x78, 0x95, 0x79, 0x92, 0x7B, 0x91, 0x7B, 0x90, 0x7B, 0x8C, 0x7B, 0x8E, 0x7B, 
	0x8F, 0x7A, 0x8E, 0x7A, 0x8D, 0x79, 0x8B, 0x7A, 0x8A, 0x7A, 0x89, 0x7A, 0x89, 0x79, 0x89, 0x7A, 
	0x87, 0x7B, 0x8C, 0x79, 0x8F, 0x76, 0x91, 0x74, 0x92, 0x73, 0x93, 0x74, 0x95, 0x76, 0x94, 0x77, 
	0x90, 0x77, 0x90, 0x77, 0x90, 0x76, 0x90, 0x77, 0x8E, 0x79, 0x8B, 0x7A, 0x88, 0x7D, 0x84, 0x7F, 
	0x84, 0x7F, 0x89, 0x7D, 0x8B, 0x7C, 0x8E, 0x79, 0x90, 0x77, 0x91, 0x77, 0x91, 0x77, 0x91, 0x77, 
	0x90, 0x78, 0x90, 0x78, 0x90, 0x79, 0x8F, 0x7A, 0x8E, 0x7B, 0x8C, 0x7C, 0x8B, 0x7C, 0x89, 0x7C, 
	0x88, 0x7D, 0x88, 0x7D, 0x89, 0x7D, 0x89, 0x7C, 0x8A, 0x7B, 0x8C, 0x7A, 0x8D, 0x7A, 0x8D, 0x7A, 
	0x8B, 0x7B, 0x8B, 0x7B, 0x8B, 0x7B, 0x8A, 0x7C, 0x8A, 0x7C, 0x8A, 0x7C, 0x8A, 0x7D, 0x89, 0x7D, 
	0x87, 0x7F, 0x87, 0x7F, 0x86, 0x7F, 0x88, 0x7E, 0x89, 0x7D, 0x8C, 0x7C, 0x8E, 0x7B, 0x90, 0x7A, 
	0x91, 0x78, 0x92, 0x77, 0x92, 0x77, 0x92, 0x77, 0x93, 0x77, 0x93, 0x77, 0x93, 0x77, 0x94, 0x77, 
	0x95, 0x76, 0x94, 0x76, 0x93, 0x76, 0x92, 0x77, 0x92, 0x77, 0x92, 0x77, 0x92, 0x78, 0x92, 0x79, 
	0x8E, 0x7B, 0x8C, 0x7C, 0x89, 0x7E, 0x84, 0x7F, 0x85, 0x7E, 0x88, 0x7E, 0x89, 0x7E, 0x8A, 0x7D, 
	0x8E, 0x7C, 0x90, 0x7B, 0x90, 0x7A, 0x90, 0x79, 0x8E, 0x7A, 0x8C, 0x7C, 0x8A, 0x7D, 0x87, 0x7E, 
	0x81, 0x82, 0x81, 0x83, 0x82, 0x83, 0x82, 0x83, 0x82, 0x82, 0x84, 0x80, 0x8A, 0x7F, 0x90, 0x7D, 
	0x91, 0x7A, 0x91, 0x78, 0x92, 0x78, 0x92, 0x78, 0x93, 0x77, 0x94, 0x77, 0x94, 0x76, 0x95, 0x77, 
	0x96, 0x77, 0x97, 0x76, 0x99, 0x75, 0x99, 0x74, 0x9A, 0x73, 0x99, 0x74, 0x99, 0x75, 0x98, 0x75, 
	0x99, 0x75, 0x99, 0x76, 0x97, 0x77, 0x94, 0x78, 0x92, 0x79, 0x8F, 0x7A, 0x8D, 0x7B, 0x8B, 0x7B, 
	0x88, 0x74, 0x88, 0x74, 0x87, 0x74, 0x86, 0x74, 0x84, 0x75, 0x82, 0x75, 0x81, 0x74, 0x82, 0x76, 
	0x84, 0x79, 0x86, 0x78, 0x87, 0x75, 0x89, 0x72, 0x8B, 0x72, 0x8D, 0x73, 0x8F, 0x74, 0x8F, 0x75, 
	0x8D, 0x77, 0x8D, 0x76, 0x8F, 0x76, 0x90, 0x76, 0x90, 0x77, 0x8C, 0x79, 0x89, 0x7B, 0x87, 0x7D, 
	0x89, 0x7D, 0x8B, 0x7C, 0x8D, 0x7B, 0x8F, 0x78, 0x91, 0x77, 0x91, 0x77, 0x91, 0x77, 0x91, 0x77, 
	0x90, 0x77, 0x8F, 0x77, 0x90, 0x78, 0x8F, 0x79, 0x8E, 0x7A, 0x8B, 0x7B, 0x89, 0x7C, 0x88, 0x7D, 
	0x87, 0x80, 0x88, 0x80, 0x89, 0x7E, 0x8A, 0x7C, 0x8B, 0x7B, 0x8D, 0x7A, 0x8E, 0x78, 0x8E, 0x78, 
	0x8D, 0x79, 0x8D, 0x7A, 0x8D, 0x7A, 0x8D, 0x7A, 0x8D, 0x7B, 0x8D, 0x7B, 0x8C, 0x7B, 0x8C, 0x7C, 
	0x8B, 0x7C, 0x8B, 0x7C, 0x8A, 0x7B, 0x8B, 0x7B, 0x8D, 0x7A, 0x8F, 0x78, 0x91, 0x78, 0x93, 0x76, 
	0x94, 0x74, 0x95, 0x75, 0x96, 0x74, 0x96, 0x74, 0x97, 0x74, 0x98, 0x74, 0x98, 0x73, 0x98, 0x73, 
	0x99, 0x74, 0x99, 0x74, 0x96, 0x74, 0x95, 0x74, 0x95, 0x76, 0x95, 0x76, 0x96, 0x75, 0x96, 0x76, 
	0x94, 0x78, 0x91, 0x7A, 0x8E, 0x7B, 0x8B, 0x7D, 0x89, 0x7D, 0x8B, 0x7D, 0x8D, 0x7B, 0x8E, 0x7B, 
	0x90, 0x7B, 0x91, 0x79, 0x91, 0x79, 0x8F, 0x79, 0x8D, 0x7A, 0x8B, 0x7C, 0x88, 0x7E, 0x85, 0x81, 
	0x83, 0x81, 0x83, 0x81, 0x83, 0x82, 0x83, 0x82, 0x82, 0x81, 0x83, 0x7F, 0x89, 0x7E, 0x8D, 0x7C, 
	0x8C, 0x7B, 0x8C, 0x7B, 0x8C, 0x7B, 0x8E, 0x7B, 0x8F, 0x7B, 0x90, 0x7A, 0x90, 0x7A, 0x91, 0x79, 
	0x94, 0x78, 0x96, 0x76, 0x98, 0x74, 0x99, 0x73, 0x9A, 0x73, 0x99, 0x73, 0x99, 0x73, 0x98, 0x75, 
	0x96, 0x75, 0x96, 0x75, 0x95, 0x75, 0x93, 0x76, 0x90, 0x77, 0x8C, 0x78, 0x88, 0x79, 0x86, 0x79, 
	0x75, 0x6E, 0x74, 0x6E, 0x73, 0x6E, 0x72, 0x6F, 0x70, 0x6F, 0x6E, 0x6F, 0x6C, 0x6F, 0x6D, 0x70, 
	0x72, 0x75, 0x74, 0x76, 0x75, 0x72, 0x77, 0x6F, 0x79, 0x6F, 0x7B, 0x6F, 0x7C, 0x70, 0x7D, 0x72, 
	0x82, 0x74, 0x85, 0x74, 0x87, 0x73, 0x89, 0x73, 0x89, 0x74, 0x88, 0x76, 0x86, 0x78, 0x85, 0x79, 
	0x89, 0x7A, 0x8B, 0x79, 0x8D, 0x77, 0x8E, 0x76, 0x8F, 0x75, 0x90, 0x75, 0x8F, 0x76, 0x8F, 0x76, 
	0x90, 0x77, 0x90, 0x77, 0x8F, 0x78, 0x8E, 0x78, 0x8C, 0x79, 0x88, 0x79, 0x86, 0x7A, 0x83, 0x7B, 
	0x81, 0x7D, 0x82, 0x7D, 0x83, 0x7C, 0x84, 0x7A, 0x85, 0x78, 0x87, 0x76, 0x89, 0x74, 0x8A, 0x74, 
	0x8B, 0x76, 0x8C, 0x76, 0x8B, 0x76, 0x8B, 0x76, 0x8B, 0x77, 0x8B, 0x77, 0x8B, 0x78, 0x8C, 0x77, 
	0x8D, 0x76, 0x8D, 0x76, 0x8D, 0x76, 0x8F, 0x75, 0x91, 0x74, 0x93, 0x74, 0x97, 0x73, 0x98, 0x73, 
	0x98, 0x72, 0x98, 0x72, 0x99, 0x71, 0x99, 0x71, 0x9A, 0x71, 0x9A, 0x72, 0x99, 0x71, 0x9A, 0x71, 
	0x9C, 0x71, 0x9B, 0x72, 0x99, 0x73, 0x97, 0x73, 0x96, 0x75, 0x96, 0x75, 0x97, 0x75, 0x98, 0x75, 
	0x97, 0x76, 0x94, 0x77, 0x92, 0x78, 0x8F, 0x7A, 0x8D, 0x7B, 0x8E, 0x7B, 0x90, 0x79, 0x90, 0x79, 
	0x8F, 0x7A, 0x8D, 0x7B, 0x8D, 0x7B, 0x8B, 0x7B, 0x89, 0x7D, 0x86, 0x7E, 0x83, 0x81, 0x81, 0x82, 
	0x83, 0x81, 0x85, 0x81, 0x85, 0x81, 0x84, 0x81, 0x83, 0x81, 0x84, 0x80, 0x89, 0x7E, 0x8C, 0x7D, 
	0x89, 0x7D, 0x88, 0x7D, 0x89, 0x7D, 0x89, 0x7D, 0x87, 0x7E, 0x89, 0x7D, 0x8B, 0x7D, 0x8D, 0x7C, 
	0x91, 0x78, 0x93, 0x76, 0x94, 0x75, 0x95, 0x74, 0x95, 0x74, 0x94, 0x74, 0x93, 0x74, 0x91, 0x75, 
	0x8A, 0x75, 0x89, 0x75, 0x89, 0x75, 0x88, 0x75, 0x85, 0x76, 0x81, 0x77, 0x7E, 0x78, 0x7D, 0x78, 
	0x5C, 0x68, 0x5B, 0x69, 0x5B, 0x68, 0x5A, 0x68, 0x58, 0x68, 0x55, 0x68, 0x54, 0x68, 0x54, 0x69, 
	0x59, 0x6A, 0x5A, 0x6B, 0x5B, 0x6A, 0x5C, 0x6A, 0x5D, 0x69, 0x5E, 0x69, 0x5E, 0x6A, 0x60, 0x6A, 
	0x64, 0x6C, 0x66, 0x6C, 0x68, 0x6B, 0x6B, 0x6C, 0x6E, 0x6B, 0x70, 0x6C, 0x72, 0x6C, 0x74, 0x6D, 
	0x7B, 0x6E, 0x7D, 0x6F, 0x7E, 0x70, 0x81, 0x71, 0x82, 0x72, 0x84, 0x72, 0x85, 0x74, 0x86, 0x74, 
	0x8B, 0x74, 0x8B, 0x74, 0x88, 0x74, 0x84, 0x73, 0x7F, 0x72, 0x79, 0x72, 0x75, 0x72, 0x70, 0x71, 
	0x6A, 0x6F, 0x69, 0x6E, 0x69, 0x6E, 0x6A, 0x6D, 0x6B, 0x6D, 0x6E, 0x6D, 0x71, 0x6D, 0x74, 0x6D, 
	0x78, 0x6E, 0x79, 0x6E, 0x79, 0x6E, 0x79, 0x6E, 0x79, 0x6E, 0x79, 0x6E, 0x79, 0x6F, 0x7A, 0x6F, 
	0x80, 0x6F, 0x81, 0x6F, 0x82, 0x6F, 0x84, 0x6E, 0x88, 0x6E, 0x8D, 0x6E, 0x94, 0x6D, 0x96, 0x6D, 
	0x95, 0x6E, 0x96, 0x6E, 0x99, 0x6E, 0x9B, 0x6F, 0x9C, 0x70, 0x9B, 0x71, 0x99, 0x71, 0x98, 0x71, 
	0x9A, 0x71, 0x9A, 0x71, 0x99, 0x72, 0x97, 0x74, 0x95, 0x75, 0x94, 0x76, 0x92, 0x77, 0x92, 0x77, 
	0x94, 0x75, 0x95, 0x75, 0x95, 0x76, 0x94, 0x77, 0x92, 0x78, 0x91, 0x78, 0x90, 0x78, 0x8E, 0x79, 
	0x8B, 0x7B, 0x8A, 0x7C, 0x8A, 0x7C, 0x8A, 0x7D, 0x87, 0x7E, 0x85, 0x80, 0x82, 0x80, 0x81, 0x81, 
	0x81, 0x82, 0x83, 0x82, 0x84, 0x82, 0x86, 0x81, 0x87, 0x80, 0x89, 0x80, 0x8A, 0x7F, 0x8B, 0x7F, 
	0x89, 0x7F, 0x88, 0x7F, 0x88, 0x7F, 0x87, 0x7F, 0x84, 0x80, 0x84, 0x80, 0x85, 0x80, 0x85, 0x7F, 
	0x87, 0x79, 0x85, 0x78, 0x82, 0x77, 0x7D, 0x77, 0x79, 0x76, 0x76, 0x76, 0x74, 0x77, 0x71, 0x77, 
	0x66, 0x76, 0x62, 0x75, 0x60, 0x75, 0x5D, 0x76, 0x5C, 0x77, 0x5D, 0x78, 0x5F, 0x78, 0x60, 0x79, 
	0x52, 0x68, 0x52, 0x68, 0x51, 0x68, 0x50, 0x68, 0x4E, 0x68, 0x4E, 0x68, 0x4C, 0x68, 0x4C, 0x68, 
	0x4F, 0x69, 0x50, 0x69, 0x51, 0x69, 0x52, 0x69, 0x52, 0x69, 0x53, 0x69, 0x54, 0x69, 0x54, 0x69, 
	0x54, 0x6A, 0x54, 0x69, 0x57, 0x69, 0x59, 0x69, 0x5C, 0x69, 0x5F, 0x69, 0x62, 0x69, 0x62, 0x69, 
	0x63, 0x6A, 0x64, 0x6A, 0x65, 0x6B, 0x67, 0x6C, 0x69, 0x6C, 0x6A, 0x6E, 0x6B, 0x6E, 0x6D, 0x6E, 
	0x70, 0x6E, 0x70, 0x6E, 0x6F, 0x6D, 0x6D, 0x6D, 0x69, 0x6C, 0x65, 0x6C, 0x62, 0x6C, 0x60, 0x6B, 
	0x5C, 0x6A, 0x5B, 0x6A, 0x5B, 0x6A, 0x5B, 0x6A, 0x5D, 0x6A, 0x60, 0x6A, 0x62, 0x6A, 0x63, 0x6A, 
	0x62, 0x6B, 0x61, 0x6C, 0x61, 0x6C, 0x61, 0x6C, 0x61, 0x6C, 0x61, 0x6C, 0x61, 0x6C, 0x62, 0x6C, 
	0x62, 0x6D, 0x61, 0x6C, 0x61, 0x6C, 0x64, 0x6C, 0x66, 0x6C, 0x6B, 0x6B, 0x71, 0x6B, 0x77, 0x6A, 
	0x85, 0x6A, 0x8A, 0x6C, 0x8E, 0x6C, 0x93, 0x6D, 0x96, 0x6E, 0x97, 0x6F, 0x97, 0x6F, 0x96, 0x70, 
	0x94, 0x72, 0x94, 0x73, 0x94, 0x74, 0x95, 0x75, 0x96, 0x76, 0x97, 0x77, 0x97, 0x79, 0x96, 0x79, 
	0x94, 0x77, 0x93, 0x76, 0x94, 0x77, 0x94, 0x78, 0x93, 0x78, 0x92, 0x79, 0x90, 0x79, 0x8F, 0x79, 
	0x8E, 0x79, 0x8E, 0x7A, 0x8E, 0x7A, 0x8E, 0x7B, 0x8C, 0x7C, 0x8A, 0x7D, 0x88, 0x7D, 0x86, 0x7E, 
	0x88, 0x7F, 0x8B, 0x7F, 0x8A, 0x7F, 0x89, 0x7E, 0x88, 0x7D, 0x86, 0x7D, 0x85, 0x7D, 0x86, 0x7C, 
	0x8B, 0x7A, 0x8B, 0x7A, 0x88, 0x7A, 0x84, 0x7A, 0x80, 0x7B, 0x7B, 0x7C, 0x78, 0x7C, 0x74, 0x7B, 
	0x69, 0x79, 0x65, 0x78, 0x61, 0x78, 0x5C, 0x78, 0x58, 0x78, 0x55, 0x78, 0x53, 0x78, 0x53, 0x78, 
	0x55, 0x77, 0x53, 0x76, 0x50, 0x77, 0x4E, 0x77, 0x4E, 0x77, 0x50, 0x78, 0x51, 0x78, 0x53, 0x78, 
	0x4C, 0x68, 0x4B, 0x68, 0x4B, 0x68, 0x4A, 0x68, 0x4A, 0x68, 0x4A, 0x68, 0x49, 0x68, 0x49, 0x68, 
	0x4A, 0x69, 0x4A, 0x69, 0x4B, 0x69, 0x4B, 0x69, 0x4C, 0x69, 0x4D, 0x69, 0x4E, 0x69, 0x4D, 0x69, 
	0x4B, 0x68, 0x4A, 0x68, 0x4B, 0x68, 0x4D, 0x68, 0x4E, 0x68, 0x50, 0x68, 0x51, 0x68, 0x52, 0x68, 
	0x50, 0x67, 0x50, 0x67, 0x51, 0x67, 0x53, 0x67, 0x54, 0x67, 0x55, 0x68, 0x57, 0x68, 0x57, 0x68, 
	0x57, 0x66, 0x58, 0x66, 0x59, 0x66, 0x59, 0x67, 0x58, 0x67, 0x57, 0x67, 0x55, 0x67, 0x54, 0x68, 
	0x53, 0x69, 0x52, 0x69, 0x51, 0x69, 0x51, 0x69, 0x52, 0x69, 0x53, 0x69, 0x54, 0x69, 0x54, 0x69, 
	0x53, 0x6A, 0x53, 0x6B, 0x53, 0x6B, 0x53, 0x6B, 0x53, 0x6B, 0x53, 0x6B, 0x53, 0x6A, 0x53, 0x6B, 
	0x51, 0x6C, 0x50, 0x6C, 0x4F, 0x6B, 0x4F, 0x6B, 0x51, 0x6B, 0x55, 0x6A, 0x57, 0x69, 0x5A, 0x69, 
	0x60, 0x68, 0x65, 0x69, 0x6A, 0x69, 0x71, 0x6A, 0x76, 0x6B, 0x7A, 0x6C, 0x7B, 0x6C, 0x7D, 0x6D, 
	0x7E, 0x71, 0x7E, 0x72, 0x81, 0x73, 0x84, 0x74, 0x88, 0x75, 0x8A, 0x76, 0x8D, 0x77, 0x8D, 0x77, 
	0x8D, 0x77, 0x8F, 0x77, 0x90, 0x77, 0x90, 0x78, 0x90, 0x78, 0x90, 0x79, 0x8E, 0x79, 0x8E, 0x78, 
	0x90, 0x75, 0x91, 0x75, 0x91, 0x75, 0x90, 0x75, 0x8F, 0x77, 0x8D, 0x78, 0x8B, 0x78, 0x8A, 0x79, 
	0x8A, 0x79, 0x8A, 0x79, 0x89, 0x79, 0x87, 0x79, 0x85, 0x78, 0x83, 0x78, 0x81, 0x78, 0x81, 0x76, 
	0x85, 0x74, 0x83, 0x73, 0x7D, 0x73, 0x74, 0x74, 0x6B, 0x75, 0x62, 0x75, 0x5C, 0x75, 0x58, 0x76, 
	0x53, 0x78, 0x50, 0x78, 0x4E, 0x78, 0x4C, 0x78, 0x49, 0x78, 0x48, 0x78, 0x48, 0x78, 0x49, 0x79, 
	0x4C, 0x79, 0x4C, 0x79, 0x49, 0x78, 0x47, 0x78, 0x47, 0x77, 0x48, 0x77, 0x4A, 0x77, 0x4B, 0x77, 
	0x47, 0x69, 0x46, 0x69, 0x46, 0x69, 0x47, 0x69, 0x47, 0x69, 0x47, 0x69, 0x47, 0x69, 0x47, 0x69, 
	0x46, 0x69, 0x46, 0x69, 0x46, 0x69, 0x47, 0x69, 0x48, 0x69, 0x49, 0x69, 0x49, 0x69, 0x49, 0x69, 
	0x45, 0x68, 0x44, 0x68, 0x45, 0x68, 0x46, 0x68, 0x47, 0x68, 0x47, 0x68, 0x48, 0x68, 0x49, 0x68, 
	0x4B, 0x68, 0x4B, 0x68, 0x4C, 0x68, 0x4E, 0x67, 0x4F, 0x66, 0x50, 0x66, 0x51, 0x66, 0x51, 0x65, 
	0x51, 0x64, 0x51, 0x63, 0x53, 0x64, 0x53, 0x64, 0x53, 0x66, 0x52, 0x66, 0x50, 0x66, 0x4E, 0x67, 
	0x4C, 0x68, 0x4B, 0x68, 0x4A, 0x68, 0x49, 0x68, 0x49, 0x68, 0x49, 0x68, 0x49, 0x68, 0x49, 0x68, 
	0x49, 0x69, 0x49, 0x6A, 0x49, 0x6A, 0x49, 0x6A, 0x49, 0x6A, 0x49, 0x6A, 0x49, 0x69, 0x4A, 0x6A, 
	0x4D, 0x6A, 0x4D, 0x6A, 0x4B, 0x6A, 0x4A, 0x6A, 0x4B, 0x69, 0x4C, 0x69, 0x4D, 0x68, 0x4C, 0x68, 
	0x43, 0x67, 0x44, 0x67, 0x4A, 0x67, 0x4E, 0x67, 0x54, 0x68, 0x57, 0x69, 0x59, 0x69, 0x5B, 0x6A, 
	0x5F, 0x6E, 0x60, 0x6F, 0x63, 0x6F, 0x66, 0x70, 0x69, 0x71, 0x6C, 0x72, 0x6E, 0x72, 0x71, 0x73, 
	0x7B, 0x74, 0x80, 0x74, 0x81, 0x74, 0x82, 0x74, 0x82, 0x74, 0x82, 0x74, 0x81, 0x74, 0x81, 0x73, 
	0x83, 0x70, 0x84, 0x70, 0x84, 0x70, 0x84, 0x71, 0x84, 0x71, 0x82, 0x71, 0x81, 0x72, 0x7F, 0x73, 
	0x7B, 0x73, 0x78, 0x73, 0x76, 0x73, 0x72, 0x73, 0x6D, 0x73, 0x69, 0x72, 0x66, 0x72, 0x63, 0x72, 
	0x5E, 0x71, 0x5B, 0x70, 0x5A, 0x70, 0x58, 0x71, 0x55, 0x71, 0x53, 0x72, 0x52, 0x72, 0x50, 0x73, 
	0x4E, 0x76, 0x4C, 0x77, 0x4B, 0x78, 0x49, 0x78, 0x49, 0x78, 0x49, 0x78, 0x49, 0x79, 0x49, 0x79, 
	0x48, 0x7A, 0x46, 0x7A, 0x45, 0x79, 0x43, 0x78, 0x43, 0x77, 0x44, 0x77, 0x45, 0x77, 0x46, 0x76, 
	0x44, 0x6A, 0x44, 0x6A, 0x44, 0x6A, 0x44, 0x6A, 0x45, 0x6A, 0x46, 0x6A, 0x46, 0x6A, 0x45, 0x6A, 
	0x44, 0x6A, 0x44, 0x6A, 0x44, 0x6A, 0x45, 0x6A, 0x46, 0x6A, 0x47, 0x6A, 0x48, 0x6A, 0x47, 0x6A, 
	0x46, 0x69, 0x45, 0x68, 0x45, 0x69, 0x45, 0x69, 0x45, 0x69, 0x46, 0x69, 0x46, 0x68, 0x47, 0x69, 
	0x49, 0x6A, 0x4B, 0x6B, 0x4C, 0x6A, 0x4D, 0x69, 0x4E, 0x68, 0x4F, 0x68, 0x50, 0x67, 0x50, 0x66, 
	0x50, 0x65, 0x50, 0x65, 0x50, 0x65, 0x50, 0x66, 0x4E, 0x67, 0x4B, 0x68, 0x49, 0x68, 0x48, 0x68, 
	0x49, 0x68, 0x49, 0x68, 0x48, 0x68, 0x47, 0x68, 0x46, 0x68, 0x45, 0x68, 0x44, 0x68, 0x43, 0x68, 
	0x41, 0x69, 0x40, 0x69, 0x41, 0x69, 0x41, 0x69, 0x41, 0x69, 0x41, 0x69, 0x40, 0x69, 0x42, 0x69, 
	0x46, 0x6A, 0x45, 0x6A, 0x44, 0x69, 0x43, 0x69, 0x42, 0x68, 0x42, 0x68, 0x43, 0x68, 0x43, 0x68, 
	0x42, 0x67, 0x43, 0x66, 0x45, 0x67, 0x48, 0x67, 0x4A, 0x68, 0x4B, 0x67, 0x4C, 0x68, 0x4D, 0x68, 
	0x4D, 0x69, 0x4D, 0x6A, 0x4E, 0x6A, 0x4F, 0x6A, 0x4F, 0x6B, 0x50, 0x6C, 0x51, 0x6D, 0x52, 0x6D, 
	0x54, 0x6E, 0x56, 0x6E, 0x57, 0x6E, 0x59, 0x6E, 0x59, 0x6E, 0x59, 0x6D, 0x59, 0x6D, 0x59, 0x6D, 
	0x58, 0x6D, 0x58, 0x6C, 0x59, 0x6C, 0x5A, 0x6D, 0x5A, 0x6D, 0x59, 0x6D, 0x58, 0x6D, 0x57, 0x6E, 
	0x52, 0x6D, 0x51, 0x6D, 0x52, 0x6E, 0x52, 0x6E, 0x52, 0x6E, 0x53, 0x6E, 0x54, 0x6E, 0x52, 0x6E, 
	0x4A, 0x70, 0x48, 0x70, 0x49, 0x70, 0x49, 0x71, 0x4A, 0x71, 0x4A, 0x72, 0x4B, 0x72, 0x4A, 0x73, 
	0x46, 0x75, 0x45, 0x76, 0x44, 0x76, 0x43, 0x77, 0x43, 0x77, 0x44, 0x77, 0x45, 0x78, 0x46, 0x78, 
	0x45, 0x79, 0x44, 0x79, 0x44, 0x78, 0x43, 0x76, 0x43, 0x76, 0x44, 0x76, 0x45, 0x75, 0x45, 0x75, 
	0x40, 0x6B, 0x41, 0x6B, 0x40, 0x6B, 0x41, 0x6B, 0x42, 0x6B, 0x42, 0x6B, 0x41, 0x6B, 0x41, 0x6B, 
	0x41, 0x6B, 0x41, 0x6A, 0x41, 0x6A, 0x43, 0x6A, 0x44, 0x6A, 0x44, 0x6A, 0x44, 0x6A, 0x45, 0x6A, 
	0x46, 0x6A, 0x46, 0x69, 0x46, 0x6A, 0x46, 0x6A, 0x45, 0x6A, 0x46, 0x6A, 0x46, 0x69, 0x46, 0x6A, 
	0x45, 0x6C, 0x45, 0x6D, 0x46, 0x6C, 0x46, 0x6B, 0x47, 0x6B, 0x48, 0x6A, 0x49, 0x6A, 0x49, 0x69, 
	0x4A, 0x69, 0x4A, 0x68, 0x4A, 0x68, 0x48, 0x69, 0x46, 0x6A, 0x44, 0x6A, 0x40, 0x69, 0x40, 0x69, 
	0x46, 0x69, 0x48, 0x69, 0x48, 0x69, 0x47, 0x69, 0x46, 0x69, 0x45, 0x69, 0x43, 0x69, 0x42, 0x69, 
	0x43, 0x69, 0x44, 0x69, 0x44, 0x69, 0x44, 0x69, 0x44, 0x69, 0x44, 0x69, 0x44, 0x69, 0x43, 0x69, 
	0x43, 0x6A, 0x43, 0x6A, 0x42, 0x6A, 0x41, 0x6A, 0x41, 0x69, 0x41, 0x69, 0x41, 0x68, 0x41, 0x68, 
	0x46, 0x68, 0x48, 0x68, 0x48, 0x68, 0x48, 0x68, 0x48, 0x69, 0x48, 0x68, 0x48, 0x68, 0x48, 0x68, 
	0x4A, 0x68, 0x4A, 0x68, 0x49, 0x68, 0x48, 0x68, 0x47, 0x68, 0x45, 0x69, 0x45, 0x69, 0x45, 0x69, 
	0x46, 0x6A, 0x46, 0x6A, 0x48, 0x6A, 0x4A, 0x6A, 0x4A, 0x69, 0x4A, 0x69, 0x49, 0x69, 0x48, 0x69, 
	0x47, 0x6A, 0x48, 0x6A, 0x49, 0x6A, 0x49, 0x6A, 0x49, 0x6A, 0x49, 0x6A, 0x49, 0x6A, 0x49, 0x6A, 
	0x4A, 0x6A, 0x4B, 0x6A, 0x4C, 0x6B, 0x4B, 0x6B, 0x4B, 0x6B, 0x4C, 0x6C, 0x4C, 0x6C, 0x4E, 0x6D, 
	0x51, 0x6F, 0x51, 0x70, 0x4F, 0x70, 0x4C, 0x70, 0x49, 0x71, 0x46, 0x72, 0x43, 0x72, 0x43, 0x72, 
	0x43, 0x73, 0x43, 0x73, 0x42, 0x74, 0x41, 0x75, 0x41, 0x75, 0x42, 0x76, 0x43, 0x77, 0x44, 0x77, 
	0x44, 0x76, 0x44, 0x76, 0x43, 0x76, 0x43, 0x76, 0x44, 0x75, 0x44, 0x75, 0x45, 0x75, 0x45, 0x75, 
	0x3C, 0x6C, 0x3B, 0x6C, 0x3B, 0x6C, 0x3B, 0x6C, 0x3B, 0x6C, 0x3B, 0x6C, 0x3B, 0x6C, 0x3B, 0x6C, 
	0x3C, 0x6B, 0x3C, 0x6B, 0x3D, 0x6B, 0x3E, 0x6B, 0x3F, 0x6B, 0x3F, 0x6B, 0x40, 0x6B, 0x41, 0x6B, 
	0x42, 0x6B, 0x43, 0x6B, 0x43, 0x6B, 0x43, 0x6B, 0x43, 0x6B, 0x44, 0x6B, 0x44, 0x6B, 0x43, 0x6B, 
	0x41, 0x6C, 0x41, 0x6C, 0x41, 0x6C, 0x41, 0x6C, 0x43, 0x6B, 0x43, 0x6B, 0x44, 0x6B, 0x44, 0x6B, 
	0x44, 0x6B, 0x44, 0x6B, 0x45, 0x6B, 0x45, 0x6A, 0x44, 0x6A, 0x43, 0x69, 0x41, 0x69, 0x40, 0x6A, 
	0x44, 0x6A, 0x46, 0x6A, 0x47, 0x6A, 0x47, 0x6A, 0x46, 0x6A, 0x44, 0x6A, 0x42, 0x6A, 0x42, 0x6A, 
	0x46, 0x6A, 0x47, 0x6A, 0x47, 0x6A, 0x47, 0x6A, 0x47, 0x6A, 0x47, 0x6A, 0x47, 0x6A, 0x46, 0x6A, 
	0x44, 0x6B, 0x44, 0x6B, 0x44, 0x6B, 0x45, 0x6A, 0x45, 0x6A, 0x44, 0x69, 0x44, 0x69, 0x44, 0x69, 
	0x45, 0x6A, 0x45, 0x6B, 0x44, 0x6A, 0x44, 0x6A, 0x44, 0x6A, 0x44, 0x6A, 0x44, 0x6A, 0x45, 0x6A, 
	0x47, 0x69, 0x48, 0x69, 0x47, 0x6A, 0x46, 0x6A, 0x44, 0x6A, 0x44, 0x6A, 0x44, 0x6A, 0x42, 0x6A, 
	0x41, 0x6A, 0x42, 0x6A, 0x43, 0x6A, 0x45, 0x69, 0x45, 0x68, 0x45, 0x68, 0x44, 0x68, 0x43, 0x68, 
	0x42, 0x69, 0x43, 0x6A, 0x44, 0x6A, 0x46, 0x6A, 0x46, 0x69, 0x46, 0x69, 0x45, 0x69, 0x46, 0x69, 
	0x48, 0x69, 0x4A, 0x69, 0x4B, 0x69, 0x4D, 0x6A, 0x4F, 0x6A, 0x51, 0x6B, 0x52, 0x6C, 0x51, 0x6C, 
	0x4C, 0x6E, 0x4B, 0x6F, 0x4B, 0x6F, 0x4B, 0x6F, 0x4A, 0x6F, 0x49, 0x70, 0x49, 0x70, 0x49, 0x70, 
	0x48, 0x70, 0x46, 0x70, 0x44, 0x71, 0x43, 0x72, 0x42, 0x73, 0x43, 0x74, 0x43, 0x75, 0x44, 0x75, 
	0x42, 0x74, 0x42, 0x73, 0x42, 0x74, 0x43, 0x74, 0x43, 0x74, 0x43, 0x73, 0x43, 0x75, 0x43, 0x75, 
	0x39, 0x6C, 0x38, 0x6C, 0x38, 0x6C, 0x38, 0x6C, 0x37, 0x6C, 0x37, 0x6C, 0x37, 0x6C, 0x37, 0x6C, 
	0x39, 0x6B, 0x39, 0x6B, 0x3A, 0x6B, 0x3B, 0x6B, 0x3C, 0x6B, 0x3D, 0x6B, 0x3D, 0x6B, 0x3D, 0x6B, 
	0x3D, 0x6C, 0x3E, 0x6C, 0x3E, 0x6C, 0x3E, 0x6C, 0x3F, 0x6C, 0x40, 0x6C, 0x40, 0x6C, 0x40, 0x6B, 
	0x40, 0x6A, 0x40, 0x6A, 0x40, 0x6A, 0x41, 0x6A, 0x42, 0x6A, 0x42, 0x6A, 0x43, 0x6A, 0x43, 0x6B, 
	0x42, 0x6B, 0x42, 0x6B, 0x44, 0x6B, 0x45, 0x6A, 0x46, 0x69, 0x47, 0x68, 0x46, 0x68, 0x46, 0x68, 
	0x44, 0x6A, 0x44, 0x6B, 0x45, 0x6B, 0x45, 0x6B, 0x44, 0x6B, 0x43, 0x6B, 0x41, 0x6B, 0x40, 0x6B, 
	0x3F, 0x6B, 0x40, 0x6B, 0x3F, 0x6B, 0x3F, 0x6B, 0x40, 0x6B, 0x40, 0x6B, 0x40, 0x6B, 0x40, 0x6B, 
	0x3F, 0x6C, 0x40, 0x6C, 0x41, 0x6C, 0x42, 0x6B, 0x42, 0x6B, 0x43, 0x6A, 0x43, 0x6A, 0x43, 0x6A, 
	0x42, 0x6B, 0x43, 0x6C, 0x43, 0x6B, 0x44, 0x6B, 0x44, 0x6B, 0x45, 0x6B, 0x46, 0x6B, 0x46, 0x6B, 
	0x43, 0x6B, 0x42, 0x6B, 0x42, 0x6C, 0x42, 0x6C, 0x41, 0x6C, 0x41, 0x6C, 0x41, 0x6C, 0x41, 0x6C, 
	0x40, 0x6D, 0x40, 0x6C, 0x42, 0x6C, 0x42, 0x6A, 0x42, 0x6A, 0x40, 0x6A, 0x40, 0x6A, 0x40, 0x6A, 
	0x40, 0x6A, 0x41, 0x6A, 0x43, 0x6A, 0x45, 0x6A, 0x45, 0x69, 0x45, 0x69, 0x45, 0x69, 0x45, 0x69, 
	0x45, 0x69, 0x45, 0x69, 0x46, 0x6A, 0x45, 0x6A, 0x46, 0x6A, 0x46, 0x6B, 0x46, 0x6C, 0x45, 0x6C, 
	0x45, 0x6C, 0x45, 0x6C, 0x46, 0x6C, 0x46, 0x6D, 0x46, 0x6D, 0x46, 0x6D, 0x46, 0x6E, 0x46, 0x6E, 
	0x45, 0x6E, 0x44, 0x6E, 0x42, 0x6F, 0x41, 0x70, 0x40, 0x71, 0x40, 0x72, 0x40, 0x73, 0x40, 0x73, 
	0x41, 0x71, 0x41, 0x70, 0x42, 0x71, 0x43, 0x72, 0x43, 0x72, 0x43, 0x73, 0x43, 0x73, 0x43, 0x74, 
	0x3A, 0x6B, 0x3A, 0x6B, 0x3A, 0x6B, 0x3A, 0x6B, 0x3A, 0x6B, 0x3A, 0x6B, 0x3A, 0x6B, 0x3A, 0x6B, 
	0x3B, 0x6A, 0x3C, 0x6A, 0x3C, 0x6A, 0x3C, 0x6A, 0x3D, 0x6A, 0x3D, 0x6A, 0x3D, 0x6A, 0x3D, 0x6A, 
	0x3C, 0x6C, 0x3B, 0x6C, 0x3C, 0x6C, 0x3C, 0x6C, 0x3C, 0x6C, 0x3C, 0x6C, 0x3B, 0x6C, 0x3C, 0x6B, 
	0x3D, 0x6A, 0x3D, 0x6A, 0x3D, 0x6A, 0x3D, 0x6A, 0x3E, 0x6A, 0x3E, 0x6A, 0x3D, 0x6A, 0x3E, 0x6A, 
	0x3E, 0x6A, 0x3F, 0x6A, 0x3F, 0x6A, 0x3F, 0x6A, 0x40, 0x6A, 0x40, 0x6A, 0x40, 0x69, 0x41, 0x69, 
	0x42, 0x6A, 0x41, 0x6A, 0x41, 0x6A, 0x41, 0x6A, 0x40, 0x6A, 0x3F, 0x6A, 0x3E, 0x6A, 0x3D, 0x6A, 
	0x3D, 0x6B, 0x3D, 0x6B, 0x3D, 0x6B, 0x3E, 0x6B, 0x3F, 0x6B, 0x40, 0x6B, 0x40, 0x6B, 0x40, 0x6B, 
	0x3F, 0x6B, 0x3E, 0x6B, 0x3E, 0x6B, 0x3F, 0x6B, 0x3F, 0x6B, 0x40, 0x6B, 0x40, 0x6B, 0x3F, 0x6B, 
	0x3F, 0x6B, 0x3F, 0x6B, 0x40, 0x6B, 0x40, 0x6B, 0x40, 0x6B, 0x42, 0x6B, 0x43, 0x6B, 0x42, 0x6B, 
	0x40, 0x6B, 0x3F, 0x6B, 0x41, 0x6B, 0x41, 0x6C, 0x41, 0x6C, 0x40, 0x6C, 0x3E, 0x6B, 0x3E, 0x6C, 
	0x3F, 0x6D, 0x3F, 0x6D, 0x3E, 0x6C, 0x3E, 0x6C, 0x3E, 0x6B, 0x3D, 0x6B, 0x3D, 0x6B, 0x3D, 0x6A, 
	0x3C, 0x6A, 0x3C, 0x6A, 0x3E, 0x6A, 0x3F, 0x6A, 0x41, 0x6A, 0x42, 0x6A, 0x43, 0x6A, 0x43, 0x6A, 
	0x42, 0x6A, 0x41, 0x6A, 0x42, 0x6B, 0x42, 0x6B, 0x42, 0x6B, 0x43, 0x6B, 0x43, 0x6B, 0x43, 0x6B, 
	0x45, 0x6B, 0x45, 0x6A, 0x46, 0x6B, 0x46, 0x6B, 0x46, 0x6C, 0x46, 0x6C, 0x46, 0x6D, 0x46, 0x6C, 
	0x45, 0x6C, 0x45, 0x6C, 0x46, 0x6D, 0x46, 0x6D, 0x46, 0x6D, 0x45, 0x6E, 0x45, 0x6E, 0x45, 0x6E, 
	0x46, 0x6D, 0x47, 0x6D, 0x47, 0x6D, 0x47, 0x6E, 0x47, 0x6F, 0x47, 0x6F, 0x47, 0x70, 0x47, 0x70, 
	0x3B, 0x6B, 0x3B, 0x6B, 0x3B, 0x6B, 0x3B, 0x6B, 0x3B, 0x6B, 0x3B, 0x6B, 0x3B, 0x6B, 0x3B, 0x6B, 
	0x3B, 0x6A, 0x3B, 0x6A, 0x3B, 0x6A, 0x3B, 0x6A, 0x3B, 0x6A, 0x3B, 0x6A, 0x3B, 0x6A, 0x3B, 0x6A, 
	0x3A, 0x6C, 0x39, 0x6C, 0x3A, 0x6C, 0x3A, 0x6C, 0x3A, 0x6C, 0x3A, 0x6C, 0x39, 0x6C, 0x3A, 0x6C, 
	0x3A, 0x6B, 0x3B, 0x6A, 0x3B, 0x6A, 0x3B, 0x6A, 0x3B, 0x6A, 0x3B, 0x6A, 0x3A, 0x6A, 0x3B, 0x6A, 
	0x3C, 0x6A, 0x3C, 0x6A, 0x3C, 0x6A, 0x3C, 0x6A, 0x3D, 0x6A, 0x3D, 0x6A, 0x3E, 0x6A, 0x3D, 0x6A, 
	0x3C, 0x6A, 0x3C, 0x6A, 0x3C, 0x6A, 0x3C, 0x6A, 0x3C, 0x6A, 0x3B, 0x6A, 0x3A, 0x6A, 0x3B, 0x6A, 
	0x3B, 0x6B, 0x3B, 0x6B, 0x3B, 0x6B, 0x3C, 0x6B, 0x3C, 0x6B, 0x3D, 0x6B, 0x3E, 0x6B, 0x3E, 0x6B, 
	0x3E, 0x6B, 0x3D, 0x6B, 0x3D, 0x6B, 0x3D, 0x6B, 0x3D, 0x6B, 0x3D, 0x6B, 0x3D, 0x6B, 0x3D, 0x6B, 
	0x3C, 0x6B, 0x3C, 0x6B, 0x3D, 0x6B, 0x3D, 0x6B, 0x3E, 0x6B, 0x3F, 0x6B, 0x3F, 0x6B, 0x3F, 0x6B, 
	0x3E, 0x6B, 0x3E, 0x6B, 0x3F, 0x6B, 0x40, 0x6B, 0x3F, 0x6B, 0x3E, 0x6B, 0x3D, 0x6B, 0x3C, 0x6B, 
	0x3C, 0x6C, 0x3C, 0x6C, 0x3C, 0x6C, 0x3C, 0x6C, 0x3C, 0x6B, 0x3C, 0x6B, 0x3B, 0x6B, 0x3B, 0x6A, 
	0x3B, 0x6A, 0x3B, 0x6A, 0x3D, 0x6A, 0x3D, 0x6A, 0x3E, 0x6A, 0x40, 0x6A, 0x42, 0x6A, 0x41, 0x6A, 
	0x40, 0x6B, 0x41, 0x6B, 0x41, 0x6B, 0x41, 0x6B, 0x41, 0x6B, 0x41, 0x6B, 0x43, 0x6B, 0x44, 0x6A, 
	0x45, 0x69, 0x45, 0x6A, 0x45, 0x6A, 0x45, 0x6A, 0x46, 0x6B, 0x46, 0x6B, 0x46, 0x6C, 0x47, 0x6C, 
	0x46, 0x6B, 0x46, 0x6B, 0x47, 0x6C, 0x47, 0x6C, 0x47, 0x6C, 0x48, 0x6C, 0x48, 0x6C, 0x48, 0x6C, 
	0x49, 0x6D, 0x49, 0x6D, 0x49, 0x6D, 0x48, 0x6E, 0x48, 0x6E, 0x48, 0x6E, 0x48, 0x6E, 0x48, 0x6E, 
	0x3A, 0x6B, 0x3A, 0x6B, 0x3A, 0x6B, 0x3A, 0x6B, 0x3A, 0x6B, 0x3A, 0x6B, 0x3A, 0x6B, 0x3A, 0x6B, 
	0x3A, 0x6B, 0x39, 0x6B, 0x3A, 0x6B, 0x3A, 0x6B, 0x3A, 0x6B, 0x3A, 0x6B, 0x3A, 0x6B, 0x39, 0x6B, 
	0x38, 0x6C, 0x38, 0x6C, 0x38, 0x6C, 0x38, 0x6C, 0x38, 0x6C, 0x38, 0x6C, 0x38, 0x6C, 0x38, 0x6C, 
	0x38, 0x6B, 0x39, 0x6B, 0x39, 0x6B, 0x39, 0x6B, 0x39, 0x6B, 0x39, 0x6B, 0x39, 0x6B, 0x39, 0x6B, 
	0x39, 0x6B, 0x3A, 0x6B, 0x3A, 0x6B, 0x3A, 0x6B, 0x3B, 0x6B, 0x3C, 0x6B, 0x3C, 0x6B, 0x3B, 0x6B, 
	0x38, 0x6B, 0x37, 0x6B, 0x37, 0x6B, 0x37, 0x6B, 0x38, 0x6B, 0x38, 0x6B, 0x38, 0x6B, 0x38, 0x6B, 
	0x38, 0x6B, 0x38, 0x6B, 0x38, 0x6B, 0x39, 0x6B, 0x39, 0x6B, 0x39, 0x6B, 0x3A, 0x6B, 0x3A, 0x6B, 
	0x3A, 0x6B, 0x3B, 0x6B, 0x3B, 0x6B, 0x3B, 0x6B, 0x3B, 0x6B, 0x3B, 0x6B, 0x3B, 0x6B, 0x3A, 0x6B, 
	0x3A, 0x6B, 0x3A, 0x6B, 0x3B, 0x6B, 0x3B, 0x6B, 0x3C, 0x6B, 0x3C, 0x6B, 0x3C, 0x6B, 0x3C, 0x6B, 
	0x3C, 0x6B, 0x3C, 0x6B, 0x3D, 0x6B, 0x3E, 0x6B, 0x3D, 0x6B, 0x3D, 0x6B, 0x3B, 0x6B, 0x3A, 0x6B, 
	0x39, 0x6C, 0x39, 0x6C, 0x3A, 0x6C, 0x3B, 0x6B, 0x3A, 0x6B, 0x3B, 0x6A, 0x3A, 0x6A, 0x3A, 0x6A, 
	0x3A, 0x69, 0x3A, 0x69, 0x3C, 0x69, 0x3D, 0x69, 0x3E, 0x6A, 0x3F, 0x69, 0x41, 0x69, 0x41, 0x6A, 
	0x40, 0x6A, 0x40, 0x6A, 0x40, 0x6A, 0x40, 0x6A, 0x40, 0x6A, 0x42, 0x6A, 0x42, 0x6A, 0x42, 0x6A, 
	0x43, 0x69, 0x44, 0x69, 0x44, 0x6A, 0x45, 0x6A, 0x45, 0x6B, 0x45, 0x6B, 0x45, 0x6B, 0x46, 0x6C, 
	0x46, 0x6B, 0x46, 0x6B, 0x47, 0x6C, 0x47, 0x6C, 0x48, 0x6C, 0x48, 0x6C, 0x49, 0x6D, 0x49, 0x6D, 
	0x49, 0x6D, 0x49, 0x6D, 0x49, 0x6D, 0x48, 0x6E, 0x48, 0x6E, 0x48, 0x6E, 0x48, 0x6E, 0x48, 0x6E, 
	0x39, 0x6B, 0x39, 0x6B, 0x39, 0x6B, 0x39, 0x6B, 0x39, 0x6B, 0x39, 0x6B, 0x39, 0x6B, 0x38, 0x6B, 
	0x37, 0x6B, 0x36, 0x6B, 0x37, 0x6B, 0x37, 0x6B, 0x37, 0x6B, 0x37, 0x6B, 0x36, 0x6B, 0x37, 0x6B, 
	0x37, 0x6C, 0x37, 0x6C, 0x37, 0x6C, 0x37, 0x6C, 0x37, 0x6C, 0x37, 0x6C, 0x37, 0x6C, 0x37, 0x6C, 
	0x37, 0x6B, 0x38, 0x6B, 0x38, 0x6B, 0x38, 0x6B, 0x38, 0x6B, 0x38, 0x6B, 0x38, 0x6B, 0x37, 0x6B, 
	0x37, 0x6B, 0x37, 0x6B, 0x38, 0x6B, 0x39, 0x6B, 0x38, 0x6B, 0x39, 0x6B, 0x39, 0x6B, 0x38, 0x6B, 
	0x36, 0x6B, 0x35, 0x6B, 0x36, 0x6B, 0x37, 0x6B, 0x37, 0x6B, 0x38, 0x6B, 0x39, 0x6B, 0x39, 0x6B, 
	0x39, 0x6B, 0x39, 0x6B, 0x39, 0x6B, 0x39, 0x6B, 0x39, 0x6B, 0x39, 0x6B, 0x39, 0x6B, 0x39, 0x6B, 
	0x38, 0x6B, 0x38, 0x6B, 0x38, 0x6B, 0x38, 0x6B, 0x38, 0x6B, 0x38, 0x6B, 0x38, 0x6B, 0x38, 0x6B, 
	0x38, 0x6B, 0x38, 0x6B, 0x38, 0x6B, 0x38, 0x6B, 0x39, 0x6B, 0x39, 0x6B, 0x39, 0x6B, 0x39, 0x6B, 
	0x3A, 0x6B, 0x3B, 0x6B, 0x3C, 0x6B, 0x3C, 0x6B, 0x3C, 0x6B, 0x3A, 0x6B, 0x39, 0x6B, 0x37, 0x6B, 
	0x37, 0x6C, 0x37, 0x6C, 0x38, 0x6B, 0x38, 0x6B, 0x39, 0x6B, 0x3A, 0x6A, 0x3A, 0x6A, 0x3A, 0x6A, 
	0x3B, 0x69, 0x3C, 0x69, 0x3D, 0x69, 0x3D, 0x69, 0x3E, 0x6A, 0x3F, 0x69, 0x40, 0x69, 0x40, 0x69, 
	0x40, 0x6A, 0x40, 0x6A, 0x40, 0x6A, 0x40, 0x6A, 0x40, 0x6A, 0x42, 0x6A, 0x42, 0x6A, 0x42, 0x6A, 
	0x42, 0x69, 0x42, 0x69, 0x42, 0x69, 0x43, 0x6A, 0x43, 0x6A, 0x44, 0x6B, 0x44, 0x6B, 0x44, 0x6B, 
	0x46, 0x6B, 0x46, 0x6B, 0x47, 0x6C, 0x47, 0x6C, 0x48, 0x6C, 0x49, 0x6D, 0x4A, 0x6D, 0x4A, 0x6D, 
	0x4A, 0x6D, 0x4A, 0x6D, 0x4A, 0x6D, 0x4A, 0x6E, 0x4A, 0x6E, 0x49, 0x6E, 0x49, 0x6E, 0x49, 0x6E, 
	0x38, 0x6B, 0x38, 0x6B, 0x38, 0x6B, 0x38, 0x6B, 0x38, 0x6B, 0x38, 0x6B, 0x38, 0x6B, 0x38, 0x6B, 
	0x36, 0x6C, 0x35, 0x6C, 0x36, 0x6C, 0x36, 0x6C, 0x36, 0x6C, 0x36, 0x6C, 0x35, 0x6C, 0x36, 0x6C, 
	0x36, 0x6C, 0x36, 0x6C, 0x36, 0x6C, 0x36, 0x6C, 0x36, 0x6C, 0x36, 0x6C, 0x36, 0x6C, 0x36, 0x6C, 
	0x37, 0x6C, 0x37, 0x6C, 0x37, 0x6C, 0x37, 0x6C, 0x37, 0x6C, 0x37, 0x6C, 0x37, 0x6C, 0x37, 0x6C, 
	0x37, 0x6C, 0x37, 0x6C, 0x38, 0x6C, 0x38, 0x6C, 0x38, 0x6C, 0x39, 0x6C, 0x39, 0x6C, 0x39, 0x6C, 
	0x39, 0x6C, 0x39, 0x6C, 0x39, 0x6C, 0x3B, 0x6C, 0x3B, 0x6C, 0x3B, 0x6C, 0x3C, 0x6C, 0x3C, 0x6C, 
	0x3C, 0x6B, 0x3C, 0x6B, 0x3C, 0x6B, 0x3C, 0x6B, 0x3C, 0x6B, 0x3C, 0x6B, 0x3C, 0x6B, 0x3B, 0x6B, 
	0x38, 0x6B, 0x37, 0x6B, 0x37, 0x6B, 0x37, 0x6B, 0x37, 0x6B, 0x37, 0x6B, 0x37, 0x6B, 0x37, 0x6B, 
	0x38, 0x6B, 0x38, 0x6B, 0x38, 0x6B, 0x38, 0x6B, 0x38, 0x6B, 0x38, 0x6B, 0x37, 0x6B, 0x37, 0x6B, 
	0x38, 0x6B, 0x3A, 0x6B, 0x3B, 0x6B, 0x3B, 0x6B, 0x3A, 0x6B, 0x39, 0x6B, 0x37, 0x6B, 0x36, 0x6B, 
	0x36, 0x6B, 0x36, 0x6B, 0x38, 0x6B, 0x38, 0x6A, 0x3A, 0x6A, 0x3B, 0x6A, 0x3B, 0x69, 0x3C, 0x69, 
	0x3D, 0x69, 0x3D, 0x69, 0x3E, 0x69, 0x3E, 0x69, 0x3F, 0x69, 0x40, 0x69, 0x40, 0x69, 0x40, 0x69, 
	0x41, 0x6A, 0x41, 0x6A, 0x41, 0x6A, 0x41, 0x69, 0x42, 0x69, 0x42, 0x69, 0x42, 0x69, 0x43, 0x69, 
	0x43, 0x68, 0x43, 0x68, 0x42, 0x69, 0x44, 0x69, 0x43, 0x6A, 0x45, 0x6A, 0x45, 0x6A, 0x44, 0x6B, 
	0x46, 0x6B, 0x46, 0x6B, 0x47, 0x6C, 0x48, 0x6C, 0x48, 0x6C, 0x4A, 0x6D, 0x4A, 0x6C, 0x4A, 0x6C, 
	0x4A, 0x6C, 0x4A, 0x6C, 0x4A, 0x6C, 0x4A, 0x6E, 0x4A, 0x6E, 0x4B, 0x6F, 0x4B, 0x6F, 0x4B, 0x6F, 
	0x37, 0x6B, 0x37, 0x6B, 0x37, 0x6B, 0x37, 0x6B, 0x37, 0x6B, 0x37, 0x6B, 0x37, 0x6B, 0x37, 0x6B, 
	0x35, 0x6C, 0x35, 0x6C, 0x35, 0x6C, 0x35, 0x6C, 0x35, 0x6C, 0x35, 0x6C, 0x35, 0x6C, 0x35, 0x6C, 
	0x36, 0x6C, 0x36, 0x6C, 0x36, 0x6C, 0x36, 0x6C, 0x36, 0x6C, 0x36, 0x6C, 0x36, 0x6C, 0x36, 0x6C, 
	0x37, 0x6C, 0x37, 0x6C, 0x37, 0x6C, 0x37, 0x6C, 0x37, 0x6C, 0x37, 0x6C, 0x37, 0x6C, 0x37, 0x6C, 
	0x38, 0x6C, 0x38, 0x6C, 0x39, 0x6C, 0x39, 0x6C, 0x39, 0x6C, 0x3A, 0x6C, 0x3A, 0x6C, 0x3B, 0x6C, 
	0x3D, 0x6C, 0x3D, 0x6C, 0x3D, 0x6C, 0x3E, 0x6C, 0x3E, 0x6C, 0x3E, 0x6C, 0x3E, 0x6C, 0x3E, 0x6C, 
	0x3E, 0x6B, 0x3E, 0x6B, 0x3E, 0x6B, 0x3E, 0x6B, 0x3E, 0x6B, 0x3D, 0x6B, 0x3D, 0x6B, 0x3C, 0x6B, 
	0x39, 0x6B, 0x38, 0x6B, 0x38, 0x6B, 0x38, 0x6B, 0x38, 0x6B, 0x38, 0x6B, 0x38, 0x6B, 0x39, 0x6B, 
	0x39, 0x6B, 0x39, 0x6B, 0x39, 0x6B, 0x39, 0x6B, 0x39, 0x6B, 0x38, 0x6B, 0x38, 0x6B, 0x37, 0x6B, 
	0x38, 0x6B, 0x39, 0x6B, 0x3A, 0x6B, 0x3A, 0x6B, 0x3A, 0x6B, 0x39, 0x6B, 0x37, 0x6B, 0x36, 0x6B, 
	0x37, 0x6B, 0x37, 0x6B, 0x39, 0x6B, 0x3B, 0x6A, 0x3C, 0x6A, 0x3D, 0x6A, 0x3E, 0x69, 0x3F, 0x69, 
	0x3F, 0x68, 0x3F, 0x68, 0x40, 0x68, 0x40, 0x68, 0x40, 0x68, 0x41, 0x68, 0x41, 0x68, 0x41, 0x68, 
	0x42, 0x69, 0x42, 0x69, 0x43, 0x69, 0x43, 0x69, 0x44, 0x69, 0x44, 0x69, 0x44, 0x69, 0x44, 0x69, 
	0x44, 0x68, 0x44, 0x68, 0x44, 0x68, 0x44, 0x69, 0x45, 0x69, 0x45, 0x6A, 0x45, 0x6A, 0x45, 0x6A, 
	0x45, 0x6B, 0x46, 0x6B, 0x47, 0x6C, 0x48, 0x6C, 0x49, 0x6C, 0x4A, 0x6C, 0x4C, 0x6D, 0x4C, 0x6D, 
	0x4C, 0x6D, 0x4C, 0x6D, 0x4C, 0x6D, 0x4B, 0x6E, 0x4B, 0x6E, 0x4B, 0x6E, 0x4B, 0x6E, 0x4B, 0x6E, 
	0x37, 0x6B, 0x37, 0x6B, 0x37, 0x6B, 0x37, 0x6B, 0x37, 0x6B, 0x37, 0x6B, 0x37, 0x6B, 0x37, 0x6B, 
	0x35, 0x6C, 0x35, 0x6C, 0x35, 0x6C, 0x35, 0x6C, 0x35, 0x6C, 0x35, 0x6C, 0x35, 0x6C, 0x35, 0x6C, 
	0x36, 0x6C, 0x36, 0x6C, 0x36, 0x6C, 0x36, 0x6C, 0x36, 0x6C, 0x36, 0x6C, 0x36, 0x6C, 0x36, 0x6C, 
	0x37, 0x6C, 0x37, 0x6C, 0x37, 0x6C, 0x37, 0x6C, 0x37, 0x6C, 0x37, 0x6C, 0x37, 0x6C, 0x38, 0x6C, 
	0x3A, 0x6C, 0x3A, 0x6C, 0x3A, 0x6C, 0x3B, 0x6C, 0x3B, 0x6C, 0x3C, 0x6C, 0x3C, 0x6C, 0x3D, 0x6C, 
	0x3E, 0x6C, 0x3F, 0x6C, 0x3F, 0x6C, 0x3E, 0x6C, 0x3E, 0x6C, 0x3E, 0x6C, 0x3E, 0x6C, 0x3E, 0x6C, 
	0x3E, 0x6B, 0x3E, 0x6B, 0x3E, 0x6B, 0x3D, 0x6B, 0x3D, 0x6B, 0x3C, 0x6B, 0x3C, 0x6B, 0x3C, 0x6B, 
	0x3A, 0x6B, 0x3A, 0x6B, 0x3A, 0x6B, 0x3A, 0x6B, 0x3A, 0x6B, 0x3A, 0x6B, 0x3A, 0x6B, 0x3A, 0x6B, 
	0x3C, 0x6B, 0x3C, 0x6B, 0x3B, 0x6B, 0x3B, 0x6B, 0x3A, 0x6B, 0x39, 0x6B, 0x39, 0x6B, 0x39, 0x6B, 
	0x39, 0x6B, 0x39, 0x6B, 0x3A, 0x6B, 0x3B, 0x6B, 0x3A, 0x6B, 0x39, 0x6B, 0x37, 0x6B, 0x37, 0x6B, 
	0x39, 0x6B, 0x3A, 0x6A, 0x3B, 0x6A, 0x3C, 0x6A, 0x3F, 0x6A, 0x40, 0x69, 0x42, 0x68, 0x42, 0x68, 
	0x41, 0x68, 0x41, 0x68, 0x41, 0x68, 0x41, 0x68, 0x41, 0x68, 0x42, 0x68, 0x43, 0x68, 0x43, 0x68, 
	0x44, 0x69, 0x44, 0x69, 0x44, 0x69, 0x45, 0x69, 0x45, 0x69, 0x46, 0x69, 0x46, 0x69, 0x45, 0x69, 
	0x44, 0x68, 0x44, 0x68, 0x45, 0x68, 0x45, 0x68, 0x46, 0x69, 0x46, 0x69, 0x46, 0x6A, 0x46, 0x6A, 
	0x46, 0x6B, 0x46, 0x6B, 0x47, 0x6C, 0x48, 0x6C, 0x49, 0x6C, 0x4B, 0x6C, 0x4C, 0x6D, 0x4C, 0x6D, 
	0x4C, 0x6D, 0x4C, 0x6D, 0x4C, 0x6D, 0x4C, 0x6E, 0x4C, 0x6E, 0x4C, 0x6E, 0x4C, 0x6E, 0x4C, 0x6E, 
	0x36, 0x6B, 0x36, 0x6B, 0x36, 0x6B, 0x36, 0x6B, 0x36, 0x6B, 0x36, 0x6B, 0x36, 0x6B, 0x36, 0x6B, 
	0x36, 0x6C, 0x36, 0x6C, 0x36, 0x6C, 0x36, 0x6C, 0x36, 0x6C, 0x36, 0x6C, 0x36, 0x6C, 0x36, 0x6C, 
	0x37, 0x6C, 0x37, 0x6C, 0x37, 0x6C, 0x37, 0x6C, 0x37, 0x6C, 0x37, 0x6C, 0x37, 0x6C, 0x37, 0x6C, 
	0x38, 0x6D, 0x38, 0x6D, 0x38, 0x6D, 0x38, 0x6D, 0x38, 0x6D, 0x38, 0x6D, 0x38, 0x6D, 0x39, 0x6D, 
	0x3B, 0x6C, 0x3B, 0x6C, 0x3C, 0x6D, 0x3D, 0x6D, 0x3D, 0x6D, 0x3D, 0x6D, 0x3D, 0x6D, 0x3E, 0x6C, 
	0x3F, 0x6D, 0x3F, 0x6D, 0x3E, 0x6C, 0x3D, 0x6D, 0x3D, 0x6D, 0x3D, 0x6D, 0x3C, 0x6C, 0x3C, 0x6C, 
	0x3D, 0x6C, 0x3D, 0x6B, 0x3C, 0x6B, 0x3C, 0x6B, 0x3C, 0x6B, 0x3A, 0x6B, 0x3A, 0x6B, 0x3A, 0x6B, 
	0x3B, 0x6B, 0x3B, 0x6B, 0x3B, 0x6B, 0x3B, 0x6B, 0x3B, 0x6B, 0x3B, 0x6B, 0x3B, 0x6B, 0x3C, 0x6B, 
	0x3D, 0x6B, 0x3D, 0x6B, 0x3D, 0x6B, 0x3C, 0x6B, 0x3C, 0x6B, 0x3B, 0x6B, 0x3A, 0x6B, 0x3A, 0x6B, 
	0x39, 0x6B, 0x3A, 0x6B, 0x3B, 0x6B, 0x3B, 0x6B, 0x3B, 0x6B, 0x39, 0x6B, 0x37, 0x6B, 0x37, 0x6B, 
	0x39, 0x6A, 0x3B, 0x6A, 0x3C, 0x6A, 0x3E, 0x6A, 0x40, 0x6A, 0x42, 0x69, 0x44, 0x68, 0x44, 0x68, 
	0x43, 0x68, 0x43, 0x68, 0x43, 0x68, 0x43, 0x68, 0x44, 0x68, 0x44, 0x68, 0x44, 0x68, 0x44, 0x68, 
	0x45, 0x68, 0x45, 0x68, 0x45, 0x68, 0x46, 0x68, 0x46, 0x68, 0x47, 0x68, 0x47, 0x68, 0x47, 0x68, 
	0x45, 0x68, 0x45, 0x68, 0x46, 0x68, 0x46, 0x68, 0x46, 0x69, 0x47, 0x69, 0x47, 0x69, 0x47, 0x6A, 
	0x46, 0x6B, 0x46, 0x6B, 0x47, 0x6C, 0x48, 0x6C, 0x49, 0x6C, 0x4B, 0x6D, 0x4C, 0x6D, 0x4D, 0x6D, 
	0x4C, 0x6D, 0x4C, 0x6D, 0x4C, 0x6D, 0x4C, 0x6E, 0x4C, 0x6E, 0x4C, 0x6E, 0x4C, 0x6E, 0x4C, 0x6E
};

const uint32_t h264_encode_stream_256x128_bytes = (uint32_t)sizeof(h264_encode_stream_256x128);
