const unsigned char rock_wav[] = {
    0x52, 0x49, 0x46, 0x46, 0x06, 0x44, 0x00, 0x00, 0x57, 0x41, 0x56, 0x45, 0x66, 0x6D, 0x74, 0x20,
    0x10, 0x00, 0x00, 0x00, 0x01, 0x00, 0x01, 0x00, 0x80, 0x3E, 0x00, 0x00, 0x00, 0x7D, 0x00, 0x00,
    0x02, 0x00, 0x10, 0x00, 0x4C, 0x49, 0x53, 0x54, 0x1A, 0x00, 0x00, 0x00, 0x49, 0x4E, 0x46, 0x4F,
    0x49, 0x53, 0x46, 0x54, 0x0E, 0x00, 0x00, 0x00, 0x4C, 0x61, 0x76, 0x66, 0x35, 0x38, 0x2E, 0x37,
    0x36, 0x2E, 0x31, 0x30, 0x30, 0x00, 0x64, 0x61, 0x74, 0x61, 0xC0, 0x43, 0x00, 0x00, 0x00, 0x00,
    0x00, 0x00, 0x00, 0x00, 0x00, 0x00, 0x00, 0x00, 0x00, 0x00, 0x00, 0x00, 0x00, 0x00, 0x00, 0x00,
    0x00, 0x00, 0x00, 0x00, 0x00, 0x00, 0x00, 0x00, 0x00, 0x00, 0x00, 0x00, 0x00, 0x00, 0x00, 0x00,
    0x00, 0x00, 0x00, 0x00, 0x00, 0x00, 0x00, 0x00, 0x00, 0x00, 0x00, 0x00, 0x00, 0x00, 0x00, 0x00,
    0x00, 0x00, 0x00, 0x00, 0x00, 0x00, 0x00, 0x00, 0x00, 0x00, 0x00, 0x00, 0x00, 0x00, 0x00, 0x00,
    0x00, 0x00, 0x00, 0x00, 0x00, 0x00, 0x00, 0x00, 0x00, 0x00, 0x00, 0x00, 0x00, 0x00, 0x00, 0x00,
    0x00, 0x00, 0x00, 0x00, 0x00, 0x00, 0x00, 0x00, 0x00, 0x00, 0x00, 0x00, 0x00, 0x00, 0x00, 0x00,
    0x00, 0x00, 0x00, 0x00, 0x00, 0x00, 0x00, 0x00, 0x00, 0x00, 0x00, 0x00, 0x00, 0x00, 0x00, 0x00,
    0x00, 0x00, 0x00, 0x00, 0x00, 0x00, 0x00, 0x00, 0x00, 0x00, 0x00, 0x00, 0x00, 0x00, 0x00, 0x00,
    0x00, 0x00, 0x00, 0x00, 0x00, 0x00, 0x00, 0x00, 0x00, 0x00, 0x00, 0x00, 0x00, 0x00, 0x00, 0x00,
    0x00, 0x00, 0x00, 0x00, 0x00, 0x00, 0x00, 0x00, 0x00, 0x00, 0x00, 0x00, 0x00, 0x00, 0x00, 0x00,
    0x00, 0x00, 0x00, 0x00, 0x00, 0x00, 0x00, 0x00, 0x00, 0x00, 0x00, 0x00, 0x00, 0x00, 0x00, 0x00,
    0x00, 0x00, 0x00, 0x00, 0x00, 0x00, 0x00, 0x00, 0x00, 0x00, 0x00, 0x00, 0x00, 0x00, 0x00, 0x00,
    0x00, 0x00, 0x00, 0x00, 0x00, 0x00, 0x00, 0x00, 0x00, 0x00, 0x00, 0x00, 0x00, 0x00, 0x00, 0x00,
    0x00, 0x00, 0x00, 0x00, 0x00, 0x00, 0x00, 0x00, 0x00, 0x00, 0x00, 0x00, 0x00, 0x00, 0x00, 0x00,
    0x00, 0x00, 0x00, 0x00, 0x00, 0x00, 0x00, 0x00, 0x00, 0x00, 0x00, 0x00, 0x00, 0x00, 0x00, 0x00,
    0x00, 0x00, 0x00, 0x00, 0x00, 0x00, 0x00, 0x00, 0x00, 0x00, 0x00, 0x00, 0x00, 0x00, 0x00, 0x00,
    0x00, 0x00, 0x00, 0x00, 0x00, 0x00, 0x00, 0x00, 0x00, 0x00, 0x00, 0x00, 0x00, 0x00, 0x00, 0x00,
    0x00, 0x00, 0x00, 0x00, 0x00, 0x00, 0x00, 0x00, 0x00, 0x00, 0x00, 0x00, 0x00, 0x00, 0x00, 0x00,
    0x00, 0x00, 0x00, 0x00, 0x00, 0x00, 0x00, 0x00, 0x00, 0x00, 0x00, 0x00, 0x00, 0x00, 0x00, 0x00,
    0x00, 0x00, 0x00, 0x00, 0x00, 0x00, 0x00, 0x00, 0x00, 0x00, 0x00, 0x00, 0x00, 0x00, 0x00, 0x00,
    0x00, 0x00, 0x00, 0x00, 0x00, 0x00, 0x00, 0x00, 0x00, 0x00, 0x00, 0x00, 0x00, 0x00, 0x00, 0x00,
    0x00, 0x00, 0x00, 0x00, 0x00, 0x00, 0x00, 0x00, 0x00, 0x00, 0x00, 0x00, 0x00, 0x00, 0x00, 0x00,
    0x00, 0x00, 0x00, 0x00, 0x00, 0x00, 0x00, 0x00, 0x00, 0x00, 0x00, 0x00, 0x00, 0x00, 0x00, 0x00,
    0x00, 0x00, 0x00, 0x00, 0x00, 0x00, 0x00, 0x00, 0x00, 0x00, 0x00, 0x00, 0x00, 0x00, 0x00, 0x00,
    0x00, 0x00, 0x00, 0x00, 0x00, 0x00, 0x00, 0x00, 0x00, 0x00, 0x00, 0x00, 0x00, 0x00, 0x00, 0x00,
    0x00, 0x00, 0x00, 0x00, 0x00, 0x00, 0x00, 0x00, 0x00, 0x00, 0x00, 0x00, 0x00, 0x00, 0x00, 0x00,
    0x00, 0x00, 0x00, 0x00, 0x00, 0x00, 0x00, 0x00, 0x00, 0x00, 0x00, 0x00, 0x00, 0x00, 0x00, 0x00,
    0x00, 0x00, 0x00, 0x00, 0x00, 0x00, 0x00, 0x00, 0x00, 0x00, 0x00, 0x00, 0x00, 0x00, 0x00, 0x00,
    0x00, 0x00, 0x00, 0x00, 0x00, 0x00, 0x00, 0x00, 0x00, 0x00, 0x00, 0x00, 0x00, 0x00, 0x00, 0x00,
    0x00, 0x00, 0x00, 0x00, 0x00, 0x00, 0x00, 0x00, 0x00, 0x00, 0x00, 0x00, 0x00, 0x00, 0x00, 0x00,
    0x00, 0x00, 0x00, 0x00, 0x00, 0x00, 0x00, 0x00, 0x00, 0x00, 0x00, 0x00, 0x00, 0x00, 0x00, 0x00,
    0x00, 0x00, 0x00, 0x00, 0x00, 0x00, 0x00, 0x00, 0x00, 0x00, 0x00, 0x00, 0x00, 0x00, 0x00, 0x00,
    0x00, 0x00, 0x00, 0x00, 0x00, 0x00, 0x00, 0x00, 0x00, 0x00, 0x00, 0x00, 0x00, 0x00, 0x00, 0x00,
    0x00, 0x00, 0x00, 0x00, 0x00, 0x00, 0x00, 0x00, 0x00, 0x00, 0x00, 0x00, 0x00, 0x00, 0x00, 0x00,
    0x00, 0x00, 0x00, 0x00, 0x00, 0x00, 0x00, 0x00, 0x00, 0x00, 0x00, 0x00, 0x00, 0x00, 0x00, 0x00,
    0x00, 0x00, 0x00, 0x00, 0x00, 0x00, 0x00, 0x00, 0x00, 0x00, 0x00, 0x00, 0x00, 0x00, 0x00, 0x00,
    0x00, 0x00, 0x00, 0x00, 0x00, 0x00, 0x00, 0x00, 0x00, 0x00, 0x00, 0x00, 0x00, 0x00, 0x00, 0x00,
    0x00, 0x00, 0x00, 0x00, 0x00, 0x00, 0x00, 0x00, 0x00, 0x00, 0x00, 0x00, 0x00, 0x00, 0x00, 0x00,
    0x00, 0x00, 0x00, 0x00, 0x00, 0x00, 0x00, 0x00, 0x00, 0x00, 0x00, 0x00, 0x00, 0x00, 0x00, 0x00,
    0x00, 0x00, 0x00, 0x00, 0x00, 0x00, 0x00, 0x00, 0x00, 0x00, 0x00, 0x00, 0x00, 0x00, 0x00, 0x00,
    0x00, 0x00, 0x00, 0x00, 0x00, 0x00, 0x00, 0x00, 0x00, 0x00, 0x00, 0x00, 0x00, 0x00, 0x00, 0x00,
    0x00, 0x00, 0x00, 0x00, 0x00, 0x00, 0x00, 0x00, 0x00, 0x00, 0x00, 0x00, 0x00, 0x00, 0x00, 0x00,
    0x00, 0x00, 0x00, 0x00, 0x00, 0x00, 0x00, 0x00, 0x00, 0x00, 0x00, 0x00, 0x00, 0x00, 0x00, 0x00,
    0x00, 0x00, 0x00, 0x00, 0x00, 0x00, 0x00, 0x00, 0x00, 0x00, 0x00, 0x00, 0x00, 0x00, 0x00, 0x00,
    0x00, 0x00, 0x00, 0x00, 0x00, 0x00, 0x00, 0x00, 0x00, 0x00, 0x00, 0x00, 0x00, 0x00, 0x00, 0x00,
    0x00, 0x00, 0x00, 0x00, 0x00, 0x00, 0x00, 0x00, 0x00, 0x00, 0x00, 0x00, 0x00, 0x00, 0x00, 0x00,
    0x00, 0x00, 0x00, 0x00, 0x00, 0x00, 0x00, 0x00, 0x00, 0x00, 0x00, 0x00, 0x00, 0x00, 0x00, 0x00,
    0x00, 0x00, 0x00, 0x00, 0x00, 0x00, 0x00, 0x00, 0x00, 0x00, 0x00, 0x00, 0x00, 0x00, 0x00, 0x00,
    0x00, 0x00, 0x00, 0x00, 0x00, 0x00, 0x00, 0x00, 0x00, 0x00, 0x00, 0x00, 0x00, 0x00, 0x00, 0x00,
    0x00, 0x00, 0x00, 0x00, 0x00, 0x00, 0x00, 0x00, 0x00, 0x00, 0x00, 0x00, 0x00, 0x00, 0x00, 0x00,
    0x00, 0x00, 0x00, 0x00, 0x00, 0x00, 0x00, 0x00, 0x00, 0x00, 0x00, 0x00, 0x00, 0x00, 0x00, 0x00,
    0x00, 0x00, 0x00, 0x00, 0x00, 0x00, 0x00, 0x00, 0x00, 0x00, 0x00, 0x00, 0x00, 0x00, 0x00, 0x00,
    0x00, 0x00, 0x00, 0x00, 0x00, 0x00, 0x00, 0x00, 0x00, 0x00, 0x00, 0x00, 0x00, 0x00, 0x00, 0x00,
    0x00, 0x00, 0x00, 0x00, 0x00, 0x00, 0x00, 0x00, 0x00, 0x00, 0x00, 0x00, 0x00, 0x00, 0x00, 0x00,
    0x00, 0x00, 0x00, 0x00, 0x00, 0x00, 0x00, 0x00, 0x00, 0x00, 0x00, 0x00, 0x00, 0x00, 0x00, 0x00,
    0x00, 0x00, 0x00, 0x00, 0x00, 0x00, 0x00, 0x00, 0x00, 0x00, 0x00, 0x00, 0x00, 0x00, 0x00, 0x00,
    0x00, 0x00, 0x00, 0x00, 0x00, 0x00, 0x00, 0x00, 0x00, 0x00, 0x00, 0x00, 0x00, 0x00, 0x00, 0x00,
    0x00, 0x00, 0x00, 0x00, 0x00, 0x00, 0x00, 0x00, 0x00, 0x00, 0x00, 0x00, 0x00, 0x00, 0x00, 0x00,
    0x00, 0x00, 0x00, 0x00, 0x00, 0x00, 0x00, 0x00, 0x00, 0x00, 0x00, 0x00, 0x00, 0x00, 0x00, 0x00,
    0x00, 0x00, 0x00, 0x00, 0x00, 0x00, 0x00, 0x00, 0x00, 0x00, 0x00, 0x00, 0x00, 0x00, 0x00, 0x00,
    0x00, 0x00, 0x00, 0x00, 0x00, 0x00, 0x00, 0x00, 0x00, 0x00, 0x00, 0x00, 0x00, 0x00, 0x00, 0x00,
    0x00, 0x00, 0x00, 0x00, 0x00, 0x00, 0x00, 0x00, 0x00, 0x00, 0x00, 0x00, 0x00, 0x00, 0x00, 0x00,
    0x00, 0x00, 0x00, 0x00, 0x00, 0x00, 0x00, 0x00, 0x00, 0x00, 0x00, 0x00, 0x00, 0x00, 0x00, 0x00,
    0x00, 0x00, 0x00, 0x00, 0x00, 0x00, 0x00, 0x00, 0x00, 0x00, 0x00, 0x00, 0x00, 0x00, 0x00, 0x00,
    0x00, 0x00, 0x00, 0x00, 0x00, 0x00, 0x00, 0x00, 0x00, 0x00, 0x00, 0x00, 0x00, 0x00, 0x00, 0x00,
    0x00, 0x00, 0x00, 0x00, 0x00, 0x00, 0x00, 0x00, 0x00, 0x00, 0x00, 0x00, 0x00, 0x00, 0x00, 0x00,
    0x00, 0x00, 0x00, 0x00, 0x00, 0x00, 0x00, 0x00, 0x00, 0x00, 0x00, 0x00, 0x00, 0x00, 0x00, 0x00,
    0x00, 0x00, 0x00, 0x00, 0x00, 0x00, 0x00, 0x00, 0x00, 0x00, 0x00, 0x00, 0x00, 0x00, 0x00, 0x00,
    0x00, 0x00, 0x00, 0x00, 0x00, 0x00, 0x00, 0x00, 0x00, 0x00, 0x00, 0x00, 0x00, 0x00, 0x00, 0x00,
    0x00, 0x00, 0x00, 0x00, 0x00, 0x00, 0x00, 0x00, 0x00, 0x00, 0x00, 0x00, 0x00, 0x00, 0x00, 0x00,
    0x00, 0x00, 0x00, 0x00, 0x00, 0x00, 0x00, 0x00, 0x00, 0x00, 0x00, 0x00, 0x00, 0x00, 0x00, 0x00,
    0x00, 0x00, 0x00, 0x00, 0x00, 0x00, 0x00, 0x00, 0x00, 0x00, 0x00, 0x00, 0x00, 0x00, 0x00, 0x00,
    0x00, 0x00, 0x00, 0x00, 0x00, 0x00, 0x00, 0x00, 0x00, 0x00, 0x00, 0x00, 0x00, 0x00, 0x00, 0x00,
    0x00, 0x00, 0x00, 0x00, 0x00, 0x00, 0x00, 0x00, 0x00, 0x00, 0x00, 0x00, 0x00, 0x00, 0x00, 0x00,
    0x00, 0x00, 0x00, 0x00, 0x00, 0x00, 0x00, 0x00, 0x00, 0x00, 0x00, 0x00, 0x00, 0x00, 0x00, 0x00,
    0x00, 0x00, 0x00, 0x00, 0x00, 0x00, 0x00, 0x00, 0x00, 0x00, 0x00, 0x00, 0x00, 0x00, 0x00, 0x00,
    0x00, 0x00, 0x00, 0x00, 0x00, 0x00, 0x00, 0x00, 0x00, 0x00, 0x00, 0x00, 0x00, 0x00, 0x00, 0x00,
    0x00, 0x00, 0x00, 0x00, 0x00, 0x00, 0x00, 0x00, 0x00, 0x00, 0x00, 0x00, 0x00, 0x00, 0x00, 0x00,
    0x00, 0x00, 0x00, 0x00, 0x00, 0x00, 0x00, 0x00, 0x00, 0x00, 0x00, 0x00, 0x00, 0x00, 0x00, 0x00,
    0x00, 0x00, 0x00, 0x00, 0x00, 0x00, 0x00, 0x00, 0x00, 0x00, 0x00, 0x00, 0x00, 0x00, 0x00, 0x00,
    0x00, 0x00, 0x00, 0x00, 0x00, 0x00, 0x00, 0x00, 0x00, 0x00, 0x00, 0x00, 0x00, 0x00, 0x00, 0x00,
    0x00, 0x00, 0x00, 0x00, 0x00, 0x00, 0x00, 0x00, 0x00, 0x00, 0x00, 0x00, 0x00, 0x00, 0x00, 0x00,
    0x00, 0x00, 0x00, 0x00, 0x00, 0x00, 0x00, 0x00, 0x00, 0x00, 0x00, 0x00, 0x00, 0x00, 0x00, 0x00,
    0x00, 0x00, 0x00, 0x00, 0x00, 0x00, 0x00, 0x00, 0x00, 0x00, 0x00, 0x00, 0x00, 0x00, 0x00, 0x00,
    0x00, 0x00, 0x00, 0x00, 0x00, 0x00, 0x00, 0x00, 0x00, 0x00, 0x00, 0x00, 0x00, 0x00, 0x00, 0x00,
    0x00, 0x00, 0x00, 0x00, 0x00, 0x00, 0x00, 0x00, 0x00, 0x00, 0x00, 0x00, 0x00, 0x00, 0x00, 0x00,
    0x00, 0x00, 0x00, 0x00, 0x00, 0x00, 0x00, 0x00, 0x00, 0x00, 0x00, 0x00, 0x00, 0x00, 0x00, 0x00,
    0x00, 0x00, 0x00, 0x00, 0x00, 0x00, 0x00, 0x00, 0x00, 0x00, 0x00, 0x00, 0x00, 0x00, 0x00, 0x00,
    0x00, 0x00, 0x00, 0x00, 0x00, 0x00, 0x00, 0x00, 0x00, 0x00, 0x00, 0x00, 0x00, 0x00, 0x00, 0x00,
    0x00, 0x00, 0x00, 0x00, 0x00, 0x00, 0x00, 0x00, 0x00, 0x00, 0x00, 0x00, 0x00, 0x00, 0x00, 0x00,
    0x00, 0x00, 0x00, 0x00, 0x00, 0x00, 0x00, 0x00, 0x00, 0x00, 0x00, 0x00, 0x00, 0x00, 0x00, 0x00,
    0x00, 0x00, 0x00, 0x00, 0x00, 0x00, 0x00, 0x00, 0x00, 0x00, 0x00, 0x00, 0x00, 0x00, 0x00, 0x00,
    0x00, 0x00, 0x00, 0x00, 0x00, 0x00, 0x00, 0x00, 0x00, 0x00, 0x00, 0x00, 0x00, 0x00, 0x00, 0x00,
    0x00, 0x00, 0x00, 0x00, 0x00, 0x00, 0x00, 0x00, 0x00, 0x00, 0x00, 0x00, 0x00, 0x00, 0x00, 0x00,
    0x00, 0x00, 0x00, 0x00, 0x00, 0x00, 0x00, 0x00, 0x00, 0x00, 0x00, 0x00, 0x00, 0x00, 0x00, 0x00,
    0x00, 0x00, 0x00, 0x00, 0x00, 0x00, 0x00, 0x00, 0x00, 0x00, 0x00, 0x00, 0x00, 0x00, 0x00, 0x00,
    0x00, 0x00, 0x00, 0x00, 0x00, 0x00, 0x00, 0x00, 0x00, 0x00, 0x00, 0x00, 0x00, 0x00, 0x00, 0x00,
    0x00, 0x00, 0x00, 0x00, 0x00, 0x00, 0x00, 0x00, 0x00, 0x00, 0x00, 0x00, 0x00, 0x00, 0x00, 0x00,
    0x00, 0x00, 0x00, 0x00, 0x00, 0x00, 0x00, 0x00, 0x00, 0x00, 0x00, 0x00, 0x00, 0x00, 0x00, 0x00,
    0x00, 0x00, 0x00, 0x00, 0x00, 0x00, 0x00, 0x00, 0x00, 0x00, 0x00, 0x00, 0x00, 0x00, 0x00, 0x00,
    0x00, 0x00, 0x00, 0x00, 0x00, 0x00, 0x00, 0x00, 0x00, 0x00, 0x00, 0x00, 0x00, 0x00, 0x00, 0x00,
    0x00, 0x00, 0x00, 0x00, 0x00, 0x00, 0x00, 0x00, 0x00, 0x00, 0x00, 0x00, 0x00, 0x00, 0x00, 0x00,
    0x00, 0x00, 0x00, 0x00, 0x00, 0x00, 0x00, 0x00, 0x00, 0x00, 0x00, 0x00, 0x00, 0x00, 0x00, 0x00,
    0x00, 0x00, 0x00, 0x00, 0x00, 0x00, 0x00, 0x00, 0x00, 0x00, 0x00, 0x00, 0x00, 0x00, 0x00, 0x00,
    0x00, 0x00, 0x00, 0x00, 0x00, 0x00, 0x00, 0x00, 0x00, 0x00, 0x00, 0x00, 0x00, 0x00, 0x00, 0x00,
    0x00, 0x00, 0x00, 0x00, 0x00, 0x00, 0x00, 0x00, 0x00, 0x00, 0x00, 0x00, 0x00, 0x00, 0x00, 0x00,
    0x00, 0x00, 0x00, 0x00, 0x00, 0x00, 0x00, 0x00, 0x00, 0x00, 0x00, 0x00, 0x00, 0x00, 0x00, 0x00,
    0x00, 0x00, 0x00, 0x00, 0x00, 0x00, 0x00, 0x00, 0x00, 0x00, 0x00, 0x00, 0x00, 0x00, 0x00, 0x00,
    0x00, 0x00, 0x00, 0x00, 0x00, 0x00, 0x00, 0x00, 0x00, 0x00, 0x00, 0x00, 0x00, 0x00, 0x00, 0x00,
    0x00, 0x00, 0x00, 0x00, 0x00, 0x00, 0x00, 0x00, 0x00, 0x00, 0x00, 0x00, 0x00, 0x00, 0x00, 0x00,
    0x00, 0x00, 0x00, 0x00, 0x00, 0x00, 0x00, 0x00, 0x00, 0x00, 0x00, 0x00, 0x00, 0x00, 0x00, 0x00,
    0x00, 0x00, 0x00, 0x00, 0x00, 0x00, 0x00, 0x00, 0x00, 0x00, 0x00, 0x00, 0x00, 0x00, 0x00, 0x00,
    0x00, 0x00, 0x00, 0x00, 0x00, 0x00, 0x00, 0x00, 0x00, 0x00, 0x00, 0x00, 0x00, 0x00, 0x00, 0x00,
    0x00, 0x00, 0x00, 0x00, 0x00, 0x00, 0x00, 0x00, 0x00, 0x00, 0x00, 0x00, 0x00, 0x00, 0x00, 0x00,
    0x00, 0x00, 0x00, 0x00, 0x00, 0x00, 0x00, 0x00, 0x00, 0x00, 0x00, 0x00, 0x00, 0x00, 0x00, 0x00,
    0x00, 0x00, 0x00, 0x00, 0x00, 0x00, 0x00, 0x00, 0x00, 0x00, 0x00, 0x00, 0x00, 0x00, 0x00, 0x00,
    0x00, 0x00, 0x00, 0x00, 0x00, 0x00, 0x00, 0x00, 0x00, 0x00, 0x00, 0x00, 0x00, 0x00, 0x00, 0x00,
    0x00, 0x00, 0x00, 0x00, 0x00, 0x00, 0x00, 0x00, 0x00, 0x00, 0x00, 0x00, 0x00, 0x00, 0x00, 0x00,
    0x00, 0x00, 0x00, 0x00, 0x00, 0x00, 0x00, 0x00, 0x00, 0x00, 0x00, 0x00, 0x00, 0x00, 0x00, 0x00,
    0x00, 0x00, 0x00, 0x00, 0x00, 0x00, 0x00, 0x00, 0x00, 0x00, 0x00, 0x00, 0x00, 0x00, 0x00, 0x00,
    0x00, 0x00, 0x00, 0x00, 0x00, 0x00, 0x00, 0x00, 0x00, 0x00, 0x00, 0x00, 0x00, 0x00, 0x00, 0x00,
    0x00, 0x00, 0x00, 0x00, 0x00, 0x00, 0x00, 0x00, 0x00, 0x00, 0x00, 0x00, 0x00, 0x00, 0x00, 0x00,
    0x00, 0x00, 0x00, 0x00, 0x00, 0x00, 0x00, 0x00, 0x00, 0x00, 0x00, 0x00, 0x00, 0x00, 0x00, 0x00,
    0x00, 0x00, 0x00, 0x00, 0x00, 0x00, 0x00, 0x00, 0x00, 0x00, 0x00, 0x00, 0x00, 0x00, 0x00, 0x00,
    0x00, 0x00, 0x00, 0x00, 0x00, 0x00, 0x00, 0x00, 0x00, 0x00, 0x00, 0x00, 0x00, 0x00, 0x00, 0x00,
    0x00, 0x00, 0x00, 0x00, 0x00, 0x00, 0x00, 0x00, 0x00, 0x00, 0x00, 0x00, 0x00, 0x00, 0x00, 0x00,
    0x00, 0x00, 0x00, 0x00, 0x00, 0x00, 0x00, 0x00, 0x00, 0x00, 0x00, 0x00, 0x00, 0x00, 0x00, 0x00,
    0x00, 0x00, 0x00, 0x00, 0x00, 0x00, 0x00, 0x00, 0x00, 0x00, 0x00, 0x00, 0x00, 0x00, 0x00, 0x00,
    0x00, 0x00, 0x00, 0x00, 0x00, 0x00, 0x00, 0x00, 0x00, 0x00, 0x00, 0x00, 0x00, 0x00, 0x00, 0x00,
    0x00, 0x00, 0x00, 0x00, 0x00, 0x00, 0x00, 0x00, 0x00, 0x00, 0x00, 0x00, 0x00, 0x00, 0x00, 0x00,
    0x00, 0x00, 0x00, 0x00, 0x00, 0x00, 0x00, 0x00, 0x00, 0x00, 0x00, 0x00, 0x00, 0x00, 0x00, 0x00,
    0x00, 0x00, 0x00, 0x00, 0x00, 0x00, 0x00, 0x00, 0x00, 0x00, 0x00, 0x00, 0x00, 0x00, 0x00, 0x00,
    0x00, 0x00, 0x00, 0x00, 0x00, 0x00, 0x00, 0x00, 0x00, 0x00, 0x00, 0x00, 0x00, 0x00, 0x00, 0x00,
    0x00, 0x00, 0x00, 0x00, 0x00, 0x00, 0x00, 0x00, 0x00, 0x00, 0x00, 0x00, 0x00, 0x00, 0x00, 0x00,
    0x00, 0x00, 0x00, 0x00, 0x00, 0x00, 0x00, 0x00, 0x00, 0x00, 0x00, 0x00, 0x00, 0x00, 0x00, 0x00,
    0x00, 0x00, 0x00, 0x00, 0x00, 0x00, 0x00, 0x00, 0x00, 0x00, 0x00, 0x00, 0x00, 0x00, 0x00, 0x00,
    0x00, 0x00, 0x00, 0x00, 0x00, 0x00, 0x00, 0x00, 0x00, 0x00, 0x00, 0x00, 0x00, 0x00, 0x00, 0x00,
    0x00, 0x00, 0x00, 0x00, 0x00, 0x00, 0x00, 0x00, 0x00, 0x00, 0x00, 0x00, 0x00, 0x00, 0x00, 0x00,
    0x00, 0x00, 0x00, 0x00, 0x00, 0x00, 0x00, 0x00, 0x00, 0x00, 0x00, 0x00, 0x00, 0x00, 0x00, 0x00,
    0x00, 0x00, 0x00, 0x00, 0x00, 0x00, 0x00, 0x00, 0x00, 0x00, 0x00, 0x00, 0x00, 0x00, 0x00, 0x00,
    0x00, 0x00, 0x00, 0x00, 0x00, 0x00, 0x00, 0x00, 0x00, 0x00, 0x00, 0x00, 0x00, 0x00, 0x00, 0x00,
    0x00, 0x00, 0x00, 0x00, 0x00, 0x00, 0x00, 0x00, 0x00, 0x00, 0x00, 0x00, 0x00, 0x00, 0x00, 0x00,
    0x00, 0x00, 0x00, 0x00, 0x00, 0x00, 0x00, 0x00, 0x00, 0x00, 0x00, 0x00, 0x00, 0x00, 0x00, 0x00,
    0x00, 0x00, 0x00, 0x00, 0x00, 0x00, 0x00, 0x00, 0x00, 0x00, 0x00, 0x00, 0x00, 0x00, 0x00, 0x00,
    0x00, 0x00, 0x00, 0x00, 0x00, 0x00, 0x00, 0x00, 0x00, 0x00, 0x00, 0x00, 0x00, 0x00, 0x00, 0x00,
    0x00, 0x00, 0x00, 0x00, 0x00, 0x00, 0x00, 0x00, 0x00, 0x00, 0x00, 0x00, 0x00, 0x00, 0x00, 0x00,
    0x00, 0x00, 0x00, 0x00, 0x00, 0x00, 0x00, 0x00, 0x00, 0x00, 0x00, 0x00, 0x00, 0x00, 0x00, 0x00,
    0x00, 0x00, 0x00, 0x00, 0x00, 0x00, 0x00, 0x00, 0x00, 0x00, 0x00, 0x00, 0x00, 0x00, 0x00, 0x00,
    0x00, 0x00, 0x00, 0x00, 0x00, 0x00, 0x00, 0x00, 0x00, 0x00, 0x00, 0x00, 0x00, 0x00, 0x00, 0x00,
    0x00, 0x00, 0x00, 0x00, 0x00, 0x00, 0x00, 0x00, 0x00, 0x00, 0x00, 0x00, 0x00, 0x00, 0x00, 0x00,
    0x00, 0x00, 0x00, 0x00, 0x00, 0x00, 0x00, 0x00, 0x00, 0x00, 0x00, 0x00, 0x00, 0x00, 0x00, 0x00,
    0x00, 0x00, 0x00, 0x00, 0x00, 0x00, 0x00, 0x00, 0x00, 0x00, 0x00, 0x00, 0x00, 0x00, 0x00, 0x00,
    0x00, 0x00, 0x00, 0x00, 0x00, 0x00, 0x00, 0x00, 0x00, 0x00, 0x00, 0x00, 0x00, 0x00, 0x00, 0x00,
    0x00, 0x00, 0x00, 0x00, 0x00, 0x00, 0x00, 0x00, 0x00, 0x00, 0x00, 0x00, 0x00, 0x00, 0x00, 0x00,
    0x00, 0x00, 0x00, 0x00, 0x00, 0x00, 0x00, 0x00, 0x00, 0x00, 0x00, 0x00, 0x00, 0x00, 0x00, 0x00,
    0x00, 0x00, 0x00, 0x00, 0x00, 0x00, 0x00, 0x00, 0x00, 0x00, 0x00, 0x00, 0x00, 0x00, 0x00, 0x00,
    0x00, 0x00, 0x00, 0x00, 0x00, 0x00, 0x00, 0x00, 0x00, 0x00, 0x00, 0x00, 0x00, 0x00, 0x00, 0x00,
    0x00, 0x00, 0x00, 0x00, 0x00, 0x00, 0x00, 0x00, 0x00, 0x00, 0x00, 0x00, 0x00, 0x00, 0x00, 0x00,
    0x00, 0x00, 0x00, 0x00, 0x00, 0x00, 0x00, 0x00, 0x00, 0x00, 0x00, 0x00, 0x00, 0x00, 0x00, 0x00,
    0x00, 0x00, 0x00, 0x00, 0x00, 0x00, 0x00, 0x00, 0x00, 0x00, 0x00, 0x00, 0x00, 0x00, 0x00, 0x00,
    0x00, 0x00, 0x00, 0x00, 0x00, 0x00, 0x00, 0x00, 0x00, 0x00, 0x00, 0x00, 0x00, 0x00, 0x00, 0x00,
    0x00, 0x00, 0x00, 0x00, 0x00, 0x00, 0x00, 0x00, 0x00, 0x00, 0x00, 0x00, 0x00, 0x00, 0x00, 0x00,
    0x00, 0x00, 0x00, 0x00, 0x00, 0x00, 0x00, 0x00, 0x00, 0x00, 0x00, 0x00, 0x00, 0x00, 0x00, 0x00,
    0x00, 0x00, 0x00, 0x00, 0x00, 0x00, 0x00, 0x00, 0x00, 0x00, 0x00, 0x00, 0x00, 0x00, 0x00, 0x00,
    0x00, 0x00, 0x00, 0x00, 0x00, 0x00, 0x00, 0x00, 0x00, 0x00, 0x00, 0x00, 0x00, 0x00, 0x00, 0x00,
    0x00, 0x00, 0x00, 0x00, 0x00, 0x00, 0x00, 0x00, 0x00, 0x00, 0x00, 0x00, 0x00, 0x00, 0x00, 0x00,
    0x00, 0x00, 0x00, 0x00, 0x00, 0x00, 0x00, 0x00, 0x00, 0x00, 0x00, 0x00, 0x00, 0x00, 0x00, 0x00,
    0x00, 0x00, 0x00, 0x00, 0x00, 0x00, 0x00, 0x00, 0x00, 0x00, 0x00, 0x00, 0x00, 0x00, 0x00, 0x00,
    0x00, 0x00, 0x00, 0x00, 0x00, 0x00, 0x00, 0x00, 0x00, 0x00, 0x00, 0x00, 0x00, 0x00, 0x00, 0x00,
    0x00, 0x00, 0x00, 0x00, 0x00, 0x00, 0x00, 0x00, 0x00, 0x00, 0x00, 0x00, 0x00, 0x00, 0x00, 0x00,
    0x00, 0x00, 0x00, 0x00, 0x00, 0x00, 0x00, 0x00, 0x00, 0x00, 0x00, 0x00, 0x00, 0x00, 0x00, 0x00,
    0x00, 0x00, 0x00, 0x00, 0x00, 0x00, 0x00, 0x00, 0x00, 0x00, 0x00, 0x00, 0x00, 0x00, 0x00, 0x00,
    0x00, 0x00, 0x00, 0x00, 0x00, 0x00, 0x00, 0x00, 0x00, 0x00, 0x00, 0x00, 0x00, 0x00, 0x00, 0x00,
    0x00, 0x00, 0x00, 0x00, 0x00, 0x00, 0x00, 0x00, 0x00, 0x00, 0x00, 0x00, 0x00, 0x00, 0x00, 0x00,
    0x00, 0x00, 0x00, 0x00, 0x00, 0x00, 0x00, 0x00, 0x00, 0x00, 0x00, 0x00, 0x00, 0x00, 0x00, 0x00,
    0x00, 0x00, 0x00, 0x00, 0x00, 0x00, 0x00, 0x00, 0x00, 0x00, 0x00, 0x00, 0x00, 0x00, 0x00, 0x00,
    0x00, 0x00, 0x00, 0x00, 0x00, 0x00, 0x00, 0x00, 0x00, 0x00, 0x00, 0x00, 0x00, 0x00, 0x00, 0x00,
    0x00, 0x00, 0x00, 0x00, 0x00, 0x00, 0x00, 0x00, 0x00, 0x00, 0x00, 0x00, 0x00, 0x00, 0x00, 0x00,
    0x00, 0x00, 0x00, 0x00, 0x00, 0x00, 0x00, 0x00, 0x00, 0x00, 0x00, 0x00, 0x00, 0x00, 0x00, 0x00,
    0x00, 0x00, 0x00, 0x00, 0x00, 0x00, 0x00, 0x00, 0x00, 0x00, 0x00, 0x00, 0x00, 0x00, 0x00, 0x00,
    0x00, 0x00, 0x00, 0x00, 0x00, 0x00, 0x00, 0x00, 0x00, 0x00, 0x00, 0x00, 0x00, 0x00, 0x00, 0x00,
    0x00, 0x00, 0x00, 0x00, 0x00, 0x00, 0x00, 0x00, 0x00, 0x00, 0x00, 0x00, 0x00, 0x00, 0x00, 0x00,
    0x00, 0x00, 0x00, 0x00, 0x00, 0x00, 0x00, 0x00, 0x00, 0x00, 0x00, 0x00, 0x00, 0x00, 0x00, 0x00,
    0x00, 0x00, 0x00, 0x00, 0x00, 0x00, 0x00, 0x00, 0x00, 0x00, 0x00, 0x00, 0x00, 0x00, 0x00, 0x00,
    0x00, 0x00, 0x00, 0x00, 0x00, 0x00, 0x00, 0x00, 0x00, 0x00, 0x00, 0x00, 0x00, 0x00, 0x00, 0x00,
    0x00, 0x00, 0x00, 0x00, 0x00, 0x00, 0x00, 0x00, 0x00, 0x00, 0x00, 0x00, 0x00, 0x00, 0x00, 0x00,
    0x00, 0x00, 0x00, 0x00, 0x00, 0x00, 0x00, 0x00, 0x00, 0x00, 0x00, 0x00, 0x00, 0x00, 0x00, 0x00,
    0x00, 0x00, 0x00, 0x00, 0x00, 0x00, 0x00, 0x00, 0x00, 0x00, 0x00, 0x00, 0x00, 0x00, 0x00, 0x00,
    0x00, 0x00, 0x00, 0x00, 0x00, 0x00, 0x00, 0x00, 0x00, 0x00, 0x00, 0x00, 0x00, 0x00, 0x00, 0x00,
    0x00, 0x00, 0x00, 0x00, 0x00, 0x00, 0x00, 0x00, 0x00, 0x00, 0x00, 0x00, 0x00, 0x00, 0x00, 0x00,
    0x00, 0x00, 0x00, 0x00, 0x00, 0x00, 0x00, 0x00, 0x00, 0x00, 0x00, 0x00, 0x00, 0x00, 0x00, 0x00,
    0x00, 0x00, 0x00, 0x00, 0x00, 0x00, 0x00, 0x00, 0x00, 0x00, 0x00, 0x00, 0x00, 0x00, 0x00, 0x00,
    0x00, 0x00, 0x00, 0x00, 0x00, 0x00, 0x00, 0x00, 0x00, 0x00, 0x00, 0x00, 0x00, 0x00, 0x00, 0x00,
    0x00, 0x00, 0x00, 0x00, 0x00, 0x00, 0x00, 0x00, 0x00, 0x00, 0x00, 0x00, 0x00, 0x00, 0x00, 0x00,
    0x00, 0x00, 0x00, 0x00, 0x00, 0x00, 0x00, 0x00, 0x00, 0x00, 0x00, 0x00, 0x00, 0x00, 0x00, 0x00,
    0x00, 0x00, 0x00, 0x00, 0x00, 0x00, 0x00, 0x00, 0x00, 0x00, 0x00, 0x00, 0x00, 0x00, 0x00, 0x00,
    0x00, 0x00, 0xFF, 0xFF, 0x00, 0x00, 0x00, 0x00, 0x00, 0x00, 0x00, 0x00, 0x00, 0x00, 0x00, 0x00,
    0x00, 0x00, 0x00, 0x00, 0xFF, 0xFF, 0x00, 0x00, 0x00, 0x00, 0xFE, 0xFF, 0x02, 0x00, 0xC9, 0xFF,
    0xC3, 0xFF, 0xD6, 0xFF, 0xDD, 0xFF, 0xEB, 0xFF, 0xF6, 0xFF, 0x05, 0x00, 0x10, 0x00, 0x1D, 0x00,
    0x27, 0x00, 0x32, 0x00, 0x3D, 0x00, 0x46, 0x00, 0x4E, 0x00, 0x53, 0x00, 0x59, 0x00, 0x5E, 0x00,
    0x62, 0x00, 0x65, 0x00, 0x67, 0x00, 0x68, 0x00, 0x67, 0x00, 0x64, 0x00, 0x60, 0x00, 0x5D, 0x00,
    0x5A, 0x00, 0x56, 0x00, 0x4F, 0x00, 0x4D, 0x00, 0x48, 0x00, 0x41, 0x00, 0x3A, 0x00, 0x35, 0x00,
    0x2E, 0x00, 0x26, 0x00, 0x21, 0x00, 0x1B, 0x00, 0x14, 0x00, 0x0D, 0x00, 0x09, 0x00, 0x04, 0x00,
    0x00, 0x00, 0xFD, 0xFF, 0xF9, 0xFF, 0xF7, 0xFF, 0xF2, 0xFF, 0xEF, 0xFF, 0xEB, 0xFF, 0xE8, 0xFF,
    0xE5, 0xFF, 0xE1, 0xFF, 0xDE, 0xFF, 0xDA, 0xFF, 0xD6, 0xFF, 0xD3, 0xFF, 0xD2, 0xFF, 0xCD, 0xFF,
    0xC9, 0xFF, 0xC4, 0xFF, 0xC1, 0xFF, 0xBD, 0xFF, 0xB6, 0xFF, 0xB0, 0xFF, 0xAA, 0xFF, 0xA6, 0xFF,
    0xA3, 0xFF, 0x9F, 0xFF, 0x99, 0xFF, 0x96, 0xFF, 0x93, 0xFF, 0x8F, 0xFF, 0x8E, 0xFF, 0x8C, 0xFF,
    0x8D, 0xFF, 0x8C, 0xFF, 0x8F, 0xFF, 0x92, 0xFF, 0x9A, 0xFF, 0xA1, 0xFF, 0xA8, 0xFF, 0xB3, 0xFF,
    0xC1, 0xFF, 0xCF, 0xFF, 0xDC, 0xFF, 0xEB, 0xFF, 0xF9, 0xFF, 0x07, 0x00, 0x14, 0x00, 0x23, 0x00,
    0x32, 0x00, 0x3F, 0x00, 0x4F, 0x00, 0x5C, 0x00, 0x6A, 0x00, 0x77, 0x00, 0x83, 0x00, 0x8D, 0x00,
    0x97, 0x00, 0xA0, 0x00, 0xA7, 0x00, 0xAC, 0x00, 0xAE, 0x00, 0xB1, 0x00, 0xB0, 0x00, 0xAF, 0x00,
    0xAE, 0x00, 0xAC, 0x00, 0xA9, 0x00, 0xA5, 0x00, 0xA1, 0x00, 0x9C, 0x00, 0x95, 0x00, 0x8C, 0x00,
    0x7F, 0x00, 0x71, 0x00, 0x65, 0x00, 0x57, 0x00, 0x48, 0x00, 0x39, 0x00, 0x2F, 0x00, 0x21, 0x00,
    0x0F, 0x00, 0x01, 0x00, 0xF6, 0xFF, 0xE9, 0xFF, 0xD8, 0xFF, 0xCB, 0xFF, 0xBD, 0xFF, 0xAD, 0xFF,
    0xA3, 0xFF, 0x99, 0xFF, 0x8D, 0xFF, 0x86, 0xFF, 0x7E, 0xFF, 0x78, 0xFF, 0x74, 0xFF, 0x70, 0xFF,
    0x6C, 0xFF, 0x68, 0xFF, 0x66, 0xFF, 0x68, 0xFF, 0x64, 0xFF, 0x62, 0xFF, 0x62, 0xFF, 0x60, 0xFF,
    0x62, 0xFF, 0x61, 0xFF, 0x61, 0xFF, 0x66, 0xFF, 0x67, 0xFF, 0x67, 0xFF, 0x67, 0xFF, 0x68, 0xFF,
    0x6A, 0xFF, 0x6A, 0xFF, 0x69, 0xFF, 0x68, 0xFF, 0x66, 0xFF, 0x63, 0xFF, 0x61, 0xFF, 0x5D, 0xFF,
    0x5C, 0xFF, 0x5C, 0xFF, 0x5F, 0xFF, 0x65, 0xFF, 0x6B, 0xFF, 0x73, 0xFF, 0x7C, 0xFF, 0x88, 0xFF,
    0x97, 0xFF, 0xA3, 0xFF, 0xB0, 0xFF, 0xC0, 0xFF, 0xD0, 0xFF, 0xE3, 0xFF, 0xF4, 0xFF, 0x08, 0x00,
    0x1B, 0x00, 0x34, 0x00, 0x49, 0x00, 0x60, 0x00, 0x7A, 0x00, 0x98, 0x00, 0xBD, 0x00, 0xDC, 0x00,
    0x00, 0x01, 0x25, 0x01, 0x46, 0x01, 0x69, 0x01, 0x8B, 0x01, 0xB0, 0x01, 0xD3, 0x01, 0xEF, 0x01,
    0x0C, 0x02, 0x22, 0x02, 0x34, 0x02, 0x48, 0x02, 0x55, 0x02, 0x65, 0x02, 0x6F, 0x02, 0x7A, 0x02,
    0x81, 0x02, 0x82, 0x02, 0x82, 0x02, 0x7C, 0x02, 0x73, 0x02, 0x64, 0x02, 0x4E, 0x02, 0x31, 0x02,
    0x10, 0x02, 0xE7, 0x01, 0xBA, 0x01, 0x89, 0x01, 0x56, 0x01, 0x1F, 0x01, 0xE7, 0x00, 0xA8, 0x00,
    0x65, 0x00, 0x1F, 0x00, 0xD3, 0xFF, 0x84, 0xFF, 0x32, 0xFF, 0xE2, 0xFE, 0x90, 0xFE, 0x3C, 0xFE,
    0xE8, 0xFD, 0x98, 0xFD, 0x47, 0xFD, 0xF9, 0xFC, 0xAE, 0xFC, 0x61, 0xFC, 0x13, 0xFC, 0xC7, 0xFB,
    0x78, 0xFB, 0x2C, 0xFB, 0xE4, 0xFA, 0xA2, 0xFA, 0x65, 0xFA, 0x2D, 0xFA, 0xFF, 0xF9, 0xDB, 0xF9,
    0xC3, 0xF9, 0xBB, 0xF9, 0xBE, 0xF9, 0xD2, 0xF9, 0xFA, 0xF9, 0x32, 0xFA, 0x7B, 0xFA, 0xD6, 0xFA,
    0x46, 0xFB, 0xC6, 0xFB, 0x54, 0xFC, 0xF7, 0xFC, 0xA2, 0xFD, 0x58, 0xFE, 0x1A, 0xFF, 0xDF, 0xFF,
    0xA6, 0x00, 0x74, 0x01, 0x41, 0x02, 0x11, 0x03, 0xD4, 0x03, 0x94, 0x04, 0x53, 0x05, 0x05, 0x06,
    0xAF, 0x06, 0x4B, 0x07, 0xD5, 0x07, 0x43, 0x08, 0x95, 0x08, 0xCE, 0x08, 0xEA, 0x08, 0xF0, 0x08,
    0xE5, 0x08, 0xBD, 0x08, 0x89, 0x08, 0x45, 0x08, 0xF1, 0x07, 0x91, 0x07, 0x29, 0x07, 0xBC, 0x06,
    0x4B, 0x06, 0xD4, 0x05, 0x5D, 0x05, 0xDF, 0x04, 0x5D, 0x04, 0xD9, 0x03, 0x4A, 0x03, 0xB7, 0x02,
    0x24, 0x02, 0x8F, 0x01, 0xF8, 0x00, 0x67, 0x00, 0xE2, 0xFF, 0x5E, 0xFF, 0xE2, 0xFE, 0x70, 0xFE,
    0x02, 0xFE, 0x9A, 0xFD, 0x3D, 0xFD, 0xE1, 0xFC, 0x86, 0xFC, 0x27, 0xFC, 0xCD, 0xFB, 0x6A, 0xFB,
    0x0A, 0xFB, 0xAF, 0xFA, 0x50, 0xFA, 0xEF, 0xF9, 0x94, 0xF9, 0x38, 0xF9, 0xDE, 0xF8, 0x89, 0xF8,
    0x38, 0xF8, 0xEA, 0xF7, 0xA1, 0xF7, 0x5E, 0xF7, 0x21, 0xF7, 0xE4, 0xF6, 0xA5, 0xF6, 0x69, 0xF6,
    0x2B, 0xF6, 0xFB, 0xF5, 0xDE, 0xF5, 0xD5, 0xF5, 0xF5, 0xF5, 0x43, 0xF6, 0xBB, 0xF6, 0x73, 0xF7,
    0x64, 0xF8, 0x86, 0xF9, 0xC6, 0xFA, 0x27, 0xFC, 0x96, 0xFD, 0x0A, 0xFF, 0x77, 0x00, 0xDA, 0x01,
    0x2F, 0x03, 0x70, 0x04, 0xA1, 0x05, 0xB6, 0x06, 0xA9, 0x07, 0x84, 0x08, 0x47, 0x09, 0xF0, 0x09,
    0x8A, 0x0A, 0x14, 0x0B, 0x88, 0x0B, 0xD7, 0x0B, 0x02, 0x0C, 0x01, 0x0C, 0xD4, 0x0B, 0x7E, 0x0B,
    0x10, 0x0B, 0x86, 0x0A, 0xF0, 0x09, 0x51, 0x09, 0xA9, 0x08, 0xFA, 0x07, 0x4D, 0x07, 0xA2, 0x06,
    0xFC, 0x05, 0x5C, 0x05, 0xCF, 0x04, 0x4B, 0x04, 0xD7, 0x03, 0x76, 0x03, 0x15, 0x03, 0xBF, 0x02,
    0x7A, 0x02, 0x36, 0x02, 0xF8, 0x01, 0xBF, 0x01, 0x8D, 0x01, 0x59, 0x01, 0x29, 0x01, 0xFC, 0x00,
    0xCE, 0x00, 0x9B, 0x00, 0x67, 0x00, 0x2A, 0x00, 0xE6, 0xFF, 0x9A, 0xFF, 0x3D, 0xFF, 0xCF, 0xFE,
    0x4E, 0xFE, 0xBD, 0xFD, 0x0D, 0xFD, 0x4C, 0xFC, 0x83, 0xFB, 0xB0, 0xFA, 0xDF, 0xF9, 0x17, 0xF9,
    0x52, 0xF8, 0x9D, 0xF7, 0xF8, 0xF6, 0x6A, 0xF6, 0xDF, 0xF5, 0x51, 0xF5, 0xBB, 0xF4, 0x26, 0xF4,
    0x90, 0xF3, 0xFB, 0xF2, 0x5F, 0xF2, 0xC5, 0xF1, 0x31, 0xF1, 0xC8, 0xF0, 0x88, 0xF0, 0x8D, 0xF0,
    0xF7, 0xF0, 0xCB, 0xF1, 0x0B, 0xF3, 0xAC, 0xF4, 0x9B, 0xF6, 0xC4, 0xF8, 0x01, 0xFB, 0x4B, 0xFD,
    0x87, 0xFF, 0xA0, 0x01, 0x95, 0x03, 0x5C, 0x05, 0xE9, 0x06, 0x51, 0x08, 0x82, 0x09, 0x70, 0x0A,
    0x1E, 0x0B, 0xA0, 0x0B, 0x00, 0x0C, 0x4B, 0x0C, 0x83, 0x0C, 0xA3, 0x0C, 0x93, 0x0C, 0x46, 0x0C,
    0xBE, 0x0B, 0xF6, 0x0A, 0xFF, 0x09, 0xF1, 0x08, 0xDA, 0x07, 0xD4, 0x06, 0xE8, 0x05, 0x1D, 0x05,
    0x70, 0x04, 0xDB, 0x03, 0x6C, 0x03, 0x12, 0x03, 0xCF, 0x02, 0xA4, 0x02, 0x87, 0x02, 0x75, 0x02,
    0x6A, 0x02, 0x63, 0x02, 0x6C, 0x02, 0x92, 0x02, 0xD9, 0x02, 0x32, 0x03, 0x9D, 0x03, 0x09, 0x04,
    0x6F, 0x04, 0xBF, 0x04, 0xFD, 0x04, 0x14, 0x05, 0xFE, 0x04, 0xC0, 0x04, 0x58, 0x04, 0xC2, 0x03,
    0x04, 0x03, 0x38, 0x02, 0x67, 0x01, 0xA8, 0x00, 0xF2, 0xFF, 0x4D, 0xFF, 0xB8, 0xFE, 0x35, 0xFE,
    0xB5, 0xFD, 0x2E, 0xFD, 0x97, 0xFC, 0x04, 0xFC, 0x6C, 0xFB, 0xD1, 0xFA, 0x42, 0xFA, 0xB9, 0xF9,
    0x36, 0xF9, 0xC2, 0xF8, 0x58, 0xF8, 0xFD, 0xF7, 0xA6, 0xF7, 0x48, 0xF7, 0xDE, 0xF6, 0x67, 0xF6,
    0xE6, 0xF5, 0x43, 0xF5, 0x94, 0xF4, 0xD0, 0xF3, 0x14, 0xF3, 0x7C, 0xF2, 0x13, 0xF2, 0xE9, 0xF1,
    0x00, 0xF2, 0x65, 0xF2, 0x2C, 0xF3, 0x61, 0xF4, 0xE1, 0xF5, 0xB9, 0xF7, 0xC4, 0xF9, 0xF9, 0xFB,
    0x45, 0xFE, 0x8D, 0x00, 0xB1, 0x02, 0xAA, 0x04, 0x60, 0x06, 0xE1, 0x07, 0x14, 0x09, 0xF5, 0x09,
    0x80, 0x0A, 0xC8, 0x0A, 0xEC, 0x0A, 0x0F, 0x0B, 0x28, 0x0B, 0x49, 0x0B, 0x64, 0x0B, 0x6D, 0x0B,
    0x4E, 0x0B, 0xF5, 0x0A, 0x5A, 0x0A, 0x84, 0x09, 0x81, 0x08, 0x64, 0x07, 0x3F, 0x06, 0x1E, 0x05,
    0x14, 0x04, 0x19, 0x03, 0x43, 0x02, 0x9D, 0x01, 0x33, 0x01, 0xFE, 0x00, 0x06, 0x01, 0x3F, 0x01,
    0x9D, 0x01, 0x02, 0x02, 0x78, 0x02, 0xED, 0x02, 0x5F, 0x03, 0xE5, 0x03, 0x5E, 0x04, 0xDB, 0x04,
    0x4B, 0x05, 0xA5, 0x05, 0xE2, 0x05, 0x12, 0x06, 0x21, 0x06, 0x12, 0x06, 0xD8, 0x05, 0x6F, 0x05,
    0xD7, 0x04, 0xFC, 0x03, 0xF0, 0x02, 0xCA, 0x01, 0xA2, 0x00, 0x7D, 0xFF, 0x7F, 0xFE, 0xAA, 0xFD,
    0xF0, 0xFC, 0x55, 0xFC, 0xD2, 0xFB, 0x39, 0xFB, 0xA6, 0xFA, 0x04, 0xFA, 0x50, 0xF9, 0xA4, 0xF8,
    0x01, 0xF8, 0x5A, 0xF7, 0xC2, 0xF6, 0x36, 0xF6, 0xA6, 0xF5, 0x2B, 0xF5, 0xA5, 0xF4, 0x02, 0xF4,
    0x4C, 0xF3, 0x52, 0xF2, 0x38, 0xF1, 0x1B, 0xF0, 0x0B, 0xEF, 0x4E, 0xEE, 0xD9, 0xED, 0xC9, 0xED,
    0x50, 0xEE, 0x51, 0xEF, 0x1C, 0xF1, 0x7B, 0xF3, 0x75, 0xF6, 0xBF, 0xF9, 0x2C, 0xFD, 0x88, 0x00,
    0xBC, 0x03, 0x77, 0x06, 0xC3, 0x08, 0x7F, 0x0A, 0xC0, 0x0B, 0x67, 0x0C, 0xA3, 0x0C, 0x89, 0x0C,
    0x3F, 0x0C, 0xF4, 0x0B, 0xCA, 0x0B, 0xCE, 0x0B, 0xFE, 0x0B, 0x4C, 0x0C, 0x7F, 0x0C, 0x83, 0x0C,
    0x45, 0x0C, 0xAA, 0x0B, 0xAA, 0x0A, 0x72, 0x09, 0x00, 0x08, 0x8B, 0x06, 0xFE, 0x04, 0x95, 0x03,
    0x4C, 0x02, 0x30, 0x01, 0x5D, 0x00, 0xEF, 0xFF, 0xE2, 0xFF, 0x4A, 0x00, 0xF8, 0x00, 0xEE, 0x01,
    0xF8, 0x02, 0xFD, 0x03, 0xE7, 0x04, 0xB4, 0x05, 0x58, 0x06, 0xE9, 0x06, 0x46, 0x07, 0x92, 0x07,
    0xB0, 0x07, 0xA6, 0x07, 0x82, 0x07, 0x42, 0x07, 0xDE, 0x06, 0x4B, 0x06, 0x9B, 0x05, 0xBD, 0x04,
    0xD3, 0x03, 0xC5, 0x02, 0xAE, 0x01, 0x87, 0x00, 0x6A, 0xFF, 0x59, 0xFE, 0x43, 0xFD, 0x19, 0xFC,
    0xF5, 0xFA, 0xC6, 0xF9, 0xBB, 0xF8, 0xD3, 0xF7, 0x16, 0xF7, 0xA0, 0xF6, 0x27, 0xF6, 0xC4, 0xF5,
    0x53, 0xF5, 0xEB, 0xF4, 0x8D, 0xF4, 0x1F, 0xF4, 0x91, 0xF3, 0xFD, 0xF2, 0x2B, 0xF2, 0x57, 0xF1,
    0x2E, 0xF0, 0xDF, 0xEE, 0x79, 0xED, 0x4B, 0xEC, 0x8C, 0xEB, 0x43, 0xEB, 0x69, 0xEB, 0x24, 0xEC,
    0xC3, 0xED, 0x45, 0xF0, 0x78, 0xF3, 0x27, 0xF7, 0x3D, 0xFB, 0x4B, 0xFF, 0x58, 0x03, 0xCE, 0x06,
    0xC1, 0x09, 0xF7, 0x0B, 0xAB, 0x0D, 0xB2, 0x0E, 0x39, 0x0F, 0x14, 0x0F, 0xAD, 0x0E, 0xDC, 0x0D,
    0x20, 0x0D, 0x61, 0x0C, 0xD6, 0x0B, 0x6F, 0x0B, 0x44, 0x0B, 0x39, 0x0B, 0x2F, 0x0B, 0xED, 0x0A,
    0x7C, 0x0A, 0xB6, 0x09, 0xBF, 0x08, 0x8A, 0x07, 0x44, 0x06, 0xE2, 0x04, 0x74, 0x03, 0x09, 0x02,
    0xCD, 0x00, 0xDE, 0xFF, 0x6C, 0xFF, 0x68, 0xFF, 0xFB, 0xFF, 0xFA, 0x00, 0x4F, 0x02, 0xC8, 0x03,
    0x34, 0x05, 0xA2, 0x06, 0xDD, 0x07, 0x0F, 0x09, 0xF3, 0x09, 0xC0, 0x0A, 0x1C, 0x0B, 0x53, 0x0B,
    0x13, 0x0B, 0xD6, 0x0A, 0x28, 0x0A, 0x74, 0x09, 0x73, 0x08, 0x6C, 0x07, 0x10, 0x06, 0x93, 0x04,
    0xEB, 0x02, 0x4B, 0x01, 0xA9, 0xFF, 0x19, 0xFE, 0xCA, 0xFC, 0x9E, 0xFB, 0xB3, 0xFA, 0xB8, 0xF9,
    0xC1, 0xF8, 0xBB, 0xF7, 0xAD, 0xF6, 0x95, 0xF5, 0xA6, 0xF4, 0xE7, 0xF3, 0x89, 0xF3, 0x6B, 0xF3,
    0x70, 0xF3, 0x80, 0xF3, 0x8A, 0xF3, 0x47, 0xF3, 0xBF, 0xF2, 0xB1, 0xF1, 0x1D, 0xF0, 0x1F, 0xEE,
    0xBF, 0xEB, 0x84, 0xE9, 0x95, 0xE7, 0x56, 0xE6, 0xC7, 0xE5, 0x2D, 0xE6, 0x88, 0xE7, 0x10, 0xEA,
    0x8E, 0xED, 0x31, 0xF2, 0x97, 0xF7, 0x2D, 0xFD, 0xB2, 0x02, 0xBB, 0x07, 0x1B, 0x0C, 0x3B, 0x0F,
    0x63, 0x11, 0x7B, 0x12, 0xD2, 0x12, 0x2A, 0x12, 0x1A, 0x11, 0x8D, 0x0F, 0x3D, 0x0E, 0xC6, 0x0C,
    0xF7, 0x0B, 0x76, 0x0B, 0xA0, 0x0B, 0xBC, 0x0B, 0xE0, 0x0B, 0xE5, 0x0B, 0xCB, 0x0B, 0x1B, 0x0B,
    0x19, 0x0A, 0xA1, 0x08, 0x00, 0x07, 0xE1, 0x04, 0xA5, 0x02, 0x70, 0x00, 0x87, 0xFE, 0x20, 0xFD,
    0x54, 0xFC, 0x8B, 0xFC, 0x9E, 0xFD, 0x71, 0xFF, 0xB8, 0x01, 0x2B, 0x04, 0x76, 0x06, 0x4C, 0x08,
    0x95, 0x09, 0xAC, 0x0A, 0x1E, 0x0B, 0x77, 0x0B, 0x71, 0x0B, 0x78, 0x0B, 0x5E, 0x0B, 0x36, 0x0B,
    0x05, 0x0B, 0xFD, 0x0A, 0x6D, 0x0A, 0x09, 0x0A, 0x0C, 0x09, 0xE0, 0x07, 0x3B, 0x06, 0x06, 0x04,
    0xE2, 0x01, 0xC4, 0xFF, 0xB1, 0xFD, 0x4C, 0xFC, 0xEA, 0xFA, 0x15, 0xFA, 0x50, 0xF9, 0x98, 0xF8,
    0xED, 0xF7, 0x2A, 0xF7, 0x82, 0xF6, 0xFE, 0xF5, 0xB3, 0xF5, 0x6C, 0xF5, 0x3A, 0xF5, 0xC8, 0xF4,
    0x01, 0xF4, 0xAC, 0xF2, 0x2E, 0xF1, 0x2E, 0xEF, 0x1B, 0xED, 0xCF, 0xEA, 0x6B, 0xE8, 0xF9, 0xE5,
    0xE0, 0xE3, 0x00, 0xE2, 0x1E, 0xE1, 0xDE, 0xE0, 0xA1, 0xE1, 0x31, 0xE4, 0x1D, 0xE8, 0xCB, 0xED,
    0xC0, 0xF4, 0x2D, 0xFC, 0xF7, 0x03, 0xDA, 0x0A, 0x35, 0x10, 0xA0, 0x14, 0xBA, 0x16, 0xAB, 0x17,
    0xFC, 0x16, 0x8C, 0x15, 0x9A, 0x13, 0x21, 0x11, 0x90, 0x0E, 0xAB, 0x0C, 0xD6, 0x0A, 0x25, 0x0A,
    0xB2, 0x09, 0x55, 0x0A, 0x45, 0x0B, 0xD0, 0x0B, 0x11, 0x0C, 0x55, 0x0B, 0xF3, 0x09, 0xD9, 0x07,
    0x11, 0x05, 0x87, 0x02, 0x18, 0x00, 0x15, 0xFE, 0x03, 0xFD, 0x4A, 0xFC, 0xEC, 0xFC, 0x0C, 0xFE,
    0x18, 0x00, 0xA4, 0x02, 0x79, 0x05, 0x22, 0x08, 0x64, 0x0A, 0x53, 0x0B, 0x0E, 0x0C, 0x94, 0x0B,
    0x77, 0x0B, 0x17, 0x0B, 0x76, 0x0B, 0x23, 0x0C, 0x17, 0x0D, 0xF5, 0x0D, 0xA2, 0x0E, 0x80, 0x0E,
    0xDA, 0x0D, 0x64, 0x0C, 0x65, 0x0A, 0xFE, 0x07, 0xF2, 0x04, 0xD4, 0x01, 0x91, 0xFE, 0xBA, 0xFB,
    0x62, 0xF9, 0xB3, 0xF7, 0xD8, 0xF6, 0x84, 0xF6, 0x83, 0xF6, 0x7F, 0xF6, 0x51, 0xF6, 0x2D, 0xF6,
    0xD1, 0xF5, 0xBC, 0xF5, 0xB8, 0xF5, 0xC6, 0xF5, 0xAC, 0xF5, 0x60, 0xF5, 0x82, 0xF4, 0x47, 0xF3,
    0x4C, 0xF1, 0x03, 0xEF, 0x53, 0xEC, 0xFF, 0xE8, 0x83, 0xE5, 0x0E, 0xE2, 0xC3, 0xDE, 0x69, 0xDC,
    0x6D, 0xDA, 0x72, 0xDA, 0x2F, 0xDC, 0x87, 0xE0, 0xF7, 0xE6, 0xAE, 0xEF, 0x1A, 0xF9, 0xB7, 0x03,
    0x5F, 0x0C, 0xC1, 0x13, 0xD4, 0x18, 0xB2, 0x1B, 0x73, 0x1D, 0x3A, 0x1C, 0x1F, 0x1B, 0x56, 0x18,
    0x6E, 0x15, 0xDB, 0x11, 0x15, 0x0E, 0xF9, 0x0A, 0x1B, 0x09, 0x0F, 0x07, 0xF8, 0x06, 0xBC, 0x06,
    0x58, 0x07, 0x5D, 0x07, 0x28, 0x06, 0x4F, 0x05, 0x38, 0x03, 0x1A, 0x01, 0x50, 0xFF, 0x03, 0xFE,
    0xEE, 0xFD, 0x9B, 0xFE, 0xAC, 0xFF, 0xE3, 0x01, 0xE3, 0x03, 0xC5, 0x06, 0x7A, 0x09, 0xF0, 0x0B,
    0x57, 0x0E, 0x6F, 0x0F, 0xA8, 0x0F, 0xC2, 0x0E, 0x04, 0x0D, 0x8C, 0x0B, 0x8B, 0x0A, 0x8B, 0x0A,
    0xB2, 0x0B, 0xDE, 0x0C, 0x88, 0x0E, 0x05, 0x0F, 0x95, 0x0E, 0x1A, 0x0D, 0xB9, 0x0A, 0xB4, 0x07,
    0x64, 0x04, 0xD9, 0x00, 0xB0, 0xFD, 0xC4, 0xFA, 0x88, 0xF8, 0x72, 0xF7, 0x78, 0xF7, 0x74, 0xF8,
    0x02, 0xFA, 0x75, 0xFB, 0x63, 0xFC, 0x53, 0xFC, 0x52, 0xFB, 0xC7, 0xF9, 0x42, 0xF8, 0x09, 0xF7,
    0x1B, 0xF6, 0xC2, 0xF5, 0x1E, 0xF5, 0x8B, 0xF4, 0xC1, 0xF2, 0xCF, 0xF0, 0xF0, 0xED, 0xCF, 0xEA,
    0x4E, 0xE7, 0x89, 0xE3, 0xD0, 0xDF, 0xBA, 0xDB, 0xE6, 0xD7, 0xA0, 0xD4, 0xAF, 0xD2, 0x7B, 0xD3,
    0xAF, 0xD8, 0xA0, 0xE1, 0x10, 0xEE, 0xF8, 0xFB, 0x8E, 0x09, 0xE7, 0x15, 0xFB, 0x1C, 0x84, 0x21,
    0x1A, 0x22, 0x2D, 0x21, 0x32, 0x1E, 0xF4, 0x19, 0x17, 0x16, 0x60, 0x12, 0xAF, 0x0D, 0x7B, 0x09,
    0xED, 0x05, 0xE4, 0x03, 0xBC, 0x02, 0x44, 0x01, 0xDD, 0x01, 0xB4, 0x01, 0x13, 0x01, 0x28, 0xFF,
    0xBE, 0xFC, 0x92, 0xFB, 0xD2, 0xFA, 0x70, 0xFB, 0x2D, 0xFE, 0x02, 0x02, 0x7A, 0x06, 0xAB, 0x0A,
    0xA1, 0x0D, 0xD9, 0x10, 0xA0, 0x12, 0xCA, 0x13, 0xEE, 0x13, 0xDF, 0x12, 0x74, 0x11, 0x9D, 0x0E,
    0x92, 0x0B, 0x5A, 0x09, 0x3D, 0x08, 0x1E, 0x09, 0x20, 0x0B, 0x5A, 0x0D, 0x35, 0x0F, 0x2F, 0x0F,
    0x8C, 0x0D, 0xDA, 0x09, 0x53, 0x05, 0x5D, 0x01, 0xEE, 0xFD, 0x83, 0xFB, 0x5C, 0xFA, 0x7E, 0xFA,
    0x44, 0xFB, 0x7E, 0xFC, 0x0F, 0xFE, 0x41, 0x00, 0xCA, 0x01, 0x93, 0x02, 0x30, 0x02, 0x17, 0x01,
    0x5C, 0xFF, 0x26, 0xFD, 0xCC, 0xFB, 0xF6, 0xFA, 0x33, 0xFB, 0xB8, 0xFA, 0xEF, 0xF9, 0x6C, 0xF8,
    0xEB, 0xF5, 0x6C, 0xF2, 0x53, 0xEE, 0x22, 0xEA, 0x16, 0xE6, 0xDD, 0xE1, 0x8C, 0xDD, 0x1D, 0xDA,
    0x60, 0xD6, 0x10, 0xD4, 0x6D, 0xD1, 0xC7, 0xD0, 0x16, 0xD2, 0x9B, 0xD7, 0x19, 0xE2, 0x56, 0xF0,
    0xFA, 0x00, 0xB2, 0x11, 0x4E, 0x1F, 0xA6, 0x26, 0x33, 0x29, 0x84, 0x25, 0x1E, 0x22, 0xEE, 0x1A,
    0x0C, 0x16, 0x60, 0x11, 0x9B, 0x0D, 0xCD, 0x09, 0x74, 0x04, 0xD8, 0xFF, 0x6B, 0xFC, 0xD5, 0xF9,
    0x9B, 0xF8, 0x22, 0xF9, 0x0A, 0xFA, 0xEC, 0xFA, 0x98, 0xF9, 0xDC, 0xF8, 0xB6, 0xF8, 0xAB, 0xFA,
    0xD0, 0xFE, 0xCD, 0x04, 0x0F, 0x0C, 0x9D, 0x12, 0x50, 0x17, 0x5E, 0x19, 0x0B, 0x1A, 0x90, 0x19,
    0xB3, 0x18, 0xAC, 0x16, 0x73, 0x14, 0x76, 0x11, 0xC2, 0x0D, 0x3F, 0x09, 0x71, 0x05, 0x07, 0x04,
    0x29, 0x04, 0x6E, 0x05, 0x51, 0x06, 0x25, 0x07, 0xAD, 0x05, 0x46, 0x03, 0xAB, 0xFF, 0x9C, 0xFD,
    0x2B, 0xFC, 0x3C, 0xFC, 0x17, 0xFD, 0x6F, 0xFF, 0xC0, 0x01, 0xA9, 0x03, 0x58, 0x05, 0x35, 0x07,
    0x9C, 0x08, 0x49, 0x08, 0xB0, 0x07, 0x2C, 0x06, 0xC7, 0x04, 0x74, 0x02, 0x5E, 0x00, 0xF7, 0xFE,
    0xCD, 0xFD, 0x09, 0xFC, 0x11, 0xFA, 0x3F, 0xF7, 0x5F, 0xF4, 0xBA, 0xF0, 0x8B, 0xEC, 0x30, 0xE9,
    0xCE, 0xE5, 0xD9, 0xE2, 0xDF, 0xDF, 0xC3, 0xDC, 0xD0, 0xDA, 0x30, 0xD8, 0xE6, 0xD5, 0xCE, 0xD4,
    0x29, 0xD2, 0x5E, 0xD4, 0x9A, 0xD7, 0x39, 0xE3, 0x1E, 0xF3, 0x4A, 0x05, 0xED, 0x18, 0x2F, 0x26,
    0xC8, 0x2E, 0x5D, 0x2D, 0xEA, 0x26, 0x17, 0x1E, 0x9E, 0x15, 0x95, 0x0D, 0xD4, 0x08, 0xCC, 0x04,
    0xD8, 0x01, 0x94, 0xFD, 0xF4, 0xF7, 0x8B, 0xF5, 0x49, 0xF3, 0x63, 0xF3, 0xB4, 0xF3, 0xBF, 0xF5,
    0xD5, 0xF7, 0x81, 0xF8, 0x0E, 0xF9, 0xE4, 0xFB, 0x39, 0x01, 0x6D, 0x08, 0xA3, 0x0F, 0x27, 0x17,
    0x86, 0x1C, 0xA1, 0x1E, 0x52, 0x1D, 0xAF, 0x1A, 0x80, 0x18, 0x1B, 0x16, 0xAB, 0x13, 0xBF, 0x10,
    0xF5, 0x0D, 0xF5, 0x09, 0x89, 0x05, 0x41, 0x01, 0xAA, 0xFF, 0xEC, 0xFF, 0x43, 0x01, 0x85, 0x02,
    0xFE, 0x02, 0xD7, 0x02, 0x3E, 0x01, 0x91, 0xFF, 0x6B, 0xFE, 0x59, 0xFF, 0x08, 0x01, 0xD2, 0x02,
    0xDC, 0x04, 0x7E, 0x07, 0x7C, 0x09, 0xCA, 0x0A, 0xF8, 0x0A, 0xAA, 0x0B, 0x6A, 0x0B, 0x03, 0x0A,
    0xF1, 0x07, 0xA8, 0x05, 0xE8, 0x03, 0x1A, 0x01, 0x75, 0xFE, 0x2F, 0xFC, 0xC3, 0xF9, 0x32, 0xF7,
    0xDF, 0xF3, 0xA3, 0xF0, 0x22, 0xEE, 0x3A, 0xEB, 0x73, 0xE8, 0x17, 0xE6, 0xC1, 0xE3, 0x2E, 0xE2,
    0xC3, 0xE0, 0xE8, 0xDF, 0x0D, 0xDF, 0xD9, 0xDC, 0x00, 0xDB, 0xD7, 0xD7, 0x23, 0xD5, 0xA0, 0xD6,
    0x84, 0xDD, 0xBD, 0xEE, 0x52, 0x00, 0x46, 0x15, 0x09, 0x24, 0x93, 0x2D, 0x7C, 0x2D, 0xC1, 0x24,
    0x95, 0x1B, 0xE7, 0x11, 0xAD, 0x0B, 0x57, 0x04, 0x97, 0x01, 0x79, 0xFD, 0xB6, 0xFA, 0xCB, 0xF3,
    0xFC, 0xEF, 0xD2, 0xEF, 0xAD, 0xEF, 0x78, 0xF1, 0x37, 0xF2, 0xA5, 0xF6, 0x21, 0xF9, 0x17, 0xFB,
    0x6F, 0xFF, 0x73, 0x07, 0x5C, 0x10, 0x9F, 0x17, 0x83, 0x1C, 0xD4, 0x1F, 0x7F, 0x1F, 0x4D, 0x1B,
    0xA5, 0x17, 0xCA, 0x15, 0x3D, 0x15, 0x60, 0x13, 0x91, 0x10, 0xEB, 0x0C, 0x47, 0x08, 0xE6, 0x01,
    0x74, 0xFD, 0x7D, 0xFB, 0xFD, 0xFC, 0xFE, 0xFE, 0xBC, 0x00, 0x55, 0x02, 0x49, 0x02, 0x48, 0x02,
    0x3B, 0x01, 0xE8, 0x01, 0xF6, 0x02, 0x28, 0x05, 0x2A, 0x06, 0x56, 0x07, 0xDF, 0x08, 0xB4, 0x0A,
    0x61, 0x0C, 0x60, 0x0D, 0xF3, 0x0D, 0x40, 0x0D, 0x99, 0x0B, 0xA4, 0x08, 0x8A, 0x05, 0xEA, 0x02,
    0x68, 0x00, 0x1D, 0xFE, 0x3A, 0xFB, 0xB0, 0xF7, 0x4A, 0xF4, 0x5C, 0xF1, 0xC9, 0xEE, 0xD7, 0xEC,
    0x2B, 0xEB, 0x0C, 0xEA, 0xB1, 0xE8, 0x02, 0xE7, 0xB8, 0xE5, 0xF2, 0xE4, 0x38, 0xE4, 0xAE, 0xE2,
    0xF7, 0xE0, 0x10, 0xDE, 0x52, 0xDB, 0x19, 0xD7, 0xD7, 0xD5, 0x1F, 0xDB, 0x83, 0xE7, 0x5C, 0xFC,
    0xF2, 0x0F, 0x37, 0x24, 0x61, 0x2E, 0x94, 0x30, 0x7B, 0x28, 0x0E, 0x1C, 0x5F, 0x11, 0x91, 0x07,
    0x2B, 0x01, 0xD3, 0xFA, 0x4D, 0xF8, 0xA3, 0xF4, 0x93, 0xF1, 0x77, 0xED, 0x6E, 0xED, 0x56, 0xEE,
    0x2F, 0xEF, 0x34, 0xF0, 0x4D, 0xF2, 0x7E, 0xF8, 0x29, 0xFE, 0x21, 0x06, 0x86, 0x0F, 0x00, 0x19,
    0x36, 0x20, 0xE7, 0x21, 0x1C, 0x21, 0x46, 0x1E, 0x01, 0x1A, 0x4C, 0x15, 0xAA, 0x11, 0xB7, 0x0F,
    0xD5, 0x0D, 0x11, 0x0B, 0x4F, 0x07, 0x2C, 0x04, 0x85, 0x00, 0x28, 0xFD, 0x5C, 0xFB, 0x3F, 0xFB,
    0x79, 0xFD, 0x25, 0xFF, 0x08, 0x02, 0x9B, 0x04, 0x30, 0x07, 0xA6, 0x08, 0x77, 0x08, 0x36, 0x08,
    0x57, 0x07, 0xFA, 0x06, 0xA1, 0x06, 0x76, 0x07, 0x0A, 0x09, 0x24, 0x0B, 0x79, 0x0C, 0x67, 0x0D,
    0x20, 0x0D, 0x78, 0x0B, 0xD2, 0x08, 0x95, 0x05, 0x41, 0x02, 0x57, 0xFF, 0xAB, 0xFC, 0x9D, 0xFA,
    0xA7, 0xF8, 0x09, 0xF6, 0x47, 0xF4, 0x30, 0xF2, 0x4B, 0xF0, 0x87, 0xEE, 0xDD, 0xEB, 0xC7, 0xEA,
    0x90, 0xE8, 0x1C, 0xE7, 0x7D, 0xE5, 0x04, 0xE4, 0xC3, 0xE4, 0x58, 0xE2, 0x34, 0xE1, 0x1E, 0xDE,
    0xA2, 0xD9, 0x1B, 0xD7, 0x57, 0xD5, 0x2E, 0xE1, 0xC0, 0xF3, 0xD6, 0x0B, 0xF4, 0x20, 0x22, 0x2F,
    0x74, 0x34, 0xCD, 0x2E, 0x72, 0x21, 0xEB, 0x12, 0xB9, 0x08, 0xDA, 0xFD, 0x07, 0xF7, 0xF1, 0xEE,
    0xE2, 0xED, 0x7F, 0xEC, 0x01, 0xEC, 0xF7, 0xEC, 0x67, 0xEE, 0x01, 0xF1, 0x83, 0xEF, 0xF7, 0xEF,
    0x98, 0xF4, 0xA7, 0xFD, 0x4E, 0x08, 0xC2, 0x12, 0xC5, 0x1C, 0x6C, 0x24, 0xE4, 0x25, 0xFD, 0x21,
    0x7E, 0x1D, 0x28, 0x19, 0x82, 0x14, 0x21, 0x0E, 0x07, 0x09, 0x9D, 0x06, 0x0C, 0x05, 0x74, 0x03,
    0xA3, 0x01, 0xFD, 0x00, 0xBA, 0xFF, 0x59, 0xFC, 0x2A, 0xFA, 0x07, 0xFA, 0x9B, 0xFE, 0x8C, 0x03,
    0xF6, 0x07, 0xEC, 0x0B, 0x65, 0x0E, 0x7F, 0x0E, 0x45, 0x0B, 0x4A, 0x08, 0x50, 0x06, 0xC0, 0x05,
    0xB6, 0x04, 0x85, 0x05, 0xC1, 0x08, 0xBB, 0x0C, 0x40, 0x0F, 0x56, 0x0F, 0x75, 0x0E, 0x21, 0x0C,
    0xA4, 0x07, 0x83, 0x02, 0x2E, 0xFE, 0xFD, 0xFB, 0x5A, 0xFA, 0x04, 0xF9, 0x87, 0xF7, 0xB9, 0xF6,
    0x01, 0xF6, 0xC1, 0xF3, 0xB3, 0xF0, 0x4C, 0xED, 0x87, 0xEB, 0xDF, 0xE9, 0xB2, 0xE9, 0x0F, 0xE9,
    0xF6, 0xE8, 0x77, 0xE8, 0x40, 0xE5, 0x24, 0xE2, 0x74, 0xDE, 0xD5, 0xDA, 0xD6, 0xD5, 0x30, 0xD2,
    0xEF, 0xD7, 0xC2, 0xEA, 0x17, 0x03, 0x3A, 0x1B, 0x48, 0x2C, 0x22, 0x36, 0xE6, 0x33, 0xA3, 0x28,
    0x2F, 0x18, 0xDF, 0x0A, 0x05, 0xFF, 0x66, 0xF2, 0x0C, 0xEA, 0x42, 0xE6, 0xBA, 0xE9, 0xC2, 0xEB,
    0x1F, 0xEE, 0xC1, 0xEF, 0x36, 0xF1, 0x96, 0xEF, 0x36, 0xEE, 0xC0, 0xF1, 0x9B, 0xFC, 0xFB, 0x08,
    0x96, 0x13, 0x52, 0x1D, 0x72, 0x24, 0x2E, 0x28, 0x6B, 0x24, 0x40, 0x1E, 0xF1, 0x18, 0x8E, 0x11,
    0x05, 0x09, 0xC8, 0x01, 0x81, 0xFF, 0xF0, 0x00, 0x8A, 0x01, 0xA9, 0x01, 0x6F, 0x01, 0x46, 0x00,
    0x27, 0xFD, 0xFA, 0xF9, 0xBC, 0xFA, 0xCE, 0xFF, 0x36, 0x06, 0x7D, 0x0B, 0x8D, 0x0F, 0x07, 0x12,
    0x3D, 0x12, 0xC1, 0x0E, 0x88, 0x0A, 0x0C, 0x07, 0x7A, 0x04, 0x53, 0x02, 0x48, 0x01, 0x0D, 0x04,
    0xF4, 0x08, 0x8F, 0x0D, 0xC7, 0x10, 0x9A, 0x11, 0x3A, 0x10, 0x7C, 0x0B, 0x97, 0x05, 0x42, 0x00,
    0x7D, 0xFC, 0x79, 0xFA, 0xE9, 0xF8, 0x9F, 0xF8, 0xDA, 0xF8, 0x80, 0xF8, 0x8F, 0xF7, 0xCF, 0xF5,
    0xF4, 0xF2, 0x3C, 0xF0, 0x56, 0xED, 0x92, 0xEB, 0xBF, 0xEA, 0x92, 0xEA, 0xEA, 0xE9, 0x0A, 0xE9,
    0x9C, 0xE6, 0xE6, 0xE2, 0xF3, 0xDE, 0xB4, 0xDA, 0xB3, 0xD5, 0x87, 0xD2, 0x20, 0xD7, 0x7A, 0xE9,
    0xD6, 0x03, 0x70, 0x1C, 0x31, 0x2F, 0x35, 0x37, 0x36, 0x35, 0x85, 0x29, 0xA9, 0x16, 0x53, 0x07,
    0x2E, 0xF9, 0x16, 0xED, 0x47, 0xE4, 0xC7, 0xE1, 0x56, 0xE6, 0xD6, 0xEC, 0x9A, 0xEF, 0x7C, 0xF1,
    0x70, 0xF1, 0xD0, 0xF0, 0xA4, 0xF0, 0xEB, 0xF3, 0x15, 0xFF, 0xCA, 0x0A, 0x54, 0x15, 0xCC, 0x1C,
    0x58, 0x23, 0x21, 0x27, 0xE9, 0x24, 0xC9, 0x1D, 0x0B, 0x15, 0xC6, 0x0B, 0x4E, 0x02, 0xBB, 0xFB,
    0x10, 0xFA, 0xF9, 0xFD, 0xDF, 0x01, 0x85, 0x03, 0x6F, 0x03, 0xC3, 0x02, 0x60, 0x01, 0x8A, 0xFF,
    0xEA, 0xFE, 0x3A, 0x01, 0xA6, 0x05, 0x5E, 0x0A, 0x16, 0x0E, 0x20, 0x11, 0x49, 0x12, 0x27, 0x10,
    0x3E, 0x0C, 0xA7, 0x07, 0x9C, 0x04, 0x33, 0x02, 0x19, 0x01, 0x63, 0x02, 0x0B, 0x07, 0xB1, 0x0C,
    0xE8, 0x10, 0x1A, 0x13, 0x2C, 0x12, 0x62, 0x0E, 0x4D, 0x08, 0xFA, 0x01, 0xE5, 0xFD, 0x38, 0xFB,
    0xAD, 0xF8, 0x09, 0xF8, 0x11, 0xF7, 0x71, 0xF7, 0x72, 0xF7, 0x09, 0xF6, 0xEE, 0xF3, 0xBD, 0xF0,
    0x24, 0xEE, 0xC1, 0xEC, 0xC7, 0xEC, 0x84, 0xED, 0x66, 0xED, 0x42, 0xEC, 0xBE, 0xE9, 0x2D, 0xE5,
    0xB7, 0xE0, 0xA8, 0xDB, 0x2D, 0xD6, 0xBE, 0xD1, 0x78, 0xD2, 0x1C, 0xE2, 0x42, 0xFC, 0x5D, 0x16,
    0xCA, 0x2B, 0x55, 0x34, 0x18, 0x36, 0xC3, 0x2D, 0xD3, 0x1B, 0xDA, 0x0A, 0x35, 0xFA, 0xA3, 0xEC,
    0xBC, 0xE1, 0xA3, 0xDD, 0xE7, 0xE2, 0x3C, 0xEC, 0x55, 0xF1, 0x45, 0xF3, 0xB4, 0xF2, 0x47, 0xF3,
    0xF1, 0xF3, 0x38, 0xF6, 0x90, 0xFE, 0x22, 0x09, 0x3D, 0x12, 0x18, 0x19, 0x96, 0x1F, 0x1A, 0x25,
    0x2A, 0x26, 0x6D, 0x1E, 0x87, 0x13, 0x0A, 0x09, 0xEB, 0x00, 0x00, 0xFB, 0xD4, 0xF9, 0x7E, 0xFC,
    0xAD, 0x00, 0x67, 0x02, 0xBF, 0x02, 0x43, 0x04, 0xB5, 0x04, 0x30, 0x03, 0xF4, 0xFF, 0x0A, 0xFF,
    0xBE, 0x02, 0x02, 0x09, 0xB4, 0x0D, 0x67, 0x11, 0xAD, 0x12, 0x4C, 0x12, 0x79, 0x0E, 0x2F, 0x09,
    0xFA, 0x04, 0x0A, 0x03, 0x88, 0x01, 0xD3, 0x01, 0x5C, 0x05, 0xE8, 0x0B, 0x76, 0x11, 0x67, 0x13,
    0x4F, 0x12, 0xD2, 0x0E, 0xB8, 0x09, 0xC6, 0x03, 0xD2, 0xFE, 0x86, 0xFB, 0x4D, 0xF9, 0x3E, 0xF7,
    0x0B, 0xF7, 0x24, 0xF8, 0x60, 0xF9, 0x06, 0xF9, 0x99, 0xF6, 0x98, 0xF4, 0xD4, 0xF2, 0x84, 0xF0,
    0xA5, 0xEF, 0x8A, 0xEE, 0x3B, 0xEF, 0x49, 0xEE, 0xCA, 0xEB, 0x67, 0xE9, 0x93, 0xE5, 0x30, 0xE1,
    0xBB, 0xDC, 0xAC, 0xD6, 0x99, 0xD2, 0x90, 0xD3, 0x9C, 0xE3, 0x09, 0xFE, 0x87, 0x18, 0x6B, 0x2B,
    0xE6, 0x31, 0xDB, 0x32, 0x04, 0x2C, 0x71, 0x1C, 0x09, 0x0B, 0xAA, 0xF8, 0xA0, 0xE8, 0x19, 0xDE,
    0xE3, 0xDA, 0x29, 0xE3, 0xCC, 0xED, 0xDA, 0xF3, 0x08, 0xF5, 0x93, 0xF4, 0x0A, 0xF7, 0xC4, 0xF9,
    0xA9, 0xFB, 0xE9, 0x00, 0x73, 0x07, 0xD7, 0x0E, 0xCC, 0x15, 0x99, 0x1D, 0xDF, 0x24, 0x8A, 0x24,
    0x4D, 0x1B, 0x24, 0x0E, 0x5A, 0x04, 0xAA, 0xFE, 0x00, 0xFB, 0x02, 0xF9, 0x52, 0xFA, 0xAB, 0xFE,
    0x34, 0x03, 0xD6, 0x06, 0x07, 0x09, 0x79, 0x08, 0x0A, 0x05, 0xE3, 0x00, 0xEE, 0xFE, 0x19, 0x02,
    0xED, 0x06, 0xC0, 0x0B, 0xD8, 0x0E, 0x11, 0x0F, 0xE4, 0x0E, 0xA5, 0x0D, 0xEB, 0x0A, 0x84, 0x07,
    0x90, 0x04, 0xBD, 0x02, 0x96, 0x03, 0x51, 0x06, 0x3C, 0x0B, 0x32, 0x10, 0x7A, 0x12, 0x4B, 0x11,
    0xC7, 0x0D, 0x6D, 0x09, 0xFC, 0x04, 0xD2, 0xFF, 0x5A, 0xFB, 0x1D, 0xF8, 0xDE, 0xF6, 0xE2, 0xF6,
    0xDD, 0xF6, 0x1A, 0xF8, 0x9B, 0xF8, 0x7B, 0xF7, 0x3F, 0xF5, 0x51, 0xF4, 0x0D, 0xF4, 0x8C, 0xF3,
    0x7D, 0xF2, 0x34, 0xF1, 0x6B, 0xEF, 0x7D, 0xED, 0xFF, 0xE9, 0x93, 0xE6, 0x47, 0xE2, 0x3B, 0xDC,
    0x19, 0xD7, 0x74, 0xD1, 0x6D, 0xD1, 0x02, 0xDF, 0x9C, 0xF7, 0xC3, 0x14, 0xD8, 0x27, 0x0E, 0x30,
    0x63, 0x33, 0x43, 0x2F, 0xAC, 0x23, 0x1A, 0x10, 0x17, 0xFC, 0x22, 0xEA, 0x4D, 0xDD, 0xD2, 0xD8,
    0x1E, 0xDF, 0xE6, 0xEA, 0xF9, 0xF2, 0x4F, 0xF4, 0xC2, 0xF5, 0xE6, 0xF9, 0x6B, 0xFE, 0xDB, 0xFF,
    0x0B, 0x01, 0xF5, 0x04, 0x69, 0x0A, 0x73, 0x10, 0xBD, 0x18, 0xDC, 0x21, 0xB8, 0x23, 0x8E, 0x1C,
    0x08, 0x10, 0x48, 0x08, 0xA9, 0x02, 0x7D, 0xFD, 0x66, 0xF9, 0xA0, 0xF8, 0xDB, 0xFB, 0x80, 0x00,
    0xDC, 0x04, 0x5A, 0x08, 0xBF, 0x09, 0xBA, 0x06, 0x91, 0x01, 0xF1, 0xFD, 0xA4, 0x00, 0xC5, 0x05,
    0x4D, 0x0A, 0xA4, 0x0C, 0xFC, 0x0E, 0xF3, 0x10, 0xB6, 0x10, 0x5A, 0x0E, 0xF9, 0x0A, 0x7F, 0x07,
    0xA7, 0x03, 0xEF, 0x01, 0x7A, 0x03, 0x86, 0x07, 0x1F, 0x0B, 0xC5, 0x0C, 0x30, 0x0D, 0xA1, 0x0C,
    0x90, 0x0A, 0x98, 0x07, 0xCE, 0x02, 0x55, 0xFE, 0x35, 0xFA, 0xE7, 0xF7, 0x98, 0xF7, 0x68, 0xF8,
    0xDB, 0xF8, 0x07, 0xF9, 0xE8, 0xF8, 0x41, 0xF8, 0x2C, 0xF7, 0xF4, 0xF5, 0x55, 0xF4, 0x5E, 0xF2,
    0xDC, 0xF0, 0x3F, 0xEF, 0x92, 0xED, 0xF3, 0xEB, 0x35, 0xE9, 0x8E, 0xE5, 0x07, 0xE1, 0x91, 0xDB,
    0x90, 0xD6, 0x74, 0xD2, 0x2B, 0xD5, 0xF0, 0xE7, 0x5B, 0x04, 0x4B, 0x1E, 0x0C, 0x2E, 0xD9, 0x32,
    0x35, 0x34, 0xF3, 0x2C, 0xB0, 0x1B, 0x0A, 0x06, 0xA2, 0xF0, 0x73, 0xE0, 0x72, 0xD6, 0x7A, 0xD7,
    0xD7, 0xE2, 0xE5, 0xEE, 0xC5, 0xF5, 0x78, 0xF7, 0xB2, 0xFA, 0xBF, 0xFF, 0xD2, 0x01, 0x81, 0x00,
    0xED, 0x00, 0x88, 0x04, 0x81, 0x0B, 0x7C, 0x13, 0x4E, 0x1C, 0x0E, 0x23, 0x8B, 0x20, 0xCE, 0x16,
    0x52, 0x0C, 0x98, 0x05, 0x2B, 0x00, 0xC4, 0xF9, 0x2D, 0xF5, 0xA5, 0xF6, 0x28, 0xFC, 0x6E, 0x02,
    0xE1, 0x06, 0xEE, 0x08, 0xB8, 0x08, 0x6C, 0x05, 0x50, 0x01, 0xC3, 0x00, 0x0B, 0x04, 0x59, 0x08,
    0xE4, 0x0A, 0x5A, 0x0C, 0x5A, 0x0F, 0x4B, 0x11, 0xBF, 0x0F, 0x03, 0x0C, 0x58, 0x08, 0xC6, 0x05,
    0xA0, 0x03, 0x0F, 0x03, 0x66, 0x05, 0xF1, 0x08, 0x26, 0x0B, 0xC8, 0x0B, 0x07, 0x0C, 0xBF, 0x0B,
    0x4F, 0x09, 0xEC, 0x04, 0xF7, 0x00, 0xAD, 0xFD, 0xBF, 0xFB, 0x40, 0xFA, 0xDE, 0xF9, 0x7B, 0xF9,
    0x4D, 0xF9, 0xD4, 0xF8, 0xA9, 0xF8, 0x67, 0xF8, 0xAD, 0xF7, 0x49, 0xF7, 0xC0, 0xF5, 0xAF, 0xF3,
    0x00, 0xF2, 0x1A, 0xF0, 0xC8, 0xEE, 0xD7, 0xEC, 0xFA, 0xE8, 0x78, 0xE4, 0xC1, 0xDF, 0xFB, 0xDB,
    0x78, 0xD8, 0x0F, 0xD4, 0x62, 0xD6, 0x7A, 0xE6, 0x66, 0x01, 0x02, 0x1D, 0xD4, 0x2C, 0x51, 0x33,
    0x10, 0x33, 0x24, 0x2D, 0x07, 0x1F, 0xD5, 0x09, 0x30, 0xF4, 0x09, 0xE1, 0x33, 0xD5, 0x66, 0xD5,
    0x96, 0xDF, 0x86, 0xED, 0xC0, 0xF4, 0x25, 0xF7, 0xA8, 0xFB, 0x87, 0x01, 0x92, 0x05, 0x47, 0x04,
    0x3F, 0x02, 0x20, 0x03, 0x3D, 0x08, 0xE4, 0x0F, 0xAC, 0x19, 0x7E, 0x1F, 0xAD, 0x1D, 0xB0, 0x15,
    0xFD, 0x0D, 0x30, 0x09, 0x15, 0x03, 0x20, 0xFB, 0xBC, 0xF4, 0xC8, 0xF4, 0xF6, 0xF9, 0x89, 0x00,
    0x7D, 0x05, 0x62, 0x07, 0x78, 0x07, 0x32, 0x05, 0xF4, 0x03, 0x55, 0x04, 0x40, 0x05, 0x61, 0x07,
    0x8C, 0x08, 0x55, 0x0A, 0x7E, 0x0D, 0x66, 0x0F, 0x41, 0x0F, 0x5D, 0x0C, 0xE3, 0x08, 0xA8, 0x06,
    0x72, 0x05, 0x99, 0x05, 0x12, 0x06, 0x6D, 0x07, 0xCA, 0x09, 0x2B, 0x0C, 0xD2, 0x0C, 0x11, 0x0C,
    0x85, 0x09, 0x81, 0x06, 0xD2, 0x02, 0x54, 0xFF, 0x3F, 0xFD, 0xFD, 0xFB, 0x2E, 0xFA, 0x21, 0xF9,
    0xBF, 0xF8, 0x3B, 0xF9, 0xF4, 0xF8, 0xA9, 0xF7, 0x3E, 0xF7, 0xBD, 0xF7, 0x04, 0xF8, 0x51, 0xF7,
    0x70, 0xF6, 0x7D, 0xF4, 0x5C, 0xF1, 0x52, 0xEE, 0xE3, 0xEA, 0xEF, 0xE7, 0x00, 0xE4, 0x92, 0xDE,
    0xA9, 0xDA, 0x93, 0xD7, 0xDE, 0xD4, 0xED, 0xD8, 0xFE, 0xEA, 0x99, 0x05, 0x95, 0x1E, 0x23, 0x2B,
    0x98, 0x30, 0x81, 0x32, 0x1D, 0x2D, 0x50, 0x1E, 0xF9, 0x05, 0x53, 0xEF, 0xAA, 0xDD, 0x0C, 0xD5,
    0x76, 0xD8, 0x99, 0xE2, 0x0E, 0xEE, 0x1B, 0xF5, 0xAA, 0xF9, 0xFF, 0xFF, 0x0C, 0x05, 0x76, 0x05,
    0x05, 0x01, 0x5F, 0xFE, 0x72, 0x00, 0x8F, 0x06, 0x71, 0x0F, 0x8F, 0x17, 0x1C, 0x1C, 0xDD, 0x1A,
    0x40, 0x16, 0x62, 0x12, 0x36, 0x0C, 0x72, 0x02, 0x8C, 0xF8, 0x7A, 0xF3, 0x9A, 0xF6, 0x2F, 0xFC,
    0x01, 0x01, 0x1F, 0x04, 0x2C, 0x06, 0x5D, 0x07, 0x6C, 0x06, 0x02, 0x05, 0x6B, 0x04, 0xD0, 0x03,
    0x5E, 0x04, 0x4E, 0x06, 0x7F, 0x0A, 0x9C, 0x0F, 0xFD, 0x10, 0xF1, 0x0E, 0x20, 0x0C, 0x31, 0x0A,
    0xD3, 0x09, 0xEB, 0x07, 0x80, 0x05, 0xAF, 0x04, 0x4B, 0x06, 0xAE, 0x09, 0xE9, 0x0B, 0x2A, 0x0C,
    0x22, 0x0A, 0xF9, 0x06, 0x22, 0x04, 0xC5, 0x02, 0x2E, 0x01, 0xFF, 0xFE, 0x45, 0xFC, 0xF6, 0xFA,
    0x32, 0xFC, 0x8B, 0xFD, 0x71, 0xFD, 0xAF, 0xFB, 0xD1, 0xF9, 0x5F, 0xF9, 0xE5, 0xF9, 0x95, 0xF9,
    0x69, 0xF7, 0x25, 0xF4, 0x28, 0xF1, 0x73, 0xEF, 0x49, 0xEE, 0x01, 0xEC, 0x66, 0xEA, 0x13, 0xE8,
    0x88, 0xE5, 0xC6, 0xE2, 0x56, 0xDF, 0x87, 0xDC, 0xE6, 0xD8, 0xAB, 0xDA, 0xA7, 0xEC, 0xE0, 0x07,
    0x77, 0x1F, 0xFB, 0x2B, 0xB6, 0x2E, 0x56, 0x31, 0xA4, 0x2C, 0xAB, 0x1A, 0xA7, 0x02, 0xC9, 0xEB,
    0x75, 0xDC, 0xEA, 0xD4, 0x6E, 0xD7, 0x67, 0xE3, 0x64, 0xEF, 0x75, 0xF6, 0x73, 0xFA, 0x1B, 0x02,
    0x42, 0x09, 0x6B, 0x08, 0x65, 0x01, 0x89, 0xFD, 0xA2, 0x00, 0xFB, 0x06, 0x98, 0x0D, 0x5C, 0x13,
    0xFE, 0x16, 0xB7, 0x15, 0xBD, 0x11, 0xF6, 0x0E, 0x86, 0x0B, 0x57, 0x03, 0x1D, 0xF8, 0x24, 0xF2,
    0xC6, 0xF5, 0x93, 0xFC, 0xC6, 0x00, 0xF6, 0x01, 0xD5, 0x04, 0xD2, 0x08, 0x5B, 0x09, 0xE8, 0x06,
    0x53, 0x04, 0x71, 0x03, 0x20, 0x04, 0xE8, 0x05, 0xA7, 0x09, 0xC1, 0x0D, 0x9C, 0x0E, 0x2D, 0x0D,
    0x00, 0x0D, 0x9B, 0x0C, 0xDD, 0x0A, 0x90, 0x07, 0xC2, 0x04, 0x2C, 0x05, 0x3D, 0x07, 0x48, 0x09,
    0x61, 0x0A, 0xAC, 0x0A, 0xCE, 0x09, 0x54, 0x08, 0xCF, 0x06, 0x31, 0x05, 0xC7, 0x02, 0xB0, 0x00,
    0x14, 0xFF, 0x4E, 0xFE, 0xE1, 0xFD, 0xE2, 0xFC, 0x8D, 0xFB, 0xED, 0xF9, 0x68, 0xF9, 0x6A, 0xF9,
    0x63, 0xFA, 0xC7, 0xFA, 0x4A, 0xF9, 0x5B, 0xF7, 0x11, 0xF5, 0x2B, 0xF3, 0x3A, 0xF1, 0x76, 0xEE,
    0x4D, 0xEB, 0x2A, 0xE9, 0xB2, 0xE7, 0x21, 0xE6, 0x65, 0xE5, 0x94, 0xE2, 0x7D, 0xE0, 0x3A, 0xDC,
    0x2C, 0xDF, 0xC7, 0xF1, 0x7B, 0x09, 0x5E, 0x1E, 0x50, 0x26, 0x1F, 0x28, 0x9C, 0x29, 0xD9, 0x25,
    0xFF, 0x16, 0xBB, 0xFF, 0x57, 0xE9, 0xC3, 0xDA, 0x9F, 0xD7, 0xDB, 0xDD, 0x92, 0xE8, 0x08, 0xF3,
    0x42, 0xFA, 0xAE, 0xFF, 0x2D, 0x06, 0x9E, 0x0A, 0x8F, 0x08, 0x88, 0x01, 0x1A, 0xFD, 0x94, 0xFE,
    0x46, 0x04, 0x5D, 0x09, 0x33, 0x0E, 0x67, 0x10, 0x60, 0x10, 0x73, 0x0E, 0x27, 0x0C, 0x87, 0x09,
    0x3A, 0x02, 0x95, 0xFA, 0x5D, 0xF6, 0xA7, 0xF8, 0x6F, 0xFD, 0x62, 0x00, 0x00, 0x02, 0x03, 0x05,
    0x0D, 0x09, 0x1B, 0x0B, 0x93, 0x09, 0x9F, 0x05, 0xA4, 0x03, 0x93, 0x04, 0x89, 0x07, 0x9D, 0x0A,
    0x9E, 0x0B, 0x13, 0x0B, 0xE1, 0x0A, 0xB8, 0x0C, 0x0C, 0x0E, 0xC3, 0x0C, 0xA9, 0x08, 0x05, 0x05,
    0x8C, 0x04, 0x5E, 0x06, 0xD0, 0x08, 0xC9, 0x09, 0xE6, 0x08, 0x2F, 0x07, 0x53, 0x07, 0x66, 0x08,
    0x67, 0x08, 0x56, 0x05, 0x40, 0x01, 0xD2, 0xFF, 0x44, 0x00, 0x53, 0x00, 0x7F, 0xFD, 0xE9, 0xFA,
    0x33, 0xFA, 0x64, 0xFB, 0xBA, 0xFC, 0xAF, 0xFC, 0x65, 0xFC, 0x39, 0xFA, 0xB7, 0xF8, 0xD0, 0xF6,
    0x5F, 0xF5, 0x30, 0xF3, 0xAD, 0xEE, 0x2C, 0xEB, 0xDC, 0xE8, 0xF3, 0xE8, 0x98, 0xE8, 0x72, 0xE7,
    0x99, 0xE6, 0x74, 0xE5, 0x74, 0xE4, 0x2E, 0xE0, 0x1A, 0xE0, 0x16, 0xED, 0x37, 0x04, 0x19, 0x1B,
    0xA0, 0x24, 0x30, 0x26, 0x36, 0x28, 0x54, 0x26, 0x0A, 0x1B, 0xFD, 0x04, 0xD0, 0xED, 0x3B, 0xDF,
    0x02, 0xD9, 0xB4, 0xDD, 0xF3, 0xE7, 0x73, 0xF1, 0xD8, 0xF7, 0x1E, 0xFC, 0x74, 0x04, 0x27, 0x0B,
    0x17, 0x0A, 0xB0, 0x02, 0xCC, 0xFB, 0x27, 0xFC, 0xF4, 0x01, 0x36, 0x07, 0x0D, 0x0B, 0xA8, 0x0D,
    0xDA, 0x0F, 0x9C, 0x11, 0x7A, 0x11, 0x3F, 0x0D, 0xEF, 0x04, 0x29, 0xFC, 0x69, 0xF7, 0xEA, 0xF8,
    0xD4, 0xFB, 0x9D, 0xFD, 0xB1, 0xFE, 0x0A, 0x01, 0xD7, 0x04, 0x69, 0x07, 0xE7, 0x07, 0x83, 0x06,
    0x66, 0x05, 0x26, 0x06, 0x62, 0x08, 0xE2, 0x0B, 0xA3, 0x0D, 0x98, 0x0D, 0x18, 0x0D, 0x09, 0x0D,
    0xCB, 0x0D, 0xBB, 0x0C, 0x9C, 0x09, 0x2F, 0x06, 0xFF, 0x04, 0xBC, 0x05, 0x9E, 0x06, 0xBD, 0x06,
    0x86, 0x06, 0x4A, 0x07, 0xAE, 0x08, 0x2C, 0x09, 0x2B, 0x09, 0xFF, 0x06, 0x43, 0x04, 0x45, 0x02,
    0xD9, 0x00, 0x1F, 0x00, 0x91, 0xFE, 0x44, 0xFD, 0xDC, 0xFB, 0xAC, 0xFB, 0x7D, 0xFB, 0x90, 0xFB,
    0xCD, 0xFA, 0xAD, 0xF9, 0xCF, 0xF8, 0xBA, 0xF8, 0x22, 0xF8, 0x35, 0xF5, 0xA1, 0xF1, 0x80, 0xEE,
    0x1F, 0xED, 0xBF, 0xEB, 0x4A, 0xEB, 0xE9, 0xE9, 0x05, 0xE9, 0xE8, 0xE7, 0xC5, 0xE7, 0x0B, 0xE8,
    0xBE, 0xE4, 0x6D, 0xE1, 0xF7, 0xE6, 0xCB, 0xF9, 0x6E, 0x11, 0xE8, 0x1F, 0x95, 0x23, 0xA7, 0x25,
    0xF2, 0x26, 0x6B, 0x21, 0xFE, 0x0F, 0x3A, 0xF9, 0x18, 0xE6, 0x7C, 0xDC, 0xE1, 0xDA, 0x14, 0xE2,
    0x7A, 0xEC, 0x65, 0xF4, 0x26, 0xFB, 0x0D, 0x01, 0x8A, 0x09, 0x2C, 0x0C, 0x23, 0x06, 0x1E, 0xFE,
    0x71, 0xFB, 0x9D, 0xFF, 0xD2, 0x04, 0x61, 0x07, 0xA1, 0x09, 0x4B, 0x0D, 0x8E, 0x0F, 0x54, 0x10,
    0x3C, 0x0D, 0xC9, 0x06, 0x4A, 0xFF, 0x7F, 0xF8, 0xE4, 0xF7, 0x61, 0xFA, 0x86, 0xFC, 0x89, 0xFD,
    0xB6, 0xFF, 0x26, 0x04, 0xCF, 0x07, 0x56, 0x08, 0x3C, 0x06, 0xA2, 0x06, 0x20, 0x07, 0x56, 0x08,
    0xF0, 0x09, 0xF5, 0x0A, 0x0F, 0x0D, 0x56, 0x0C, 0xD3, 0x0B, 0x0E, 0x0C, 0x95, 0x0B, 0x05, 0x0B,
    0x1D, 0x08, 0xE1, 0x06, 0x92, 0x07, 0x8E, 0x08, 0xB3, 0x08, 0x32, 0x07, 0x6C, 0x06, 0x00, 0x07,
    0xC0, 0x07, 0xC7, 0x07, 0x26, 0x07, 0x95, 0x05, 0x1A, 0x04, 0x9F, 0x02, 0x01, 0x02, 0x89, 0x00,
    0xE9, 0xFE, 0x42, 0xFD, 0xA1, 0xFC, 0xFE, 0xFC, 0xF7, 0xFC, 0x96, 0xFD, 0x3A, 0xFC, 0xE1, 0xFA,
    0xE0, 0xF9, 0x44, 0xF9, 0x90, 0xF7, 0x6B, 0xF4, 0x2E, 0xF1, 0x18, 0xEF, 0x83, 0xEE, 0x31, 0xEE,
    0xEA, 0xED, 0x1F, 0xEC, 0xB1, 0xEB, 0x24, 0xEB, 0xAB, 0xEA, 0x27, 0xEA, 0x69, 0xE7, 0xF6, 0xE5,
    0xA7, 0xE1, 0xA5, 0xE6, 0x49, 0xF9, 0x9F, 0x0E, 0xA7, 0x20, 0x9F, 0x23, 0xC5, 0x24, 0x6E, 0x26,
    0x85, 0x20, 0xC6, 0x10, 0xEB, 0xF9, 0xF5, 0xE7, 0x73, 0xDE, 0x55, 0xDD, 0x49, 0xE2, 0xB5, 0xEB,
    0xCE, 0xF3, 0x90, 0xFA, 0x18, 0x01, 0xCC, 0x08, 0x98, 0x0C, 0x7E, 0x07, 0x08, 0xFF, 0xAD, 0xFB,
    0xA8, 0xFE, 0xD0, 0x02, 0x9A, 0x05, 0xC1, 0x07, 0xDB, 0x0B, 0xC3, 0x0E, 0xA7, 0x0F, 0xA7, 0x0D,
    0x20, 0x07, 0x1D, 0xFF, 0xF9, 0xF8, 0x5A, 0xF7, 0x54, 0xF9, 0x26, 0xFB, 0x1D, 0xFC, 0x55, 0xFE,
    0x11, 0x04, 0xB6, 0x09, 0xEE, 0x0B, 0xF3, 0x09, 0xBF, 0x06, 0xCE, 0x05, 0xC0, 0x07, 0x60, 0x09,
    0xC7, 0x09, 0x95, 0x09, 0x9D, 0x08, 0xFD, 0x09, 0x6F, 0x0C, 0x37, 0x0D, 0xA8, 0x0B, 0x53, 0x08,
    0xA7, 0x06, 0xC3, 0x08, 0x32, 0x0A, 0x4D, 0x0A, 0x37, 0x08, 0x22, 0x07, 0x8E, 0x08, 0x16, 0x0A,
    0x4E, 0x0A, 0x25, 0x07, 0xF0, 0x03, 0x5B, 0x02, 0x11, 0x02, 0x1E, 0x01, 0x76, 0xFF, 0xB5, 0xFD,
    0x03, 0xFD, 0x5E, 0xFE, 0xE3, 0xFF, 0xBC, 0x00, 0xC0, 0xFF, 0xED, 0xFD, 0xB3, 0xFC, 0xE9, 0xFB,
    0x78, 0xFA, 0xAB, 0xF7, 0xE0, 0xF4, 0x74, 0xF2, 0x4C, 0xF2, 0x3C, 0xF2, 0xEA, 0xF1, 0x8F, 0xF0,
    0x71, 0xEF, 0x48, 0xEF, 0x2D, 0xEE, 0xC1, 0xEC, 0x33, 0xEA, 0x82, 0xE8, 0x68, 0xE7, 0xA1, 0xE5,
    0x4E, 0xE3, 0x15, 0xE5, 0x43, 0xF0, 0x0D, 0x07, 0x5C, 0x19, 0x74, 0x21, 0xD1, 0x22, 0xF9, 0x21,
    0xB3, 0x22, 0xEE, 0x16, 0xBB, 0x03, 0xC2, 0xF0, 0x36, 0xE3, 0x70, 0xDF, 0xD3, 0xE1, 0xAE, 0xE9,
    0x7E, 0xF2, 0x50, 0xF8, 0xDC, 0xFD, 0x11, 0x04, 0x4B, 0x09, 0xE7, 0x07, 0xBA, 0x00, 0x5C, 0xFB,
    0x17, 0xFC, 0x0B, 0x01, 0xDA, 0x04, 0x3A, 0x08, 0xDE, 0x0A, 0xAD, 0x0D, 0xAA, 0x0E, 0x9E, 0x0D,
    0x60, 0x09, 0x70, 0x01, 0x33, 0xFA, 0x43, 0xF6, 0x79, 0xF7, 0x45, 0xFA, 0x2A, 0xFC, 0x2E, 0xFE,
    0x03, 0x02, 0xDE, 0x07, 0xA9, 0x0A, 0xBB, 0x09, 0xF8, 0x06, 0x5A, 0x05, 0x01, 0x07, 0x3E, 0x08,
    0xF7, 0x08, 0xCC, 0x08, 0x69, 0x08, 0x90, 0x09, 0xAE, 0x0B, 0x54, 0x0D, 0x43, 0x0C, 0xD8, 0x09,
    0x55, 0x08, 0x29, 0x09, 0x91, 0x0A, 0x6D, 0x0A, 0x41, 0x09, 0x2B, 0x08, 0x96, 0x08, 0xE8, 0x08,
    0x12, 0x09, 0x47, 0x07, 0xE2, 0x05, 0xD6, 0x03, 0x39, 0x02, 0x26, 0x02, 0x88, 0x01, 0x13, 0x01,
    0x46, 0xFF, 0x19, 0xFF, 0x88, 0x00, 0xDC, 0x01, 0xAD, 0x00, 0x92, 0xFE, 0x5F, 0xFC, 0x0F, 0xFC,
    0xE2, 0xFA, 0xD8, 0xF8, 0xAF, 0xF6, 0x1B, 0xF5, 0x84, 0xF4, 0x35, 0xF3, 0x3F, 0xF3, 0xD9, 0xF2,
    0x17, 0xF3, 0x2D, 0xF2, 0xAB, 0xF0, 0x40, 0xEE, 0x48, 0xED, 0xDE, 0xEB, 0x97, 0xEA, 0xF8, 0xE8,
    0xC7, 0xE6, 0xE6, 0xE4, 0x2F, 0xE3, 0x5E, 0xED, 0xC7, 0xFF, 0x7C, 0x12, 0x51, 0x1D, 0x36, 0x1F,
    0x2F, 0x22, 0xC4, 0x22, 0x66, 0x1B, 0xCD, 0x0A, 0xE7, 0xF5, 0x80, 0xE7, 0xE8, 0xE0, 0x62, 0xE2,
    0x7B, 0xE7, 0xA6, 0xED, 0x9D, 0xF5, 0x75, 0xFB, 0x28, 0x02, 0xBA, 0x06, 0x71, 0x07, 0xE5, 0x02,
    0xE4, 0xFC, 0x3A, 0xFC, 0xFB, 0xFE, 0xC6, 0x03, 0x53, 0x06, 0x65, 0x09, 0x62, 0x0C, 0xF3, 0x0D,
    0xEB, 0x0D, 0xB6, 0x09, 0x4A, 0x03, 0xF3, 0xFA, 0xC7, 0xF6, 0x38, 0xF7, 0x06, 0xF9, 0xC9, 0xFA,
    0xD6, 0xFB, 0xBC, 0xFF, 0x2E, 0x06, 0x30, 0x0A, 0xA9, 0x0A, 0x72, 0x08, 0xBF, 0x07, 0xCB, 0x08,
    0xCF, 0x08, 0xFF, 0x08, 0x7E, 0x08, 0xDB, 0x08, 0x81, 0x08, 0xBC, 0x09, 0xD9, 0x0B, 0xF4, 0x0C,
    0x98, 0x0B, 0x38, 0x09, 0x39, 0x09, 0x2A, 0x0A, 0x61, 0x0B, 0x55, 0x09, 0x22, 0x07, 0xA6, 0x06,
    0xB5, 0x07, 0xA2, 0x08, 0xB2, 0x07, 0xFE, 0x05, 0xA7, 0x04, 0xC9, 0x04, 0xD7, 0x04, 0xA7, 0x04,
    0x44, 0x03, 0x97, 0x01, 0xEB, 0x00, 0x8F, 0x00, 0x3B, 0x01, 0x9F, 0x00, 0xFD, 0xFE, 0x9B, 0xFD,
    0x4E, 0xFC, 0x87, 0xFC, 0x22, 0xFC, 0x46, 0xFA, 0x34, 0xF8, 0x89, 0xF6, 0xF3, 0xF5, 0xD9, 0xF5,
    0x13, 0xF5, 0xB2, 0xF3, 0x4B, 0xF2, 0xD3, 0xF0, 0x92, 0xF0, 0x0E, 0xF0, 0x2F, 0xEE, 0x87, 0xEC,
    0x33, 0xEB, 0xB4, 0xEB, 0x16, 0xEA, 0x0F, 0xE8, 0xF6, 0xE5, 0x2C, 0xE6, 0xF9, 0xF2, 0x4D, 0x05,
    0x83, 0x15, 0x4B, 0x1D, 0x46, 0x1E, 0x0B, 0x20, 0xBA, 0x1E, 0x23, 0x15, 0xD1, 0x03, 0x34, 0xF1,
    0xB7, 0xE4, 0xD3, 0xE0, 0xAA, 0xE3, 0x56, 0xEA, 0x21, 0xF1, 0x76, 0xF7, 0xED, 0xFC, 0x0E, 0x03,
    0x45, 0x07, 0x62, 0x06, 0x24, 0x01, 0x79, 0xFC, 0x64, 0xFC, 0xCD, 0xFF, 0xAB, 0x03, 0x3A, 0x06,
    0xC1, 0x08, 0x85, 0x0A, 0xCB, 0x0B, 0x62, 0x0B, 0xCD, 0x07, 0x16, 0x01, 0x1F, 0xFA, 0xFE, 0xF6,
    0x1C, 0xF8, 0xD8, 0xF9, 0x67, 0xFB, 0xD5, 0xFC, 0xD7, 0x00, 0x46, 0x06, 0x87, 0x09, 0x3D, 0x0A,
    0x2B, 0x09, 0x95, 0x08, 0x7D, 0x08, 0x17, 0x09, 0x55, 0x09, 0x4D, 0x09, 0xD9, 0x07, 0x67, 0x07,
    0x18, 0x09, 0x98, 0x0B, 0x63, 0x0C, 0x14, 0x0B, 0xCB, 0x09, 0xF9, 0x09, 0x13, 0x0B, 0xEB, 0x0A,
    0xC3, 0x09, 0xBB, 0x07, 0x91, 0x07, 0x6C, 0x07, 0xFD, 0x07, 0xE2, 0x07, 0xAB, 0x06, 0xF1, 0x05,
    0xB7, 0x04, 0xB3, 0x04, 0xE2, 0x03, 0xA6, 0x02, 0x62, 0x01, 0x32, 0x01, 0x2A, 0x02, 0xBD, 0x02,
    0x95, 0x02, 0x9D, 0x01, 0x86, 0x00, 0x94, 0xFF, 0x50, 0xFE, 0x7B, 0xFC, 0x83, 0xFA, 0x10, 0xF8,
    0xED, 0xF5, 0x51, 0xF4, 0x5A, 0xF4, 0xC1, 0xF4, 0x75, 0xF4, 0xE5, 0xF4, 0x94, 0xF4, 0xC2, 0xF4,
    0x31, 0xF3, 0xEF, 0xF0, 0xE2, 0xEE, 0x64, 0xEC, 0xB8, 0xEB, 0x6C, 0xEA, 0xE5, 0xEA, 0x77, 0xEA,
    0x48, 0xE9, 0xB0, 0xEA, 0x81, 0xF4, 0x91, 0x05, 0x86, 0x13, 0xA5, 0x19, 0x3E, 0x19, 0x65, 0x1B,
    0xD9, 0x19, 0x8F, 0x11, 0xD5, 0x02, 0x2A, 0xF2, 0xED, 0xE8, 0x63, 0xE4, 0xE0, 0xE6, 0xFB, 0xEC,
    0xC9, 0xF2, 0x0B, 0xF8, 0x63, 0xFC, 0xCD, 0x01, 0xFE, 0x05, 0x6E, 0x05, 0xA7, 0x00, 0x1F, 0xFD,
    0x84, 0xFD, 0x33, 0x01, 0x09, 0x05, 0xF8, 0x06, 0x6A, 0x08, 0x54, 0x09, 0xAB, 0x09, 0x7E, 0x09,
    0x5F, 0x05, 0x78, 0xFF, 0x32, 0xFA, 0x91, 0xF7, 0x21, 0xF9, 0x09, 0xFA, 0x52, 0xFB, 0xB3, 0xFD,
    0xEF, 0x01, 0x6E, 0x06, 0x18, 0x08, 0x03, 0x08, 0xEA, 0x06, 0xE6, 0x06, 0x1F, 0x07, 0x91, 0x07,
    0x79, 0x08, 0x78, 0x08, 0xC7, 0x07, 0x23, 0x08, 0x17, 0x0A, 0xEE, 0x0B, 0x61, 0x0C, 0x40, 0x0A,
    0x3D, 0x09, 0xD1, 0x09, 0x23, 0x0A, 0xBC, 0x09, 0x04, 0x08, 0xEB, 0x06, 0x2F, 0x07, 0xA2, 0x07,
    0xD9, 0x07, 0x4D, 0x07, 0x30, 0x06, 0xCA, 0x05, 0xF5, 0x04, 0xBC, 0x05, 0xBE, 0x05, 0x23, 0x05,
    0x7D, 0x04, 0x6E, 0x03, 0x91, 0x04, 0x0F, 0x04, 0x3D, 0x03, 0x3E, 0x01, 0x3E, 0xFF, 0x8D, 0xFE,
    0x55, 0xFD, 0xA7, 0xFC, 0x4D, 0xFB, 0xAA, 0xFA, 0x8F, 0xF9, 0xBD, 0xF8, 0x4C, 0xF8, 0x6D, 0xF8,
    0xE6, 0xF7, 0x04, 0xF6, 0xF5, 0xF4, 0x57, 0xF4, 0xDE, 0xF4, 0x35, 0xF3, 0xB4, 0xF0, 0x25, 0xEE,
    0x4A, 0xEC, 0x03, 0xED, 0x4C, 0xED, 0x73, 0xED, 0x93, 0xEC, 0x7B, 0xEA, 0x51, 0xEB, 0xC3, 0xF0,
    0xF6, 0xFE, 0xB5, 0x0E, 0xE0, 0x15, 0x20, 0x18, 0xF2, 0x17, 0x92, 0x18, 0x75, 0x13, 0x09, 0x06,
    0x56, 0xF7, 0xEA, 0xEA, 0x02, 0xE5, 0x98, 0xE5, 0xDF, 0xEA, 0x7D, 0xF1, 0x81, 0xF6, 0x10, 0xFB,
    0x7E, 0x00, 0x96, 0x05, 0xEB, 0x06, 0x1E, 0x03, 0xD2, 0xFE, 0xC2, 0xFD, 0x55, 0x00, 0x82, 0x03,
    0x81, 0x05, 0x18, 0x07, 0x89, 0x07, 0xB0, 0x08, 0x0C, 0x08, 0x8D, 0x05, 0x15, 0x01, 0xCC, 0xFB,
    0xFF, 0xF8, 0xAE, 0xF7, 0xB4, 0xF9, 0xA1, 0xFB, 0xA5, 0xFD, 0x75, 0x00, 0xE4, 0x03, 0xD2, 0x07,
    0xCA, 0x08, 0xC7, 0x07, 0xEB, 0x05, 0x6D, 0x05, 0x61, 0x06, 0xCC, 0x06, 0xD2, 0x06, 0x2C, 0x06,
    0x85, 0x06, 0xF4, 0x07, 0x73, 0x09, 0xC1, 0x0A, 0x4D, 0x0A, 0x9D, 0x09, 0xDD, 0x08, 0xE0, 0x09,
    0xA3, 0x0A, 0x28, 0x0A, 0x71, 0x09, 0x3E, 0x08, 0x5F, 0x08, 0x6B, 0x08, 0xE9, 0x07, 0x19, 0x06,
    0xC2, 0x03, 0x48, 0x02, 0x16, 0x03, 0x01, 0x04, 0xC5, 0x04, 0xCA, 0x04, 0x3B, 0x05, 0xFD, 0x06,
    0xFB, 0x07, 0x30, 0x08, 0x57, 0x06, 0x36, 0x04, 0x8C, 0x01, 0x6D, 0xFF, 0x08, 0xFE, 0x61, 0xFC,
    0x5E, 0xFA, 0x7B, 0xF8, 0x07, 0xF8, 0xC7, 0xF8, 0x4C, 0xF9, 0xB7, 0xF8, 0xB5, 0xF7, 0x57, 0xF7,
    0x2F, 0xF7, 0xB1, 0xF6, 0x67, 0xF5, 0x5A, 0xF3, 0xAE, 0xF2, 0xBA, 0xF0, 0x52, 0xF0, 0xC6, 0xEF,
    0xFC, 0xEE, 0x09, 0xEF, 0xD8, 0xEC, 0xEF, 0xED, 0x21, 0xED, 0x8F, 0xED, 0x91, 0xF3, 0x78, 0xFF,
    0x71, 0x0E, 0x64, 0x16, 0x1F, 0x18, 0x31, 0x17, 0x57, 0x15, 0x1D, 0x0F, 0x6B, 0x03, 0x71, 0xF5,
    0x8F, 0xEA, 0x94, 0xE5, 0x81, 0xE6, 0xA4, 0xEB, 0x56, 0xF2, 0xB3, 0xF8, 0x81, 0xFD, 0x84, 0x01,
    0xF5, 0x04, 0x31, 0x06, 0x87, 0x03, 0x05, 0x00, 0x03, 0xFE, 0xB0, 0xFF, 0xA4, 0x02, 0xF7, 0x04,
    0xB9, 0x06, 0x51, 0x06, 0xCB, 0x06, 0xC2, 0x06, 0xCB, 0x04, 0xB9, 0x00, 0x30, 0xFB, 0x43, 0xF9,
    0x57, 0xF9, 0x3B, 0xFB, 0xD8, 0xFC, 0x6D, 0xFD, 0x15, 0x00, 0x84, 0x02, 0x82, 0x05, 0xD1, 0x05,
    0xA9, 0x04, 0x5B, 0x04, 0x83, 0x04, 0x80, 0x05, 0xC7, 0x05, 0x96, 0x06, 0x30, 0x06, 0xDB, 0x06,
    0xD6, 0x07, 0x0F, 0x09, 0x65, 0x0A, 0x27, 0x09, 0xFA, 0x08, 0xD0, 0x08, 0x68, 0x0A, 0x29, 0x0B,
    0xEC, 0x09, 0x5E, 0x08, 0xE9, 0x06, 0x23, 0x07, 0x74, 0x06, 0xB0, 0x05, 0x46, 0x04, 0xB4, 0x03,
    0xDB, 0x03, 0x82, 0x04, 0xB4, 0x05, 0x35, 0x06, 0x24, 0x07, 0xE8, 0x07, 0xEF, 0x08, 0x48, 0x09,
    0x74, 0x08, 0xC3, 0x06, 0xC8, 0x04, 0x10, 0x03, 0xAE, 0x01, 0x79, 0xFF, 0x2E, 0xFD, 0xC7, 0xFB,
    0xCD, 0xFA, 0x5F, 0xFA, 0x8D, 0xF9, 0x09, 0xF9, 0x0A, 0xF9, 0xA7, 0xF9, 0xEA, 0xF9, 0xA1, 0xF9,
    0x63, 0xF8, 0x7B, 0xF7, 0x6E, 0xF6, 0x5F, 0xF5, 0xF1, 0xF3, 0xAB, 0xF1, 0x6A, 0xF0, 0x2F, 0xEF,
    0xFF, 0xEE, 0x00, 0xEE, 0xA5, 0xEC, 0x8D, 0xEC, 0x04, 0xED, 0xC8, 0xED, 0x16, 0xF3, 0x26, 0xFE,
    0x8F, 0x0B, 0xBA, 0x13, 0xB3, 0x14, 0x3E, 0x15, 0xF1, 0x13, 0x06, 0x0F, 0x14, 0x04, 0x5E, 0xF7,
    0xE3, 0xED, 0xC9, 0xE8, 0x88, 0xE8, 0x5D, 0xEC, 0xA8, 0xF2, 0xA8, 0xF7, 0x14, 0xFC, 0xD9, 0xFF,
    0x2F, 0x04, 0x06, 0x06, 0xCD, 0x03, 0x01, 0x01, 0xAF, 0xFF, 0xB8, 0x01, 0x9E, 0x03, 0x1F, 0x05,
    0x3F, 0x06, 0xE4, 0x05, 0xE2, 0x05, 0xFC, 0x04, 0xA9, 0x03, 0x2E, 0x00, 0xB3, 0xFB, 0x6B, 0xF9,
    0x70, 0xF9, 0xA9, 0xFB, 0x0E, 0xFD, 0xE3, 0xFD, 0xED, 0xFE, 0x1C, 0x01, 0x4C, 0x03, 0xF7, 0x03,
    0x50, 0x03, 0xDE, 0x02, 0x08, 0x03, 0x85, 0x03, 0x84, 0x04, 0xA7, 0x05, 0x3D, 0x06, 0x03, 0x05,
    0x29, 0x05, 0x84, 0x06, 0x84, 0x08, 0x0D, 0x09, 0x49, 0x08, 0x9E, 0x08, 0x58, 0x09, 0xC1, 0x0B,
    0xA9, 0x0B, 0x07, 0x0A, 0x27, 0x09, 0x74, 0x07, 0xA2, 0x06, 0x05, 0x05, 0xF2, 0x03, 0x9A, 0x03,
    0x92, 0x02, 0x15, 0x03, 0xB2, 0x04, 0x76, 0x06, 0xAD, 0x07, 0x7C, 0x08, 0xBC, 0x09, 0xAE, 0x0A,
    0x10, 0x0B, 0x6D, 0x0A, 0x7B, 0x08, 0xBF, 0x05, 0xAC, 0x03, 0x11, 0x02, 0x2D, 0x00, 0x83, 0xFE,
    0x81, 0xFC, 0x3B, 0xFB, 0x98, 0xFA, 0x78, 0xFA, 0xAF, 0xFA, 0x05, 0xFA, 0xAA, 0xF9, 0xFB, 0xF9,
    0x3C, 0xFA, 0x39, 0xFA, 0x5C, 0xF9, 0x02, 0xF8, 0x2B, 0xF7, 0x23, 0xF6, 0xFB, 0xF4, 0xF5, 0xF3,
    0x27, 0xF2, 0x9B, 0xF0, 0x25, 0xF0, 0xDF, 0xEF, 0x4B, 0xEF, 0xF5, 0xED, 0xC3, 0xED, 0x6B, 0xEE,
    0x0F, 0xF1, 0xDD, 0xF9, 0xEF, 0x05, 0x2C, 0x11, 0x17, 0x14, 0x79, 0x13, 0x22, 0x13, 0xAC, 0x0E,
    0xD7, 0x07, 0xF1, 0xFA, 0xA9, 0xF0, 0xCA, 0xEA, 0x85, 0xE8, 0xA8, 0xEC, 0xE3, 0xF1, 0xFE, 0xF7,
    0x1B, 0xFC, 0xE5, 0xFE, 0xA0, 0x02, 0xAF, 0x04, 0x3C, 0x04, 0x6C, 0x01, 0x34, 0xFF, 0x60, 0x00,
    0xFE, 0x01, 0x0E, 0x04, 0x3B, 0x05, 0x97, 0x05, 0xFA, 0x04, 0xAD, 0x03, 0x93, 0x02, 0x5B, 0x00,
    0x09, 0xFD, 0xAA, 0xF9, 0x0F, 0xF9, 0x85, 0xFA, 0xC0, 0xFC, 0xE6, 0xFD, 0xCC, 0xFE, 0x66, 0x00,
    0x33, 0x02, 0x16, 0x03, 0xA2, 0x02, 0x38, 0x02, 0x15, 0x02, 0x8F, 0x02, 0x5F, 0x03, 0xCE, 0x04,
    0x35, 0x06, 0x9A, 0x05, 0xF5, 0x04, 0x89, 0x05, 0x1A, 0x07, 0xD3, 0x07, 0x58, 0x07, 0x19, 0x07,
    0x65, 0x07, 0xFE, 0x08, 0x28, 0x0A, 0x4C, 0x0A, 0x8F, 0x09, 0xE2, 0x07, 0x49, 0x07, 0xC2, 0x06,
    0xD1, 0x05, 0xD7, 0x04, 0x2E, 0x03, 0x0C, 0x03, 0xF9, 0x03, 0x8F, 0x05, 0x8F, 0x06, 0x7C, 0x07,
    0xA0, 0x08, 0xA5, 0x09, 0xD2, 0x0A, 0xCD, 0x0A, 0x90, 0x09, 0x58, 0x07, 0x40, 0x05, 0x95, 0x03,
    0xFE, 0x01, 0x90, 0x00, 0xD3, 0xFE, 0x7B, 0xFD, 0xCB, 0xFC, 0xD8, 0xFC, 0xD8, 0xFC, 0x5C, 0xFC,
    0xCB, 0xFB, 0x04, 0xFB, 0x9A, 0xFA, 0xFC, 0xF9, 0xA1, 0xF9, 0x67, 0xF8, 0x49, 0xF7, 0x24, 0xF7,
    0xF0, 0xF6, 0x74, 0xF6, 0xE6, 0xF4, 0x09, 0xF3, 0x9F, 0xF1, 0xDD, 0xF0, 0x5B, 0xF0, 0x18, 0xEF,
    0xB3, 0xEE, 0x6E, 0xEE, 0xB8, 0xF0, 0x62, 0xF3, 0xC4, 0xF8, 0x85, 0x04, 0x0D, 0x0D, 0x59, 0x12,
    0xEA, 0x11, 0xEE, 0x0E, 0xB5, 0x0C, 0xFE, 0x04, 0x7B, 0xFC, 0x4C, 0xF4, 0x6F, 0xED, 0xEC, 0xEB,
    0x4A, 0xED, 0xCD, 0xF2, 0x5E, 0xF8, 0x8B, 0xFB, 0xA8, 0xFE, 0x93, 0x00, 0x3D, 0x03, 0xB8, 0x03,
    0x08, 0x02, 0xB7, 0x00, 0x54, 0x00, 0xF9, 0x01, 0x7C, 0x03, 0x24, 0x05, 0x73, 0x05, 0x04, 0x04,
    0x83, 0x02, 0xE9, 0x00, 0x69, 0xFF, 0x10, 0xFD, 0x95, 0xFA, 0xBD, 0xF9, 0xB1, 0xFA, 0xE5, 0xFC,
    0x8D, 0xFE, 0x27, 0xFF, 0x65, 0x00, 0x12, 0x01, 0x7B, 0x01, 0x93, 0x01, 0x15, 0x01, 0x94, 0x01,
    0x62, 0x01, 0x55, 0x02, 0xD9, 0x03, 0x1F, 0x05, 0xC3, 0x05, 0xBC, 0x04, 0x6A, 0x05, 0x51, 0x05,
    0x7F, 0x06, 0x00, 0x07, 0xDA, 0x05, 0xBA, 0x06, 0x4B, 0x07, 0x2E, 0x09, 0x42, 0x0A, 0xD7, 0x08,
    0x78, 0x08, 0x76, 0x07, 0xFC, 0x06, 0x3F, 0x06, 0x66, 0x04, 0xBE, 0x03, 0x18, 0x03, 0xC1, 0x03,
    0x90, 0x04, 0xBE, 0x05, 0x0F, 0x07, 0x4E, 0x08, 0x64, 0x09, 0x6B, 0x0A, 0x25, 0x0B, 0x22, 0x0A,
    0x9E, 0x08, 0xE3, 0x06, 0x56, 0x05, 0x92, 0x03, 0x6D, 0x01, 0xD6, 0xFF, 0x53, 0xFE, 0x08, 0xFE,
    0x32, 0xFE, 0x2C, 0xFE, 0xBD, 0xFD, 0x41, 0xFD, 0xD2, 0xFC, 0x01, 0xFC, 0xA6, 0xFB, 0x6D, 0xFA,
    0x2F, 0xF9, 0x81, 0xF8, 0x5C, 0xF8, 0x95, 0xF8, 0x2E, 0xF8, 0x00, 0xF7, 0xAF, 0xF5, 0xA4, 0xF4,
    0xAF, 0xF2, 0xCC, 0xF0, 0x3E, 0xEF, 0x12, 0xEE, 0x1D, 0xEF, 0x8F, 0xEF, 0xA6, 0xF1, 0xF7, 0xF3,
    0x54, 0xF8, 0x33, 0x03, 0x4D, 0x0C, 0xE9, 0x10, 0x50, 0x11, 0xBA, 0x0D, 0xC2, 0x0A, 0x3A, 0x05,
    0xC1, 0xFD, 0xE4, 0xF6, 0xA0, 0xF0, 0x33, 0xEE, 0x27, 0xEF, 0x04, 0xF4, 0x50, 0xF8, 0xCA, 0xFB,
    0x2C, 0xFD, 0x3A, 0xFE, 0xB2, 0x00, 0x8B, 0x01, 0xA1, 0x01, 0xE9, 0x00, 0x50, 0x01, 0x1A, 0x03,
    0x44, 0x05, 0x6D, 0x06, 0x3C, 0x06, 0x01, 0x04, 0x2A, 0x01, 0xC7, 0xFE, 0xDF, 0xFC, 0x83, 0xFB,
    0x50, 0xFA, 0x45, 0xFA, 0xA6, 0xFB, 0xAA, 0xFD, 0x34, 0x00, 0x66, 0x01, 0x77, 0x01, 0xEC, 0x00,
    0xE1, 0xFF, 0x59, 0xFF, 0x98, 0xFF, 0x72, 0x00, 0x45, 0x01, 0x79, 0x02, 0xF8, 0x02, 0x41, 0x04,
    0xC1, 0x04, 0x46, 0x04, 0xED, 0x03, 0x23, 0x03, 0x9D, 0x03, 0x9B, 0x04, 0xC4, 0x05, 0xC7, 0x07,
    0xF6, 0x08, 0x46, 0x09, 0x82, 0x09, 0xF5, 0x08, 0xE2, 0x07, 0x9E, 0x06, 0x30, 0x05, 0x61, 0x04,
    0x92, 0x03, 0x94, 0x03, 0x66, 0x04, 0x93, 0x04, 0x55, 0x05, 0x49, 0x05, 0x3D, 0x06, 0xE9, 0x06,
    0x1B, 0x08, 0x52, 0x09, 0xD2, 0x09, 0xA7, 0x0A, 0x47, 0x0A, 0xF1, 0x09, 0x1E, 0x08, 0x23, 0x06,
    0x4D, 0x03, 0x57, 0x00, 0x82, 0xFE, 0xF5, 0xFD, 0x5B, 0xFE, 0x92, 0xFE, 0x12, 0xFF, 0x2E, 0xFF,
    0x4C, 0xFF, 0xBA, 0xFE, 0x5F, 0xFD, 0xC0, 0xFB, 0x1D, 0xFA, 0x33, 0xF9, 0xCE, 0xF8, 0xA5, 0xF8,
    0x50, 0xF8, 0xAA, 0xF7, 0xC0, 0xF6, 0x15, 0xF6, 0xD3, 0xF4, 0xD8, 0xF2, 0xB9, 0xF0, 0x67, 0xEF,
    0x39, 0xEF, 0xE1, 0xEF, 0xBC, 0xF1, 0x78, 0xF2, 0x93, 0xF4, 0xBE, 0xF7, 0xE6, 0xFF, 0x6F, 0x0B,
    0x61, 0x0F, 0x21, 0x10, 0x32, 0x0D, 0xD6, 0x09, 0xDD, 0x06, 0xA4, 0xFF, 0x2F, 0xF9, 0x4C, 0xF3,
    0xDE, 0xEF, 0x60, 0xF0, 0x2C, 0xF4, 0xCE, 0xF8, 0xA0, 0xFB, 0x3E, 0xFC, 0x92, 0xFC, 0x76, 0xFE,
    0x04, 0x00, 0xCB, 0x00, 0x96, 0x00, 0x46, 0x01, 0x52, 0x03, 0x53, 0x05, 0x54, 0x07, 0x93, 0x07,
    0x72, 0x05, 0xDA, 0x01, 0x71, 0xFE, 0x09, 0xFD, 0xE3, 0xFB, 0xD7, 0xFA, 0x52, 0xFA, 0x64, 0xFB,
    0xB2, 0xFD, 0x28, 0xFF, 0x9E, 0x00, 0x4D, 0x00, 0xAE, 0xFF, 0x7C, 0xFE, 0xCD, 0xFD, 0xA9, 0xFE,
    0xD5, 0xFF, 0xBB, 0x01, 0x88, 0x02, 0x0B, 0x04, 0xC3, 0x04, 0xD6, 0x04, 0xB9, 0x03, 0xC3, 0x01,
    0x79, 0x01, 0x20, 0x01, 0x41, 0x02, 0x89, 0x04, 0xB6, 0x06, 0x98, 0x08, 0x4F, 0x09, 0x54, 0x09,
    0x42, 0x09, 0x25, 0x08, 0x1E, 0x06, 0xA6, 0x04, 0xDE, 0x03, 0x08, 0x04, 0xFC, 0x03, 0x8F, 0x04,
    0xE4, 0x04, 0x68, 0x04, 0xB9, 0x04, 0xF5, 0x04, 0x95, 0x05, 0x3F, 0x06, 0x48, 0x07, 0xD5, 0x08,
    0xBB, 0x0A, 0x71, 0x0B, 0x11, 0x0B, 0x4B, 0x09, 0x03, 0x07, 0xFF, 0x04, 0x45, 0x02, 0xA2, 0x00,
    0x51, 0xFF, 0x31, 0xFF, 0x77, 0xFF, 0x21, 0x00, 0xA6, 0x00, 0x23, 0x00, 0x33, 0xFF, 0x6D, 0xFD,
    0x95, 0xFC, 0x83, 0xFB, 0xBA, 0xFA, 0xF2, 0xF9, 0x22, 0xF9, 0xB9, 0xF8, 0xF0, 0xF7, 0x41, 0xF7,
    0xF3, 0xF5, 0xC2, 0xF4, 0x5F, 0xF3, 0x4F, 0xF2, 0xF6, 0xF1, 0xBC, 0xF1, 0x0A, 0xF2, 0xBC, 0xF1,
    0xDF, 0xF1, 0x66, 0xF3, 0xE3, 0xF4, 0xBA, 0xF9, 0xB1, 0x02, 0x75, 0x0A, 0x7D, 0x0F, 0x79, 0x0E,
    0xE8, 0x0B, 0x2B, 0x0A, 0x41, 0x04, 0x64, 0xFE, 0xDC, 0xF7, 0x73, 0xF3, 0x07, 0xF2, 0x80, 0xF2,
    0x63, 0xF6, 0x9B, 0xF9, 0x9D, 0xFA, 0x42, 0xFA, 0x84, 0xFA, 0xD8, 0xFC, 0xE7, 0xFE, 0x4F, 0x00,
    0x58, 0x02, 0x7E, 0x04, 0x1A, 0x07, 0x4A, 0x08, 0xC8, 0x08, 0xB1, 0x07, 0x19, 0x04, 0x11, 0x00,
    0x6A, 0xFD, 0xB8, 0xFC, 0x58, 0xFC, 0xCF, 0xFB, 0x5E, 0xFC, 0x56, 0xFD, 0x89, 0xFE, 0x5F, 0xFF,
    0xF6, 0xFE, 0x1A, 0xFF, 0xDB, 0xFD, 0x14, 0xFD, 0xD6, 0xFD, 0x2D, 0xFF, 0x6F, 0x01, 0x5E, 0x02,
    0xC4, 0x02, 0xF6, 0x02, 0xDC, 0x02, 0x77, 0x02, 0xA3, 0x01, 0xAC, 0x00, 0xCE, 0x00, 0x5B, 0x01,
    0x92, 0x02, 0x17, 0x05, 0xD4, 0x06, 0x1E, 0x08, 0xA6, 0x07, 0x61, 0x07, 0x9E, 0x07, 0xC8, 0x05,
    0x56, 0x04, 0xB0, 0x03, 0xB4, 0x03, 0x87, 0x05, 0x0F, 0x06, 0x7E, 0x05, 0xAC, 0x04, 0x64, 0x03,
    0x5B, 0x03, 0x61, 0x03, 0x29, 0x04, 0x8F, 0x05, 0xDA, 0x06, 0xE0, 0x08, 0xDD, 0x0A, 0x49, 0x0C,
    0x82, 0x0B, 0x19, 0x09, 0x9C, 0x06, 0x67, 0x04, 0x06, 0x03, 0xA6, 0x01, 0xF3, 0x00, 0xD6, 0x00,
    0x00, 0x01, 0x29, 0x01, 0x3E, 0x01, 0xA6, 0x00, 0x80, 0xFF, 0x20, 0xFE, 0xED, 0xFC, 0x57, 0xFC,
    0x19, 0xFC, 0xC2, 0xFB, 0xCD, 0xFA, 0xC8, 0xF9, 0xC4, 0xF8, 0xC7, 0xF7, 0xE4, 0xF6, 0x0F, 0xF6,
    0xE3, 0xF4, 0x12, 0xF4, 0x4F, 0xF3, 0xB5, 0xF2, 0x87, 0xF2, 0xF4, 0xF1, 0xA6, 0xF1, 0x4E, 0xF2,
    0x4F, 0xF3, 0xF9, 0xF6, 0x25, 0xFE, 0xD2, 0x06, 0x6A, 0x0D, 0x2F, 0x0E, 0x9E, 0x0C, 0xBA, 0x09,
    0x0A, 0x05, 0x74, 0x00, 0x34, 0xFB, 0xE0, 0xF7, 0x77, 0xF5, 0xAF, 0xF4, 0xD5, 0xF6, 0xCC, 0xF8,
    0x16, 0xFA, 0xD9, 0xF8, 0x34, 0xF8, 0x7C, 0xF9, 0x23, 0xFC, 0xAA, 0xFF, 0x78, 0x02, 0xDF, 0x05,
    0x54, 0x08, 0x23, 0x09, 0xED, 0x08, 0x8D, 0x07, 0xF4, 0x04, 0x7F, 0x01, 0xCB, 0xFE, 0xAF, 0xFD,
    0xFA, 0xFD, 0xD7, 0xFD, 0xCC, 0xFD, 0x9B, 0xFD, 0xE0, 0xFC, 0xA7, 0xFC, 0xDA, 0xFB, 0xF3, 0xFB,
    0x56, 0xFC, 0x12, 0xFD, 0xE0, 0xFE, 0xD2, 0x00, 0x04, 0x03, 0xE6, 0x03, 0x76, 0x03, 0x2C, 0x02,
    0x08, 0x01, 0x1A, 0x00, 0x8E, 0xFF, 0x78, 0xFF, 0x33, 0xFF, 0x56, 0x00, 0x5E, 0x01, 0xE5, 0x02,
    0x24, 0x04, 0x47, 0x04, 0x5C, 0x04, 0xC6, 0x03, 0x67, 0x04, 0xB2, 0x05, 0x6F, 0x06, 0xCE, 0x06,
    0xE6, 0x05, 0xF9, 0x04, 0xCE, 0x04, 0xF1, 0x04, 0x83, 0x04, 0x96, 0x03, 0xA7, 0x02, 0x5F, 0x02,
    0x7A, 0x03, 0xCF, 0x04, 0x3A, 0x06, 0xAF, 0x06, 0x16, 0x07, 0xBD, 0x07, 0xAC, 0x08, 0x16, 0x09,
    0x72, 0x08, 0x22, 0x07, 0xD5, 0x05, 0x46, 0x05, 0xB4, 0x04, 0xEB, 0x03, 0xC4, 0x02, 0x32, 0x01,
    0x6E, 0x00, 0x37, 0x00, 0x85, 0x00, 0xCB, 0x00, 0x44, 0x00, 0xE1, 0xFF, 0xDC, 0xFE, 0x59, 0xFE,
    0x6B, 0xFD, 0x88, 0xFC, 0x05, 0xFB, 0xCA, 0xF9, 0xE3, 0xF8, 0x2B, 0xF8, 0x0F, 0xF8, 0x30, 0xF7,
    0x0C, 0xF7, 0x2E, 0xF6, 0x75, 0xF5, 0x55, 0xF4, 0x19, 0xF3, 0x6F, 0xF2, 0x92, 0xF1, 0x6C, 0xF2,
    0x0E, 0xF3, 0xE5, 0xF4, 0x3C, 0xF8, 0x1A, 0xFE, 0xDA, 0x08, 0x81, 0x0E, 0x25, 0x0F, 0xF0, 0x0C,
    0x5C, 0x07, 0x26, 0x04, 0xD3, 0xFF, 0x3E, 0xFC, 0x95, 0xFA, 0xB6, 0xF7, 0xE9, 0xF6, 0x0E, 0xF8,
    0xFC, 0xF9, 0x84, 0xFA, 0x83, 0xF8, 0xAE, 0xF6, 0x8A, 0xF7, 0xFC, 0xFA, 0x93, 0xFF, 0x11, 0x04,
    0xB2, 0x07, 0x9A, 0x09, 0xFA, 0x08, 0xED, 0x07, 0x87, 0x06, 0x60, 0x04, 0xAF, 0x01, 0x54, 0xFF,
    0x50, 0xFF, 0x8C, 0x00, 0x02, 0x01, 0x1F, 0x00, 0x6C, 0xFE, 0x2E, 0xFC, 0x1F, 0xFA, 0xB2, 0xF9,
    0xC8, 0xFA, 0x74, 0xFC, 0xE6, 0xFD, 0x9E, 0xFF, 0x28, 0x02, 0x53, 0x04, 0x04, 0x05, 0x7F, 0x03,
    0x4A, 0x01, 0x57, 0xFF, 0x70, 0xFE, 0x44, 0xFF, 0x4E, 0x00, 0x97, 0x01, 0x58, 0x01, 0x3C, 0x00,
    0x41, 0x00, 0x78, 0x00, 0xBB, 0x00, 0xBB, 0x00, 0x9D, 0x00, 0x60, 0x01, 0xFD, 0x02, 0xD6, 0x04,
    0x09, 0x06, 0x80, 0x05, 0x4A, 0x04, 0x0B, 0x03, 0x20, 0x03, 0x0F, 0x04, 0x20, 0x04, 0xEE, 0x03,
    0x6C, 0x03, 0xE6, 0x02, 0x50, 0x03, 0xF8, 0x03, 0x78, 0x04, 0xA3, 0x04, 0x64, 0x04, 0x5E, 0x05,
    0xA2, 0x06, 0xBD, 0x07, 0x7D, 0x08, 0x97, 0x07, 0x6D, 0x06, 0xAF, 0x05, 0xC8, 0x04, 0x42, 0x04,
    0xAD, 0x03, 0xB6, 0x02, 0xB9, 0x01, 0x21, 0x01, 0x03, 0x01, 0xAF, 0x00, 0xFD, 0xFF, 0xEF, 0xFE,
    0x71, 0xFE, 0x49, 0xFE, 0x4B, 0xFE, 0x1D, 0xFE, 0xAB, 0xFD, 0x04, 0xFD, 0xFD, 0xFB, 0x3E, 0xFB,
    0x55, 0xFA, 0x73, 0xF9, 0x36, 0xF8, 0x25, 0xF7, 0x83, 0xF6, 0x31, 0xF6, 0xC2, 0xF5, 0x00, 0xF5,
    0x94, 0xF4, 0xFD, 0xF3, 0xA7, 0xF3, 0x04, 0xF4, 0x80, 0xF5, 0x47, 0xF8, 0x1C, 0xFB, 0xFB, 0x00,
    0x41, 0x08, 0x26, 0x0C, 0x9C, 0x0D, 0x78, 0x0A, 0xBB, 0x06, 0x60, 0x03, 0x31, 0xFF, 0x5E, 0xFD,
    0xC0, 0xFB, 0xCC, 0xFA, 0xE5, 0xF9, 0xA9, 0xF9, 0xD7, 0xFA, 0x51, 0xFA, 0xC2, 0xF8, 0x95, 0xF7,
    0x63, 0xF8, 0xC4, 0xFB, 0x81, 0xFF, 0x9C, 0x03, 0x3B, 0x07, 0xEF, 0x08, 0xE1, 0x08, 0xF4, 0x07,
    0xD2, 0x06, 0x0D, 0x05, 0xD5, 0x02, 0x41, 0x01, 0xF1, 0x00, 0x37, 0x01, 0x0C, 0x01, 0xF9, 0xFF,
    0x77, 0xFE, 0x3F, 0xFC, 0x3F, 0xFA, 0x75, 0xF9, 0xED, 0xF9, 0x98, 0xFB, 0x99, 0xFD, 0x61, 0xFF,
    0x4F, 0x01, 0x01, 0x03, 0x78, 0x03, 0x33, 0x03, 0x47, 0x02, 0x35, 0x01, 0xB2, 0x00, 0xDA, 0x00,
    0xEB, 0x01, 0xD9, 0x02, 0x99, 0x02, 0xEE, 0x01, 0xB0, 0x00, 0x52, 0x00, 0x37, 0x00, 0x38, 0x00,
    0x11, 0x01, 0x87, 0x01, 0x6A, 0x02, 0x03, 0x03, 0x15, 0x04, 0xA4, 0x04, 0x49, 0x04, 0x69, 0x03,
    0x99, 0x02, 0xBD, 0x02, 0x57, 0x03, 0x10, 0x04, 0x26, 0x04, 0xF9, 0x03, 0x11, 0x03, 0x89, 0x02,
    0xBA, 0x02, 0x68, 0x03, 0xCF, 0x03, 0xAA, 0x03, 0xDD, 0x03, 0x3E, 0x04, 0x93, 0x04, 0x7F, 0x04,
    0x1B, 0x04, 0xDA, 0x02, 0xC2, 0x01, 0xFA, 0x00, 0x9C, 0x00, 0x76, 0x00, 0xDE, 0xFF, 0x28, 0xFF,
    0x0E, 0xFE, 0x5A, 0xFD, 0xC4, 0xFC, 0x1C, 0xFC, 0x59, 0xFB, 0x4D, 0xFA, 0x82, 0xF9, 0x3B, 0xF9,
    0x5C, 0xF9, 0xB9, 0xF9, 0xBB, 0xF9, 0x3E, 0xF9, 0x72, 0xF8, 0x96, 0xF7, 0x52, 0xF7, 0x3B, 0xF8,
    0x65, 0xF9, 0x25, 0xFB, 0x68, 0xFE, 0x9D, 0x02, 0x84, 0x06, 0xAA, 0x07, 0x7F, 0x06, 0x1C, 0x04,
    0xA2, 0x01, 0xFE, 0xFF, 0x34, 0xFF, 0x14, 0xFF, 0x5B, 0xFE, 0xEE, 0xFC, 0xD1, 0xFB, 0x32, 0xFB,
    0xB0, 0xFA, 0x86, 0xF9, 0xCC, 0xF8, 0xC1, 0xF9, 0xC8, 0xFB, 0xD2, 0xFE, 0x0C, 0x02, 0xA0, 0x04,
    0xA5, 0x05, 0x50, 0x05, 0x6C, 0x04, 0xAD, 0x03, 0x31, 0x03, 0xC1, 0x02, 0xB1, 0x02, 0x91, 0x02,
    0x03, 0x02, 0xBF, 0x00, 0x3F, 0xFF, 0xDD, 0xFD, 0x68, 0xFC, 0x59, 0xFB, 0x74, 0xFB, 0xBF, 0xFC,
    0x83, 0xFE, 0xE6, 0xFF, 0xEA, 0x00, 0xA5, 0x01, 0xB6, 0x01, 0x98, 0x01, 0x7D, 0x01, 0xA1, 0x01,
    0xE7, 0x01, 0xE9, 0x01, 0x15, 0x02, 0x2A, 0x02, 0x02, 0x02, 0x91, 0x01, 0xF3, 0x00, 0xF7, 0x00,
    0x49, 0x01, 0xB3, 0x01, 0x2F, 0x02, 0x5B, 0x02, 0x79, 0x02, 0x56, 0x02, 0xFC, 0x01, 0xCB, 0x01,
    0xC6, 0x01, 0xD6, 0x01, 0x06, 0x02, 0x3B, 0x02, 0x7C, 0x02, 0x8F, 0x02, 0x67, 0x02, 0x68, 0x02,
    0x4B, 0x02, 0x69, 0x02, 0xC0, 0x02, 0x20, 0x03, 0x83, 0x03, 0xC6, 0x03, 0xD9, 0x03, 0x80, 0x03,
    0x0A, 0x03, 0xA6, 0x02, 0x12, 0x02, 0xA3, 0x01, 0x22, 0x01, 0x60, 0x00, 0xBA, 0xFF, 0xD6, 0xFE,
    0x2C, 0xFE, 0xAF, 0xFD, 0x54, 0xFD, 0xF7, 0xFC, 0x6E, 0xFC, 0xDC, 0xFB, 0x6B, 0xFB, 0x17, 0xFB,
    0xDD, 0xFA, 0x18, 0xFB, 0xCD, 0xFA, 0x84, 0xFA, 0xE3, 0xF9, 0xB3, 0xF8, 0xCD, 0xF7, 0x65, 0xF7,
    0xC6, 0xF7, 0x54, 0xF8, 0x54, 0xFA, 0x7D, 0xFE, 0x77, 0x03, 0x06, 0x07, 0x48, 0x07, 0xD3, 0x05,
    0xE1, 0x03, 0x3B, 0x02, 0xEE, 0x01, 0x0C, 0x02, 0x8A, 0x02, 0x09, 0x02, 0x4C, 0x00, 0x33, 0xFF,
    0x49, 0xFE, 0xF0, 0xFC, 0xFB, 0xFA, 0x84, 0xF9, 0xEB, 0xF9, 0xCE, 0xFB, 0xA9, 0xFE, 0x6D, 0x01,
    0x1C, 0x03, 0x6A, 0x03, 0x92, 0x02, 0x47, 0x02, 0x57, 0x02, 0xBB, 0x02, 0x5C, 0x03, 0x98, 0x03,
    0xC4, 0x03, 0x2E, 0x03, 0x5F, 0x02, 0x2F, 0x01, 0xB6, 0xFF, 0x52, 0xFE, 0x46, 0xFD, 0x4F, 0xFD,
    0xD8, 0xFD, 0x87, 0xFE, 0x01, 0xFF, 0x29, 0xFF, 0x48, 0xFF, 0x56, 0xFF, 0x3F, 0xFF, 0x77, 0xFF,
    0xFA, 0xFF, 0x83, 0x00, 0x05, 0x01, 0x7F, 0x01, 0xBB, 0x01, 0x96, 0x01, 0x24, 0x01, 0x99, 0x00,
    0x98, 0x00, 0xB7, 0x00, 0xBD, 0x00, 0xCE, 0x00, 0xC6, 0x00, 0xC9, 0x00, 0x98, 0x00, 0x19, 0x00,
    0xD2, 0xFF, 0xC4, 0xFF, 0xB8, 0xFF, 0x00, 0x00, 0x5C, 0x00, 0xB5, 0x00, 0xCF, 0x00, 0x93, 0x00,
    0x57, 0x00, 0x5D, 0x00, 0x6B, 0x00, 0x4E, 0x00, 0x46, 0x00, 0x60, 0x00, 0xAD, 0x00, 0xBB, 0x00,
    0xD4, 0x00, 0xE9, 0x00, 0xBE, 0x00, 0x97, 0x00, 0x5A, 0x00, 0x54, 0x00, 0x5F, 0x00, 0x40, 0x00,
    0x13, 0x00, 0xF0, 0xFF, 0xE4, 0xFF, 0x93, 0xFF, 0x52, 0xFF, 0x29, 0xFF, 0xF1, 0xFE, 0xEE, 0xFE,
    0xB9, 0xFE, 0xAD, 0xFE, 0x94, 0xFE, 0x64, 0xFE, 0x59, 0xFE, 0x26, 0xFE, 0x1A, 0xFE, 0x24, 0xFE,
    0x30, 0xFE, 0x68, 0xFE, 0x94, 0xFE, 0xC2, 0xFE, 0xF5, 0xFE, 0x1E, 0xFF, 0x41, 0xFF, 0x70, 0xFF,
    0x92, 0xFF, 0xA9, 0xFF, 0xDA, 0xFF, 0xDC, 0xFF, 0xE5, 0xFF, 0x04, 0x00, 0x17, 0x00, 0x3C, 0x00,
    0x45, 0x00, 0x60, 0x00, 0x88, 0x00, 0x9F, 0x00, 0xB1, 0x00, 0xC2, 0x00, 0xF8, 0x00, 0x20, 0x01,
    0x3A, 0x01, 0x5B, 0x01, 0x8A, 0x01, 0xC3, 0x01, 0xDF, 0x01, 0x13, 0x02, 0x5F, 0x02, 0x88, 0x02,
    0xAA, 0x02, 0xBE, 0x02, 0xD7, 0x02, 0x0B, 0x03, 0xEA, 0x02, 0xCA, 0x02, 0xC4, 0x02, 0x93, 0x02,
    0x81, 0x02, 0x53, 0x02, 0x24, 0x02, 0xFB, 0x01, 0xB0, 0x01, 0x8F, 0x01, 0x63, 0x01, 0x26, 0x01,
    0xF5, 0x00, 0xC8, 0x00, 0xB3, 0x00, 0x7C, 0x00, 0x40, 0x00, 0x16, 0x00, 0xF6, 0xFF, 0xB6, 0xFF,
    0x78, 0xFF, 0x32, 0xFF, 0xD6, 0xFE, 0xA5, 0xFE, 0x41, 0xFE, 0xD0, 0xFD, 0x48, 0xFD, 0xC8, 0xFC,
    0x8B, 0xFC, 0x44, 0xFC, 0xF0, 0xFB, 0xAE, 0xFB, 0x67, 0xFB, 0x0A, 0xFB, 0xA0, 0xFA, 0x6E, 0xFA,
    0x90, 0xFA, 0x83, 0xFA, 0xC9, 0xFA, 0x34, 0xFC, 0x43, 0xFE, 0x92, 0xFF, 0xD5, 0xFF, 0x75, 0xFF,
    0x08, 0xFF, 0x6B, 0xFF, 0x20, 0x00, 0x13, 0x01, 0x14, 0x02, 0x3A, 0x02, 0xAE, 0x01, 0x1F, 0x01,
    0x01, 0x01, 0xEC, 0x00, 0xF9, 0xFF, 0x3E, 0xFF, 0x07, 0xFF, 0x67, 0xFF, 0x07, 0x00, 0x3B, 0x00,
    0xD1, 0x00, 0x9F, 0x00, 0x3D, 0x00, 0x28, 0x00, 0x85, 0x00, 0x5B, 0x01, 0xEB, 0x01, 0x69, 0x02,
    0xBC, 0x02, 0xC9, 0x02, 0xA5, 0x02, 0x40, 0x02, 0xE2, 0x01, 0xA8, 0x01, 0x5C, 0x01, 0x50, 0x01,
    0x51, 0x01, 0x57, 0x01, 0x0E, 0x01, 0xCB, 0x00, 0x91, 0x00, 0x3B, 0x00, 0x05, 0x00, 0xB9, 0xFF,
    0x88, 0xFF, 0x6E, 0xFF, 0x80, 0xFF, 0xB0, 0xFF, 0xD3, 0xFF, 0xB7, 0xFF, 0x6A, 0xFF, 0x34, 0xFF,
    0x42, 0xFF, 0x95, 0xFF, 0xFB, 0xFF, 0x42, 0x00, 0x4B, 0x00, 0x1F, 0x00, 0xFF, 0xFF, 0x19, 0x00,
    0x35, 0x00, 0x2F, 0x00, 0x02, 0x00, 0xF9, 0xFF, 0xFA, 0xFF, 0xEF, 0xFF, 0x09, 0x00, 0x0C, 0x00,
    0xDC, 0xFF, 0x94, 0xFF, 0x75, 0xFF, 0x96, 0xFF, 0xE6, 0xFF, 0x0F, 0x00, 0x26, 0x00, 0x27, 0x00,
    0x15, 0x00, 0x0E, 0x00, 0x1F, 0x00, 0x40, 0x00, 0x5A, 0x00, 0x67, 0x00, 0x62, 0x00, 0x54, 0x00,
    0x52, 0x00, 0x66, 0x00, 0x53, 0x00, 0x29, 0x00, 0x15, 0x00, 0x1B, 0x00, 0x23, 0x00, 0x0D, 0x00,
    0xF9, 0xFF, 0xEE, 0xFF, 0xD4, 0xFF, 0xD8, 0xFF, 0xEC, 0xFF, 0x18, 0x00, 0x4E, 0x00, 0x35, 0x00,
    0x31, 0x00, 0x2B, 0x00, 0x1E, 0x00, 0x2E, 0x00, 0x2E, 0x00, 0x4B, 0x00, 0x5C, 0x00, 0x3B, 0x00,
    0x18, 0x00, 0xF9, 0xFF, 0xE0, 0xFF, 0xCB, 0xFF, 0xB0, 0xFF, 0xA2, 0xFF, 0x86, 0xFF, 0x75, 0xFF,
    0x70, 0xFF, 0x8D, 0xFF, 0xA8, 0xFF, 0xA8, 0xFF, 0x9A, 0xFF, 0x89, 0xFF, 0xA1, 0xFF, 0xC7, 0xFF,
    0x00, 0x00, 0x1E, 0x00, 0x18, 0x00, 0x0B, 0x00, 0xEE, 0xFF, 0xEE, 0xFF, 0x0E, 0x00, 0x0F, 0x00,
    0x09, 0x00, 0xE2, 0xFF, 0xB3, 0xFF, 0x99, 0xFF, 0x7D, 0xFF, 0x91, 0xFF, 0xB6, 0xFF, 0xD4, 0xFF,
    0xDA, 0xFF, 0xC1, 0xFF, 0xAE, 0xFF, 0x98, 0xFF, 0x9E, 0xFF, 0xBD, 0xFF, 0xD5, 0xFF, 0xFE, 0xFF,
    0x04, 0x00, 0x12, 0x00, 0x1A, 0x00, 0x0A, 0x00, 0x15, 0x00, 0xFD, 0xFF, 0xEF, 0xFF, 0xF2, 0xFF,
    0xFB, 0xFF, 0x2D, 0x00, 0x6A, 0x00, 0x91, 0x00, 0x84, 0x00, 0x48, 0x00, 0x22, 0x00, 0x0D, 0x00,
    0x11, 0x00, 0x2E, 0x00, 0x27, 0x00, 0x17, 0x00, 0x05, 0x00, 0xF2, 0xFF, 0xE2, 0xFF, 0xDC, 0xFF,
    0xCA, 0xFF, 0xB9, 0xFF, 0xBE, 0xFF, 0xC2, 0xFF, 0xE7, 0xFF, 0x17, 0x00, 0x3D, 0x00, 0x5C, 0x00,
    0x67, 0x00, 0x6C, 0x00, 0x67, 0x00, 0x5B, 0x00, 0x52, 0x00, 0x44, 0x00, 0x34, 0x00, 0x20, 0x00,
    0x08, 0x00, 0xFE, 0xFF, 0xF4, 0xFF, 0xF6, 0xFF, 0xEE, 0xFF, 0xE8, 0xFF, 0xE8, 0xFF, 0xE8, 0xFF,
    0xFB, 0xFF, 0x0D, 0x00, 0x30, 0x00, 0x42, 0x00, 0x39, 0x00, 0x30, 0x00, 0x0A, 0x00, 0xF3, 0xFF,
    0xED, 0xFF, 0xCA, 0xFF, 0xBE, 0xFF, 0x9E, 0xFF, 0x89, 0xFF, 0x81, 0xFF, 0x7B, 0xFF, 0x7F, 0xFF,
    0x80, 0xFF, 0x8C, 0xFF, 0x93, 0xFF, 0xAA, 0xFF, 0xC7, 0xFF, 0xDF, 0xFF, 0xEA, 0xFF, 0xF9, 0xFF,
    0x06, 0x00, 0x20, 0x00, 0x2E, 0x00, 0x25, 0x00, 0x1F, 0x00, 0x0F, 0x00, 0xF8, 0xFF, 0xDD, 0xFF,
    0xD3, 0xFF, 0xDD, 0xFF, 0xE4, 0xFF, 0xE8, 0xFF, 0xFC, 0xFF, 0x0F, 0x00, 0x27, 0x00, 0x42, 0x00,
    0x4A, 0x00, 0x5B, 0x00, 0x6F, 0x00, 0x7A, 0x00, 0x8F, 0x00, 0xA2, 0x00, 0xA6, 0x00, 0x98, 0x00,
    0x7E, 0x00, 0x5E, 0x00, 0x48, 0x00, 0x38, 0x00, 0x2A, 0x00, 0x1F, 0x00, 0x0C, 0x00, 0xF1, 0xFF,
    0xDC, 0xFF, 0xD4, 0xFF, 0xDF, 0xFF, 0xE2, 0xFF, 0xEC, 0xFF, 0xDD, 0xFF, 0xCB, 0xFF, 0xD2, 0xFF,
    0xC7, 0xFF, 0xED, 0xFF, 0x19, 0x00, 0x22, 0x00, 0x14, 0x00, 0xFB, 0xFF, 0xE3, 0xFF, 0xDF, 0xFF,
    0xED, 0xFF, 0xFC, 0xFF, 0x02, 0x00, 0xE5, 0xFF, 0xB5, 0xFF, 0x97, 0xFF, 0x8B, 0xFF, 0x91, 0xFF,
    0xBB, 0xFF, 0xCD, 0xFF, 0xD0, 0xFF, 0xE0, 0xFF, 0xDF, 0xFF, 0xEF, 0xFF, 0xEF, 0xFF, 0xF2, 0xFF,
    0x00, 0x00, 0x05, 0x00, 0x1B, 0x00, 0x2B, 0x00, 0x3A, 0x00, 0x45, 0x00, 0x37, 0x00, 0x1C, 0x00,
    0x07, 0x00, 0x15, 0x00, 0x43, 0x00, 0x7B, 0x00, 0x83, 0x00, 0x9F, 0x00, 0x94, 0x00, 0x63, 0x00,
    0x51, 0x00, 0x46, 0x00, 0x47, 0x00, 0x4E, 0x00, 0x51, 0x00, 0x46, 0x00, 0x2E, 0x00, 0x13, 0x00,
    0xF3, 0xFF, 0xDA, 0xFF, 0xD1, 0xFF, 0xD6, 0xFF, 0xC9, 0xFF, 0xD0, 0xFF, 0xC2, 0xFF, 0xA7, 0xFF,
    0xA4, 0xFF, 0x99, 0xFF, 0xA6, 0xFF, 0xB1, 0xFF, 0xBE, 0xFF, 0xD3, 0xFF, 0xE6, 0xFF, 0xEA, 0xFF,
    0xE9, 0xFF, 0xEE, 0xFF, 0xEE, 0xFF, 0xE0, 0xFF, 0xD9, 0xFF, 0xD0, 0xFF, 0xCE, 0xFF, 0xBA, 0xFF,
    0xAD, 0xFF, 0xA9, 0xFF, 0xA5, 0xFF, 0xAC, 0xFF, 0xBC, 0xFF, 0xCE, 0xFF, 0xD9, 0xFF, 0xDF, 0xFF,
    0xE7, 0xFF, 0xFA, 0xFF, 0x0A, 0x00, 0x19, 0x00, 0x22, 0x00, 0x2E, 0x00, 0x2A, 0x00, 0x27, 0x00,
    0x25, 0x00, 0x24, 0x00, 0x1C, 0x00, 0x1E, 0x00, 0x17, 0x00, 0x11, 0x00, 0x0E, 0x00, 0x05, 0x00,
    0x07, 0x00, 0xFF, 0xFF, 0xFB, 0xFF, 0xF5, 0xFF, 0xE9, 0xFF, 0xEE, 0xFF, 0xF0, 0xFF, 0xFB, 0xFF,
    0xFD, 0xFF, 0x08, 0x00, 0x0A, 0x00, 0x0B, 0x00, 0x12, 0x00, 0x1D, 0x00, 0x24, 0x00, 0x2C, 0x00,
    0x2C, 0x00, 0x21, 0x00, 0x29, 0x00, 0x1B, 0x00, 0x10, 0x00, 0xF6, 0xFF, 0xE6, 0xFF, 0xE0, 0xFF,
    0xE1, 0xFF, 0xEE, 0xFF, 0xEB, 0xFF, 0xF2, 0xFF, 0xE7, 0xFF, 0xEA, 0xFF, 0xE3, 0xFF, 0xEA, 0xFF,
    0xFE, 0xFF, 0x05, 0x00, 0x0E, 0x00, 0x1B, 0x00, 0x25, 0x00, 0x26, 0x00, 0x2A, 0x00, 0x2B, 0x00,
    0x2D, 0x00, 0x34, 0x00, 0x35, 0x00, 0x3D, 0x00, 0x36, 0x00, 0x24, 0x00, 0x18, 0x00, 0x0C, 0x00,
    0x07, 0x00, 0xF9, 0xFF, 0xFA, 0xFF, 0x00, 0x00, 0x05, 0x00, 0x04, 0x00, 0x0A, 0x00, 0x10, 0x00,
    0x1D, 0x00, 0x25, 0x00, 0x1E, 0x00, 0x17, 0x00, 0x05, 0x00, 0x00, 0x00, 0xF9, 0xFF, 0xFA, 0xFF,
    0xF6, 0xFF, 0xF9, 0xFF, 0xFB, 0xFF, 0x00, 0x00, 0x01, 0x00, 0xFB, 0xFF, 0x08, 0x00, 0x0B, 0x00,
    0x0D, 0x00, 0x0F, 0x00, 0x12, 0x00, 0x0C, 0x00, 0x03, 0x00, 0x01, 0x00, 0xF7, 0xFF, 0xF1, 0xFF,
    0xEE, 0xFF, 0xE9, 0xFF, 0xE4, 0xFF, 0xE6, 0xFF, 0xE3, 0xFF, 0xDF, 0xFF, 0xDE, 0xFF, 0xD5, 0xFF,
    0xCE, 0xFF, 0xCA, 0xFF, 0xC7, 0xFF, 0xCC, 0xFF, 0xD1, 0xFF, 0xD5, 0xFF, 0xD8, 0xFF, 0xD7, 0xFF,
    0xD5, 0xFF, 0xE1, 0xFF, 0xF9, 0xFF, 0x00, 0x00, 0x05, 0x00, 0xFC, 0xFF, 0xEB, 0xFF, 0xEA, 0xFF,
    0xE1, 0xFF, 0xE3, 0xFF, 0xE8, 0xFF, 0xEB, 0xFF, 0xE8, 0xFF, 0xE9, 0xFF, 0xFC, 0xFF, 0x0F, 0x00,
    0x1C, 0x00, 0x2B, 0x00, 0x35, 0x00, 0x38, 0x00, 0x2F, 0x00, 0x2C, 0x00, 0x28, 0x00, 0x24, 0x00,
    0x24, 0x00, 0x27, 0x00, 0x2E, 0x00, 0x34, 0x00, 0x33, 0x00, 0x3A, 0x00, 0x3F, 0x00, 0x41, 0x00,
    0x3F, 0x00, 0x36, 0x00, 0x2E, 0x00, 0x2C, 0x00, 0x23, 0x00, 0x21, 0x00, 0x16, 0x00, 0xFC, 0xFF,
    0xE7, 0xFF, 0xDA, 0xFF, 0xE1, 0xFF, 0xE0, 0xFF, 0xE6, 0xFF, 0xEA, 0xFF, 0xEE, 0xFF, 0xF8, 0xFF,
    0xFF, 0xFF, 0x01, 0x00, 0xFE, 0xFF, 0xFE, 0xFF, 0xEA, 0xFF, 0xE6, 0xFF, 0xDD, 0xFF, 0xD8, 0xFF,
    0xDC, 0xFF, 0xD1, 0xFF, 0xCF, 0xFF, 0xD2, 0xFF, 0xD5, 0xFF, 0xDA, 0xFF, 0xDA, 0xFF, 0xD1, 0xFF,
    0xCB, 0xFF, 0xC6, 0xFF, 0xC9, 0xFF, 0xD3, 0xFF, 0xD7, 0xFF, 0xEC, 0xFF, 0xFC, 0xFF, 0xF9, 0xFF,
    0xFC, 0xFF, 0x03, 0x00, 0x0A, 0x00, 0x08, 0x00, 0x08, 0x00, 0x0B, 0x00, 0x0E, 0x00, 0x13, 0x00,
    0x0E, 0x00, 0x0A, 0x00, 0x06, 0x00, 0xFC, 0xFF, 0xFF, 0xFF, 0x04, 0x00, 0x0E, 0x00, 0x1A, 0x00,
    0x1E, 0x00, 0x20, 0x00, 0x19, 0x00, 0x19, 0x00, 0x1D, 0x00, 0x1A, 0x00, 0x17, 0x00, 0x15, 0x00,
    0x14, 0x00, 0x1A, 0x00, 0x16, 0x00, 0x12, 0x00, 0x13, 0x00, 0x0A, 0x00, 0x05, 0x00, 0xFA, 0xFF,
    0xF6, 0xFF, 0xFC, 0xFF, 0xFE, 0xFF, 0xFB, 0xFF, 0xFA, 0xFF, 0xF9, 0xFF, 0xFA, 0xFF, 0xFD, 0xFF,
    0xFF, 0xFF, 0x06, 0x00, 0x02, 0x00, 0xFB, 0xFF, 0xF7, 0xFF, 0xF2, 0xFF, 0xEF, 0xFF, 0xF7, 0xFF,
    0xFD, 0xFF, 0xFF, 0xFF, 0xFF, 0xFF, 0xFA, 0xFF, 0xF7, 0xFF, 0xF2, 0xFF, 0xF3, 0xFF, 0xF4, 0xFF,
    0xF4, 0xFF, 0xF4, 0xFF, 0xF3, 0xFF, 0xF5, 0xFF, 0xEF, 0xFF, 0xED, 0xFF, 0xEA, 0xFF, 0xEA, 0xFF,
    0xEC, 0xFF, 0xEC, 0xFF, 0xEF, 0xFF, 0xF8, 0xFF, 0xFE, 0xFF, 0x00, 0x00, 0x04, 0x00, 0x04, 0x00,
    0x03, 0x00, 0x08, 0x00, 0x11, 0x00, 0x19, 0x00, 0x19, 0x00, 0x1B, 0x00, 0x18, 0x00, 0x18, 0x00,
    0x19, 0x00, 0x19, 0x00, 0x1E, 0x00, 0x1D, 0x00, 0x1C, 0x00, 0x1C, 0x00, 0x16, 0x00, 0x17, 0x00,
    0x1C, 0x00, 0x1F, 0x00, 0x22, 0x00, 0x20, 0x00, 0x22, 0x00, 0x22, 0x00, 0x21, 0x00, 0x23, 0x00,
    0x1D, 0x00, 0x1C, 0x00, 0x1C, 0x00, 0x19, 0x00, 0x17, 0x00, 0x12, 0x00, 0x0A, 0x00, 0x05, 0x00,
    0xFF, 0xFF, 0xFC, 0xFF, 0xF6, 0xFF, 0xF6, 0xFF, 0xF6, 0xFF, 0xF8, 0xFF, 0xFC, 0xFF, 0xFA, 0xFF,
    0xF6, 0xFF, 0xF0, 0xFF, 0xEB, 0xFF, 0xF0, 0xFF, 0xF4, 0xFF, 0xF6, 0xFF, 0xF7, 0xFF, 0xF9, 0xFF,
    0xF9, 0xFF, 0xFA, 0xFF, 0xFB, 0xFF, 0xF9, 0xFF, 0xF6, 0xFF, 0xF6, 0xFF, 0xF7, 0xFF, 0xF3, 0xFF,
    0xF4, 0xFF, 0xF7, 0xFF, 0xF7, 0xFF, 0xFA, 0xFF, 0xFA, 0xFF, 0xFC, 0xFF, 0xFA, 0xFF, 0xFB, 0xFF,
    0xFD, 0xFF, 0xFE, 0xFF, 0x03, 0x00, 0x04, 0x00, 0x03, 0x00, 0x03, 0x00, 0xFD, 0xFF, 0xF9, 0xFF,
    0xF8, 0xFF, 0xF7, 0xFF, 0xF3, 0xFF, 0xF1, 0xFF, 0xEB, 0xFF, 0xE9, 0xFF, 0xE4, 0xFF, 0xE0, 0xFF,
    0xE3, 0xFF, 0xDE, 0xFF, 0xDE, 0xFF, 0xDD, 0xFF, 0xDB, 0xFF, 0xE4, 0xFF, 0xE9, 0xFF, 0xF0, 0xFF,
    0xF2, 0xFF, 0xF6, 0xFF, 0xFB, 0xFF, 0xFC, 0xFF, 0xFA, 0xFF, 0xFD, 0xFF, 0xFE, 0xFF, 0xFD, 0xFF,
    0xFC, 0xFF, 0xFD, 0xFF, 0xFF, 0xFF, 0x00, 0x00, 0x02, 0x00, 0x04, 0x00, 0x04, 0x00, 0x02, 0x00,
    0x01, 0x00, 0x00, 0x00, 0x05, 0x00, 0x05, 0x00, 0x0A, 0x00, 0x0E, 0x00, 0x0E, 0x00, 0x13, 0x00,
    0x15, 0x00, 0x16, 0x00, 0x15, 0x00, 0x12, 0x00, 0x10, 0x00, 0x0E, 0x00, 0x0F, 0x00, 0x12, 0x00,
    0x18, 0x00, 0x17, 0x00, 0x14, 0x00, 0x0C, 0x00, 0x06, 0x00, 0x02, 0x00, 0xFF, 0xFF, 0xFE, 0xFF,
    0xFD, 0xFF, 0xFC, 0xFF, 0xF7, 0xFF, 0xF8, 0xFF, 0xF7, 0xFF, 0xF6, 0xFF, 0xF6, 0xFF, 0xF8, 0xFF,
    0xF8, 0xFF, 0xF9, 0xFF, 0xF8, 0xFF, 0xF7, 0xFF, 0xF7, 0xFF, 0xF6, 0xFF, 0xF3, 0xFF, 0xF3, 0xFF,
    0xF4, 0xFF, 0xF6, 0xFF, 0xFB, 0xFF, 0xFD, 0xFF, 0xFF, 0xFF, 0x08, 0x00, 0x10, 0x00, 0x16, 0x00,
    0x14, 0x00, 0x15, 0x00, 0x18, 0x00, 0x19, 0x00, 0x1D, 0x00, 0x1E, 0x00, 0x20, 0x00, 0x1F, 0x00,
    0x17, 0x00, 0x16, 0x00, 0x12, 0x00, 0x11, 0x00, 0x11, 0x00, 0x11, 0x00, 0x0E, 0x00, 0x0D, 0x00,
    0x0C, 0x00, 0x0D, 0x00, 0x0D, 0x00, 0x0C, 0x00, 0x07, 0x00, 0x04, 0x00, 0x00, 0x00, 0xFD, 0xFF,
    0xFE, 0xFF, 0xFC, 0xFF, 0xFB, 0xFF, 0xF8, 0xFF, 0xF2, 0xFF, 0xEB, 0xFF, 0xE5, 0xFF, 0xE1, 0xFF,
    0xE0, 0xFF, 0xE0, 0xFF, 0xE2, 0xFF, 0xE0, 0xFF, 0xDD, 0xFF, 0xDC, 0xFF, 0xDD, 0xFF, 0xE5, 0xFF,
    0xED, 0xFF, 0xF2, 0xFF, 0xF5, 0xFF, 0xF6, 0xFF, 0xFA, 0xFF, 0xFE, 0xFF, 0x03, 0x00, 0x08, 0x00,
    0x0C, 0x00, 0x0F, 0x00, 0x10, 0x00, 0x14, 0x00, 0x18, 0x00, 0x16, 0x00, 0x19, 0x00, 0x1A, 0x00,
    0x1A, 0x00, 0x1A, 0x00, 0x18, 0x00, 0x1A, 0x00, 0x1A, 0x00, 0x18, 0x00, 0x16, 0x00, 0x18, 0x00,
    0x1A, 0x00, 0x19, 0x00, 0x18, 0x00, 0x15, 0x00, 0x12, 0x00, 0x0F, 0x00, 0x0B, 0x00, 0x09, 0x00,
    0x05, 0x00, 0x02, 0x00, 0xFE, 0xFF, 0xFB, 0xFF, 0xF8, 0xFF, 0xF5, 0xFF, 0xF3, 0xFF, 0xEE, 0xFF,
    0xEB, 0xFF, 0xEA, 0xFF, 0xE8, 0xFF, 0xE9, 0xFF, 0xEC, 0xFF, 0xF0, 0xFF, 0xF0, 0xFF, 0xEE, 0xFF,
    0xEA, 0xFF, 0xE7, 0xFF, 0xE7, 0xFF, 0xE9, 0xFF, 0xEC, 0xFF, 0xED, 0xFF, 0xEB, 0xFF, 0xEB, 0xFF,
    0xEB, 0xFF, 0xEA, 0xFF, 0xEB, 0xFF, 0xEE, 0xFF, 0xF1, 0xFF, 0xF2, 0xFF, 0xF4, 0xFF, 0xF4, 0xFF,
    0xFB, 0xFF, 0xFE, 0xFF, 0x04, 0x00, 0x06, 0x00, 0x03, 0x00, 0x04, 0x00, 0x01, 0x00, 0x06, 0x00,
    0x08, 0x00, 0x0A, 0x00, 0x0E, 0x00, 0x0C, 0x00, 0x0C, 0x00, 0x0D, 0x00, 0x0B, 0x00, 0x0A, 0x00,
    0x07, 0x00, 0x06, 0x00, 0x06, 0x00, 0x06, 0x00, 0x09, 0x00, 0x08, 0x00, 0x07, 0x00, 0x04, 0x00,
    0x00, 0x00, 0xFD, 0xFF, 0xFA, 0xFF, 0xF9, 0xFF, 0xFA, 0xFF, 0x01, 0x00, 0x04, 0x00, 0x07, 0x00,
    0x09, 0x00, 0x09, 0x00, 0x09, 0x00, 0x09, 0x00, 0x08, 0x00, 0x0B, 0x00, 0x07, 0x00, 0x06, 0x00,
    0x05, 0x00, 0x02, 0x00, 0x02, 0x00, 0x00, 0x00, 0xFD, 0xFF, 0xFA, 0xFF, 0xFB, 0xFF, 0xFB, 0xFF,
    0xFC, 0xFF, 0xFD, 0xFF, 0xFF, 0xFF, 0xFF, 0xFF, 0xFF, 0xFF, 0x00, 0x00, 0x02, 0x00, 0x06, 0x00,
    0x0A, 0x00, 0x0D, 0x00, 0x0D, 0x00, 0x10, 0x00, 0x10, 0x00, 0x0F, 0x00, 0x0B, 0x00, 0x05, 0x00,
    0x01, 0x00, 0xFE, 0xFF, 0xF9, 0xFF, 0xF8, 0xFF, 0xF3, 0xFF, 0xF0, 0xFF, 0xF3, 0xFF, 0xF2, 0xFF,
    0xF5, 0xFF, 0xF7, 0xFF, 0xF9, 0xFF, 0xFA, 0xFF, 0xFA, 0xFF, 0xFA, 0xFF, 0xFA, 0xFF, 0xFB, 0xFF,
    0xFC, 0xFF, 0xFB, 0xFF, 0xFE, 0xFF, 0x00, 0x00, 0x00, 0x00, 0x00, 0x00, 0xFF, 0xFF, 0xFD, 0xFF,
    0xFB, 0xFF, 0xF9, 0xFF, 0xFB, 0xFF, 0xFD, 0xFF, 0xFD, 0xFF, 0xFF, 0xFF, 0xFC, 0xFF, 0xFE, 0xFF,
    0xFF, 0xFF, 0x03, 0x00, 0x06, 0x00, 0x05, 0x00, 0x0B, 0x00, 0x0B, 0x00, 0x0F, 0x00, 0x10, 0x00,
    0x10, 0x00, 0x11, 0x00, 0x10, 0x00, 0x11, 0x00, 0x11, 0x00, 0x0E, 0x00, 0x0B, 0x00, 0x06, 0x00,
    0x00, 0x00, 0x00, 0x00, 0xFF, 0xFF, 0xFC, 0xFF, 0xF9, 0xFF, 0xF7, 0xFF, 0xF4, 0xFF, 0xF5, 0xFF,
    0xF3, 0xFF, 0xF4, 0xFF, 0xF8, 0xFF, 0xFC, 0xFF, 0xFE, 0xFF, 0xFC, 0xFF, 0xFB, 0xFF, 0xFC, 0xFF,
    0xFC, 0xFF, 0xF8, 0xFF, 0xF9, 0xFF, 0xF9, 0xFF, 0xF7, 0xFF, 0xF6, 0xFF, 0xF4, 0xFF, 0xF4, 0xFF,
    0xF0, 0xFF, 0xEF, 0xFF, 0xED, 0xFF, 0xF0, 0xFF, 0xF3, 0xFF, 0xF3, 0xFF, 0xF8, 0xFF, 0xF9, 0xFF,
    0xF9, 0xFF, 0xFC, 0xFF, 0xFF, 0xFF, 0x01, 0x00, 0x02, 0x00, 0x04, 0x00, 0x06, 0x00, 0x07, 0x00,
    0x08, 0x00, 0x0A, 0x00, 0x09, 0x00, 0x06, 0x00, 0x04, 0x00, 0x05, 0x00, 0x07, 0x00, 0x08, 0x00,
    0x0B, 0x00, 0x0D, 0x00, 0x0D, 0x00, 0x0A, 0x00, 0x0E, 0x00, 0x11, 0x00, 0x0F, 0x00, 0x13, 0x00,
    0x12, 0x00, 0x13, 0x00, 0x13, 0x00, 0x11, 0x00, 0x11, 0x00, 0x0E, 0x00, 0x0C, 0x00, 0x08, 0x00,
    0x02, 0x00, 0x01, 0x00, 0xFE, 0xFF, 0xFB, 0xFF, 0xFA, 0xFF, 0xF9, 0xFF, 0xF8, 0xFF, 0xF6, 0xFF,
    0xF3, 0xFF, 0xF3, 0xFF, 0xF0, 0xFF, 0xF2, 0xFF, 0xF4, 0xFF, 0xF6, 0xFF, 0xF8, 0xFF, 0xF9, 0xFF,
    0xF9, 0xFF, 0xF9, 0xFF, 0xFA, 0xFF, 0xFD, 0xFF, 0xFF, 0xFF, 0xFE, 0xFF, 0xFE, 0xFF, 0xFE, 0xFF,
    0xFF, 0xFF, 0x00, 0x00, 0x03, 0x00, 0x04, 0x00, 0x04, 0x00, 0x03, 0x00, 0x01, 0x00, 0x02, 0x00,
    0x04, 0x00, 0x08, 0x00, 0x0E, 0x00, 0x10, 0x00, 0x10, 0x00, 0x12, 0x00, 0x15, 0x00, 0x16, 0x00,
    0x15, 0x00, 0x14, 0x00, 0x0E, 0x00, 0x0C, 0x00, 0x09, 0x00, 0x09, 0x00, 0x08, 0x00, 0x06, 0x00,
    0x05, 0x00, 0x01, 0x00, 0x01, 0x00, 0x01, 0x00, 0x03, 0x00, 0x04, 0x00, 0x02, 0x00, 0x02, 0x00,
    0x00, 0x00, 0x01, 0x00, 0x05, 0x00, 0x06, 0x00, 0x07, 0x00, 0x04, 0x00, 0x01, 0x00, 0xFF, 0xFF,
    0xFE, 0xFF, 0xFC, 0xFF, 0xFA, 0xFF, 0xF8, 0xFF, 0xF6, 0xFF, 0xF3, 0xFF, 0xF1, 0xFF, 0xF1, 0xFF,
    0xF2, 0xFF, 0xF0, 0xFF, 0xEC, 0xFF, 0xE8, 0xFF, 0xE7, 0xFF, 0xE9, 0xFF, 0xE9, 0xFF, 0xEA, 0xFF,
    0xE8, 0xFF, 0xE8, 0xFF, 0xE8, 0xFF, 0xE8, 0xFF, 0xE9, 0xFF, 0xEA, 0xFF, 0xED, 0xFF, 0xEF, 0xFF,
    0xF2, 0xFF, 0xF0, 0xFF, 0xF1, 0xFF, 0xF0, 0xFF, 0xF2, 0xFF, 0xF5, 0xFF, 0xF8, 0xFF, 0xFA, 0xFF,
    0xFA, 0xFF, 0xFD, 0xFF, 0x00, 0x00, 0x00, 0x00, 0x04, 0x00, 0x04, 0x00, 0x01, 0x00, 0x02, 0x00,
    0x01, 0x00, 0x02, 0x00, 0x03, 0x00, 0x06, 0x00, 0x09, 0x00, 0x09, 0x00, 0x09, 0x00, 0x0A, 0x00,
    0x0B, 0x00, 0x0D, 0x00, 0x10, 0x00, 0x12, 0x00, 0x13, 0x00, 0x14, 0x00, 0x12, 0x00, 0x13, 0x00,
    0x15, 0x00, 0x15, 0x00, 0x15, 0x00, 0x13, 0x00, 0x13, 0x00, 0x11, 0x00, 0x12, 0x00, 0x10, 0x00,
    0x0D, 0x00, 0x09, 0x00, 0x06, 0x00, 0x05, 0x00, 0x03, 0x00, 0x01, 0x00, 0xFD, 0xFF, 0xFC, 0xFF,
    0xFB, 0xFF, 0xFC, 0xFF, 0xFC, 0xFF, 0xFB, 0xFF, 0xFD, 0xFF, 0xFB, 0xFF, 0xFA, 0xFF, 0xFB, 0xFF,
    0xFB, 0xFF, 0xFE, 0xFF, 0x00, 0x00, 0x00, 0x00, 0x00, 0x00, 0xFE, 0xFF, 0xFD, 0xFF, 0xFE, 0xFF,
    0xFF, 0xFF, 0xFF, 0xFF, 0xFD, 0xFF, 0xFC, 0xFF, 0xFD, 0xFF, 0xFD, 0xFF, 0xFE, 0xFF, 0x00, 0x00,
    0x00, 0x00, 0x00, 0x00, 0xFF, 0xFF, 0x00, 0x00, 0x00, 0x00, 0xFF, 0xFF, 0x00, 0x00, 0x00, 0x00,
    0x01, 0x00, 0x04, 0x00, 0x07, 0x00, 0x0A, 0x00, 0x0E, 0x00, 0x0C, 0x00, 0x0B, 0x00, 0x08, 0x00,
    0x07, 0x00, 0x05, 0x00, 0x04, 0x00, 0x06, 0x00, 0x03, 0x00, 0x02, 0x00, 0x02, 0x00, 0x01, 0x00,
    0x03, 0x00, 0x07, 0x00, 0x06, 0x00, 0x01, 0x00, 0xFF, 0xFF, 0xFF, 0xFF, 0xFE, 0xFF, 0x00, 0x00,
    0x01, 0x00, 0x03, 0x00, 0x02, 0x00, 0x01, 0x00, 0x02, 0x00, 0xFF, 0xFF, 0x03, 0x00, 0x01, 0x00,
    0x01, 0x00, 0x01, 0x00, 0x02, 0x00, 0x03, 0x00, 0x03, 0x00, 0x05, 0x00, 0x05, 0x00, 0x03, 0x00,
    0x01, 0x00, 0xFF, 0xFF, 0x00, 0x00, 0xFE, 0xFF, 0xFE, 0xFF, 0xFB, 0xFF, 0xF6, 0xFF, 0xF3, 0xFF,
    0xED, 0xFF, 0xE9, 0xFF, 0xE8, 0xFF, 0xE7, 0xFF, 0xE6, 0xFF, 0xE5, 0xFF, 0xE1, 0xFF, 0xE4, 0xFF,
    0xE6, 0xFF, 0xE8, 0xFF, 0xEC, 0xFF, 0xEB, 0xFF, 0xEB, 0xFF, 0xEA, 0xFF, 0xE8, 0xFF, 0xEA, 0xFF,
    0xEC, 0xFF, 0xF0, 0xFF, 0xF2, 0xFF, 0xF2, 0xFF, 0xF1, 0xFF, 0xEE, 0xFF, 0xF1, 0xFF, 0xF4, 0xFF,
    0xF3, 0xFF, 0xF6, 0xFF, 0xFA, 0xFF, 0xFD, 0xFF, 0x00, 0x00, 0x01, 0x00, 0x05, 0x00, 0x08, 0x00,
    0x07, 0x00, 0x0C, 0x00, 0x11, 0x00, 0x16, 0x00, 0x1C, 0x00, 0x20, 0x00, 0x22, 0x00, 0x23, 0x00,
    0x24, 0x00, 0x23, 0x00, 0x22, 0x00, 0x21, 0x00, 0x22, 0x00, 0x23, 0x00, 0x22, 0x00, 0x23, 0x00,
    0x22, 0x00, 0x21, 0x00, 0x1D, 0x00, 0x1B, 0x00, 0x18, 0x00, 0x12, 0x00, 0x13, 0x00, 0x13, 0x00,
    0x13, 0x00, 0x0F, 0x00, 0x0A, 0x00, 0x05, 0x00, 0x00, 0x00, 0x01, 0x00, 0xFD, 0xFF, 0xFC, 0xFF,
    0xF7, 0xFF, 0xF3, 0xFF, 0xF3, 0xFF, 0xF2, 0xFF, 0xF1, 0xFF, 0xEE, 0xFF, 0xEB, 0xFF, 0xE8, 0xFF,
    0xE9, 0xFF, 0xE7, 0xFF, 0xE2, 0xFF, 0xE7, 0xFF, 0xE7, 0xFF, 0xEB, 0xFF, 0xEC, 0xFF, 0xED, 0xFF,
    0xEE, 0xFF, 0xEB, 0xFF, 0xEC, 0xFF, 0xE9, 0xFF, 0xEB, 0xFF, 0xEE, 0xFF, 0xF1, 0xFF, 0xF7, 0xFF,
    0xFB, 0xFF, 0xFE, 0xFF, 0xFF, 0xFF, 0x02, 0x00, 0x07, 0x00, 0x07, 0x00, 0x0C, 0x00, 0x0E, 0x00,
    0x0F, 0x00, 0x10, 0x00, 0x10, 0x00, 0x11, 0x00, 0x11, 0x00, 0x11, 0x00, 0x0E, 0x00, 0x0C, 0x00,
    0x0D, 0x00, 0x11, 0x00, 0x12, 0x00, 0x15, 0x00, 0x15, 0x00, 0x14, 0x00, 0x11, 0x00, 0x0B, 0x00,
    0x07, 0x00, 0x02, 0x00, 0x04, 0x00, 0x01, 0x00, 0x03, 0x00, 0x04, 0x00, 0x00, 0x00, 0xFF, 0xFF,
    0xFC, 0xFF, 0xFC, 0xFF, 0xFD, 0xFF, 0xFE, 0xFF, 0xFE, 0xFF, 0xFD, 0xFF, 0xFB, 0xFF, 0xFF, 0xFF,
    0xFE, 0xFF, 0xFF, 0xFF, 0x01, 0x00, 0x00, 0x00, 0xFC, 0xFF, 0xFA, 0xFF, 0xFA, 0xFF, 0xFB, 0xFF,
    0xFB, 0xFF, 0xFA, 0xFF, 0xF7, 0xFF, 0xF6, 0xFF, 0xF5, 0xFF, 0xF3, 0xFF, 0xF4, 0xFF, 0xEF, 0xFF,
    0xEC, 0xFF, 0xEC, 0xFF, 0xEE, 0xFF, 0xF2, 0xFF, 0xF3, 0xFF, 0xF1, 0xFF, 0xF0, 0xFF, 0xEE, 0xFF,
    0xEF, 0xFF, 0xF1, 0xFF, 0xF2, 0xFF, 0xF7, 0xFF, 0xF4, 0xFF, 0xF5, 0xFF, 0xF6, 0xFF, 0xF7, 0xFF,
    0xFB, 0xFF, 0xFD, 0xFF, 0xFD, 0xFF, 0xF9, 0xFF, 0xFB, 0xFF, 0xFE, 0xFF, 0x01, 0x00, 0x01, 0x00,
    0xFF, 0xFF, 0xFC, 0xFF, 0x00, 0x00, 0x02, 0x00, 0x06, 0x00, 0x07, 0x00, 0x07, 0x00, 0x0E, 0x00,
    0x07, 0x00, 0x0A, 0x00, 0x0C, 0x00, 0x07, 0x00, 0x08, 0x00, 0x08, 0x00, 0x08, 0x00, 0x09, 0x00,
    0x09, 0x00, 0x0A, 0x00, 0x05, 0x00, 0x06, 0x00, 0x05, 0x00, 0x05, 0x00, 0x07, 0x00, 0x05, 0x00,
    0x00, 0x00, 0x03, 0x00, 0x07, 0x00, 0x09, 0x00, 0x0F, 0x00, 0x0D, 0x00, 0x0E, 0x00, 0x0B, 0x00,
    0x0D, 0x00, 0x0F, 0x00, 0x0D, 0x00, 0x0B, 0x00, 0x05, 0x00, 0x04, 0x00, 0x06, 0x00, 0x07, 0x00,
    0x06, 0x00, 0x07, 0x00, 0x00, 0x00, 0x03, 0x00, 0x04, 0x00, 0x05, 0x00, 0x06, 0x00, 0x03, 0x00,
    0x04, 0x00, 0x00, 0x00, 0xFD, 0xFF, 0xFC, 0xFF, 0xFB, 0xFF, 0x00, 0x00, 0x04, 0x00, 0xFD, 0xFF,
    0x04, 0x00, 0x05, 0x00, 0x06, 0x00, 0x0D, 0x00, 0x06, 0x00, 0x05, 0x00, 0xFF, 0xFF, 0x02, 0x00,
    0x05, 0x00, 0xFF, 0xFF, 0x08, 0x00, 0x03, 0x00, 0xF5, 0xFF, 0xFD, 0xFF, 0xFC, 0xFF, 0x03, 0x00,
    0xFF, 0xFF, 0x01, 0x00, 0xF8, 0xFF, 0xF1, 0xFF, 0xF4, 0xFF, 0xF6, 0xFF, 0xF3, 0xFF, 0xF4, 0xFF,
    0xF6, 0xFF, 0xF7, 0xFF, 0xF0, 0xFF, 0xF0, 0xFF, 0xF8, 0xFF, 0xEF, 0xFF, 0xEB, 0xFF, 0xF6, 0xFF,
    0xF6, 0xFF, 0xFA, 0xFF, 0x02, 0x00, 0xFB, 0xFF, 0x05, 0x00, 0x02, 0x00, 0xFF, 0xFF, 0x02, 0x00,
    0x02, 0x00, 0x05, 0x00, 0xFE, 0xFF, 0xF9, 0xFF, 0xF7, 0xFF, 0xF7, 0xFF, 0xFA, 0xFF, 0xFC, 0xFF,
    0x02, 0x00, 0x01, 0x00, 0x01, 0x00, 0xFE, 0xFF, 0x00, 0x00, 0xFB, 0xFF, 0xFA, 0xFF, 0xFD, 0xFF,
    0xF9, 0xFF, 0x00, 0x00, 0xFD, 0xFF, 0xF8, 0xFF, 0x02, 0x00, 0xF9, 0xFF, 0x00, 0x00, 0x01, 0x00,
    0x05, 0x00, 0xFA, 0xFF, 0xEC, 0xFF, 0xF5, 0xFF, 0xFB, 0xFF, 0xFA, 0xFF, 0xF9, 0xFF, 0x00, 0x00,
    0xF4, 0xFF, 0xF4, 0xFF, 0xF8, 0xFF, 0xF9, 0xFF, 0xFB, 0xFF, 0xF6, 0xFF, 0xFB, 0xFF, 0xFB, 0xFF,
    0x00, 0x00, 0xF5, 0xFF, 0xFF, 0xFF, 0xFB, 0xFF, 0xF8, 0xFF, 0xFA, 0xFF, 0xF1, 0xFF, 0x02, 0x00,
    0xFC, 0xFF, 0x03, 0x00, 0x02, 0x00, 0x0B, 0x00, 0x12, 0x00, 0x0C, 0x00, 0x0C, 0x00, 0x07, 0x00,
    0x08, 0x00, 0x0F, 0x00, 0x0B, 0x00, 0x14, 0x00, 0x16, 0x00, 0x0F, 0x00, 0x13, 0x00, 0x13, 0x00,
    0x13, 0x00, 0x0F, 0x00, 0x07, 0x00, 0x06, 0x00, 0xFF, 0xFF, 0xFC, 0xFF, 0x02, 0x00, 0x04, 0x00,
    0x05, 0x00, 0x02, 0x00, 0x04, 0x00, 0xFD, 0xFF, 0x06, 0x00, 0x0F, 0x00, 0x0D, 0x00, 0x11, 0x00,
    0x0C, 0x00, 0x13, 0x00, 0x17, 0x00, 0x1A, 0x00, 0x1A, 0x00, 0x1E, 0x00, 0x10, 0x00, 0x13, 0x00,
    0x20, 0x00, 0x11, 0x00, 0x10, 0x00, 0x09, 0x00, 0xFA, 0xFF, 0xF8, 0xFF, 0x07, 0x00, 0x0E, 0x00,
    0x00, 0x00, 0x00, 0x00, 0xFB, 0xFF, 0xF2, 0xFF, 0xF5, 0xFF, 0xF7, 0xFF, 0xF9, 0xFF, 0x0B, 0x00,
    0x08, 0x00, 0x08, 0x00, 0x06, 0x00, 0xFD, 0xFF, 0xFC, 0xFF, 0x00, 0x00, 0x04, 0x00, 0xFE, 0xFF,
    0x00, 0x00, 0xF4, 0xFF, 0xFF, 0xFF, 0x06, 0x00, 0xF2, 0xFF, 0x00, 0x00, 0xFA, 0xFF, 0xEC, 0xFF,
    0xEC, 0xFF, 0xF3, 0xFF, 0xF8, 0xFF, 0xF9, 0xFF, 0x00, 0x00, 0xFD, 0xFF, 0x02, 0x00, 0xF4, 0xFF,
    0xFA, 0xFF, 0xF6, 0xFF, 0xF8, 0xFF, 0xF7, 0xFF, 0xF0, 0xFF, 0xF6, 0xFF, 0xF1, 0xFF, 0xF3, 0xFF,
    0xF6, 0xFF, 0xEB, 0xFF, 0xF3, 0xFF, 0xEE, 0xFF, 0xDA, 0xFF, 0xDD, 0xFF, 0xDA, 0xFF, 0xE0, 0xFF,
    0xDE, 0xFF, 0xEE, 0xFF, 0xDB, 0xFF, 0xD4, 0xFF, 0xDB, 0xFF, 0xAE, 0xFF, 0xD8, 0xFF, 0xD6, 0xFF,
    0xD6, 0xFF, 0xF4, 0xFF, 0xE3, 0xFF, 0xE8, 0xFF, 0xEC, 0xFF, 0xE4, 0xFF, 0xF3, 0xFF, 0xF4, 0xFF,
    0x0B, 0x00, 0x14, 0x00, 0x00, 0x00, 0xF7, 0xFF, 0xF9, 0xFF, 0xFF, 0xFF, 0x06, 0x00, 0x00, 0x00,
    0xE9, 0xFF, 0xE2, 0xFF, 0xD0, 0xFF, 0xDE, 0xFF, 0xDD, 0xFF, 0xDD, 0xFF, 0xE1, 0xFF, 0xC8, 0xFF,
    0xF2, 0xFF, 0xF9, 0xFF, 0xD6, 0xFF, 0xCD, 0xFF, 0xB1, 0xFF, 0xAD, 0xFF, 0xDC, 0xFF, 0x39, 0x00,
    0x6D, 0x00, 0x67, 0x00, 0x73, 0xFF, 0x43, 0xFF, 0xB7, 0xFC, 0x34, 0x05, 0x48, 0x06, 0x1C, 0x02,
    0xC1, 0x02, 0xC8, 0xFC, 0x6B, 0xFB, 0x5F, 0xFF, 0xC0, 0x02, 0x13, 0x04, 0x9D, 0x03, 0xB5, 0xFE,
    0x2B, 0xFC, 0x54, 0xFB, 0x31, 0xFC, 0xB6, 0xFF, 0x48, 0x02, 0x4F, 0x03, 0xC2, 0x00, 0x48, 0xFE,
    0x03, 0xFD, 0x68, 0xFD, 0x7F, 0x00, 0xD1, 0x01, 0x1E, 0x01, 0x7B, 0x00, 0xD2, 0xFE, 0xD5, 0xFE,
    0x62, 0x00, 0x50, 0x00, 0x60, 0x01, 0xB2, 0x00, 0xB6, 0xFF, 0x83, 0xFF, 0x7E, 0xFF, 0x0E, 0x01,
    0x7E, 0x01, 0xF2, 0x01, 0x17, 0x01, 0xFE, 0xFF, 0x99, 0xFF, 0x78, 0xFF, 0x34, 0x00, 0x53, 0x00,
    0x69, 0x00, 0xAA, 0xFF, 0x46, 0xFF, 0x41, 0xFF, 0x0D, 0xFF, 0xEE, 0xFF, 0x33, 0x00, 0x97, 0x00,
    0x54, 0x00, 0xD3, 0xFF, 0x01, 0xFF, 0x3B, 0xFF, 0x9C, 0xFF, 0x6A, 0x00, 0xAD, 0x00, 0xE5, 0xFF,
    0xCF, 0xFF, 0xAB, 0xFE, 0xD5, 0xFE, 0x47, 0x00, 0xA1, 0x00, 0x57, 0x02, 0x80, 0x01, 0x08, 0x00,
    0x8A, 0xFF, 0x7C, 0xFE, 0x15, 0xFF, 0xE0, 0xFF, 0x4A, 0x00, 0x8A, 0x01, 0x7E, 0x01, 0xC2, 0xFF,
    0xE0, 0xFE, 0x3F, 0xFF, 0x3D, 0x00, 0x30, 0x00, 0x4D, 0x01, 0x6D, 0xFF, 0x74, 0xFF, 0x59, 0xFF,
    0xE9, 0xFE, 0xE5, 0xFF, 0xA5, 0xFF, 0xBC, 0x00, 0xC5, 0x00, 0x2C, 0x00, 0x19, 0x00, 0xBA, 0xFF,
    0xC5, 0xFF, 0xBA, 0x00, 0xC9, 0x00, 0x84, 0x00, 0x98, 0xFF, 0x5E, 0xFF, 0x02, 0xFF, 0xD8, 0xFF,
    0x31, 0xFF, 0x87, 0x00, 0xB6, 0xFF, 0x4A, 0x00, 0x3C, 0x00, 0xEB, 0xFF, 0xF3, 0x00, 0x8C, 0x00,
    0x31, 0x00, 0x01, 0x00, 0xB4, 0x00, 0x8B, 0x00, 0x8A, 0x00, 0x7F, 0xFF, 0x0A, 0x00, 0x40, 0x00,
    0x6E, 0x00, 0x6D, 0x00, 0x32, 0x01, 0xD8, 0xFE, 0xAF, 0xFE, 0x8E, 0xFF, 0x6C, 0xFF, 0x23, 0x00,
    0x01, 0x01, 0x94, 0xFF, 0xF7, 0xFE, 0xD9, 0xFF, 0x9F, 0xFE, 0x86, 0x00, 0x63, 0x01, 0xCD, 0xFF,
    0xB3, 0xFF, 0xEF, 0xFE, 0x92, 0xFE, 0xD9, 0xFE, 0xD0, 0x00, 0x28, 0x00, 0x5B, 0x01, 0xF7, 0x00,
    0xC0, 0xFE, 0x2B, 0x00, 0x4A, 0xFF, 0xB1, 0xFF, 0x6A, 0x00, 0x5C, 0x00, 0xD3, 0x00, 0x91, 0x01,
    0x74, 0xFF, 0xEF, 0xFE, 0x7D, 0xFF, 0x13, 0xFE, 0x7A, 0x00, 0x10, 0x01, 0x1A, 0xFF, 0x42, 0xFF,
    0xFD, 0xFE, 0x3E, 0xFF, 0x80, 0x00, 0x82, 0x00, 0x6D, 0x00, 0x11, 0x00, 0x01, 0x00, 0x89, 0xFF,
    0x14, 0xFF, 0x89, 0x00, 0x95, 0x00, 0x8B, 0x01, 0xCA, 0x01, 0x93, 0xFF, 0xD8, 0x00, 0x40, 0xFF,
    0x06, 0xFF, 0x03, 0xFF, 0xA5, 0xFF, 0x9D, 0xFF, 0x2B, 0x00, 0x20, 0xFF, 0x01, 0xFF, 0x78, 0xFE,
    0xA2, 0xFE, 0x92, 0xFE, 0x12, 0xFF, 0xAC, 0xFE, 0xBC, 0xFF, 0x77, 0x00, 0x86, 0x00, 0x46, 0x00,
    0xDA, 0xFF, 0x3A, 0xFF, 0xCC, 0xFF, 0xFF, 0x00, 0x91, 0x01, 0x52, 0x02, 0xF3, 0x01, 0x0C, 0x01,
    0xE1, 0x00, 0xAB, 0x01, 0x92, 0x00, 0xB0, 0x00, 0xD0, 0x00, 0x92, 0x00, 0x4E, 0x02, 0xE4, 0x01,
    0xEC, 0x00, 0x17, 0x00, 0xE1, 0xFD, 0xA2, 0xFE, 0xDD, 0xFF, 0x75, 0x00, 0x8E, 0xFF, 0x3D, 0xFF,
    0x94, 0xFD, 0x20, 0xFC, 0x07, 0xFF, 0xF5, 0xFF, 0x85, 0x00, 0x5E, 0x02, 0x79, 0xFF, 0xBB, 0xFE,
    0x8E, 0xFF, 0x45, 0xFF, 0x23, 0x02, 0x02, 0x02, 0xAB, 0x01, 0xE3, 0x00, 0x55, 0x00, 0x75, 0x00,
    0x32, 0x02, 0x50, 0x01, 0xE9, 0x01, 0xFD, 0x01, 0x00, 0x00, 0x56, 0x00, 0x23, 0xFF, 0x57, 0x00,
    0xF5, 0xFF, 0xBE, 0xFF, 0xFE, 0xFF, 0xB3, 0xFE, 0x6B, 0xFE, 0xB7, 0xFE, 0xD1, 0xFE, 0x94, 0xFE,
    0xED, 0xFE, 0xAE, 0xFE, 0x6C, 0xFE, 0xE6, 0xFE, 0x77, 0xFF, 0x08, 0x00, 0xEC, 0xFF, 0x03, 0x00,
    0x4F, 0x00, 0x08, 0x00, 0x21, 0x00, 0x80, 0x00, 0xC8, 0x00, 0x06, 0x01, 0xDC, 0x01, 0x4D, 0x01,
    0x21, 0x00, 0x50, 0xFF, 0x49, 0xFF, 0x7E, 0xFF, 0x13, 0x01, 0x94, 0x01, 0xA7, 0x00, 0x47, 0xFF,
    0x2B, 0xFE, 0x8C, 0xFE, 0xAB, 0xFE, 0x6C, 0xFF, 0x9D, 0xFF, 0xCA, 0xFF, 0x47, 0xFF, 0x2D, 0xFF,
    0x86, 0xFE, 0x5C, 0xFF, 0x64, 0xFF, 0x95, 0xFF, 0xE6, 0x00, 0xA8, 0xFF, 0x8F, 0x00, 0x45, 0x00,
    0x37, 0x00, 0x51, 0x00, 0xB5, 0x00, 0xDD, 0x00, 0xFF, 0x00, 0x30, 0x00, 0x87, 0x00, 0x52, 0x00,
    0x78, 0x00, 0xB1, 0x00, 0x17, 0x00, 0x66, 0x01, 0xF5, 0xFF, 0x4F, 0x00, 0x7F, 0x00, 0x4C, 0xFF,
    0xC5, 0xFF, 0x38, 0xFF, 0x51, 0xFF, 0x7F, 0xFF, 0xAE, 0xFF, 0x82, 0xFF, 0x2B, 0xFF, 0x07, 0xFF,
    0xBE, 0xFF, 0x68, 0xFF, 0x67, 0x01, 0x20, 0x01, 0x29, 0x00, 0xF7, 0xFF, 0xA4, 0xFE, 0xC0, 0xFF,
    0x3A, 0x00, 0x46, 0xFF, 0x51, 0x01, 0x96, 0x00, 0x9A, 0x00, 0xB5, 0x00, 0x42, 0x01, 0x91, 0x01,
    0x17, 0x02, 0x6A, 0x00, 0x9B, 0xFF, 0x79, 0x00, 0x60, 0x00, 0x63, 0x01, 0x2D, 0x00, 0x6F, 0xFF,
    0x31, 0xFF, 0x9B, 0xFE, 0x83, 0xFE, 0xA5, 0xFE, 0x46, 0xFE, 0xBD, 0xFF, 0x81, 0xFF, 0xCD, 0xFF,
    0xD8, 0xFF, 0x94, 0xFE, 0xA0, 0xFF, 0x20, 0x00, 0xFA, 0xFF, 0xC0, 0x00, 0x82, 0x00, 0xEC, 0xFF,
    0x2C, 0x00, 0xD4, 0xFF, 0x17, 0x00, 0xBA, 0x01, 0x47, 0x01, 0xFC, 0x00, 0x47, 0xFF, 0xF4, 0xFE,
    0x7F, 0x00, 0xF9, 0x00, 0x8B, 0x00, 0x6D, 0x00, 0x26, 0xFF, 0x3A, 0xFF, 0xE0, 0xFE, 0xC6, 0xFF,
    0x5F, 0x00, 0x16, 0x00, 0x5D, 0xFF, 0x7A, 0xFF, 0x5F, 0xFF, 0xA8, 0x00, 0x8F, 0xFF, 0x97, 0xFF,
    0xE7, 0xFF, 0x7D, 0xFF, 0x59, 0xFF, 0xAF, 0x00, 0x9A, 0x00, 0x9E, 0x00, 0xCD, 0x00, 0x9D, 0x00,
    0x97, 0x00, 0x64, 0x00, 0x2C, 0x00, 0x21, 0x00, 0x35, 0x00, 0x27, 0x00, 0x05, 0x00, 0xE1, 0x00,
    0xAF, 0xFF, 0xB8, 0xFF, 0x9D, 0x00, 0x72, 0x00, 0x05, 0x01, 0xBE, 0xFF, 0x66, 0xFE, 0xA2, 0xFE,
    0xF9, 0xFD, 0x98, 0xFF, 0x85, 0xFF, 0x0B, 0xFF, 0x9D, 0xFF, 0x54, 0xFE, 0xC9, 0xFE, 0xA5, 0xFF,
    0x30, 0x00, 0xC2, 0x00, 0xED, 0x00, 0x12, 0x00, 0x89, 0x00, 0x19, 0x00, 0xEC, 0x00, 0x00, 0x01,
    0xD1, 0x00, 0x52, 0x00, 0x96, 0x00, 0xE1, 0x00, 0xCA, 0x00, 0x16, 0x00, 0x96, 0x00, 0x60, 0x00,
    0x91, 0x00, 0xE7, 0x00, 0x36, 0x00, 0x79, 0x00, 0xF5, 0xFF, 0x41, 0xFF, 0x7C, 0xFF, 0xF6, 0xFE,
    0x86, 0xFF, 0x56, 0xFF, 0x34, 0xFF, 0x51, 0xFF, 0xD4, 0xFE, 0x2C, 0xFF, 0x2F, 0xFF, 0x90, 0x00,
    0x27, 0x00, 0x3B, 0xFF, 0x6A, 0xFF, 0x93, 0xFF, 0xDF, 0xFF, 0x58, 0x00, 0xAB, 0x00, 0x27, 0x01,
    0xD5, 0x00, 0xD7, 0xFF, 0x5A, 0x00, 0x30, 0x00, 0x8E, 0x00, 0xF4, 0x00, 0x9E, 0x00, 0xE2, 0x00,
    0x18, 0x00, 0x54, 0xFF, 0xEB, 0xFF, 0xC3, 0xFF, 0x25, 0x00, 0xBD, 0x00, 0xE4, 0x00, 0x9F, 0xFF,
    0xD3, 0xFE, 0x36, 0xFE, 0xC9, 0xFE, 0x12, 0x00, 0xDE, 0xFF, 0x4F, 0x00, 0x09, 0x00, 0x06, 0xFF,
    0x49, 0xFF, 0x47, 0xFF, 0xCE, 0xFF, 0xC9, 0x00, 0xD6, 0x00, 0xC6, 0x00, 0xDD, 0xFF, 0xFB, 0xFF,
    0x3C, 0xFF, 0xD8, 0xFF, 0x6E, 0x01, 0x22, 0x01, 0x6C, 0x01, 0x55, 0x00, 0x7E, 0x00, 0x65, 0x00,
    0x18, 0x00, 0x70, 0x00, 0x6D, 0x00, 0x75, 0x00, 0x19, 0x00, 0x18, 0x00, 0x39, 0x00, 0x4F, 0xFF,
    0x84, 0xFF, 0x52, 0xFF, 0x85, 0xFF, 0x7A, 0x01, 0x29, 0x00, 0x24, 0x00, 0xB6, 0xFF, 0x23, 0xFE,
    0x2A, 0xFF, 0x21, 0x00, 0x25, 0x00, 0xE8, 0x00, 0x9A, 0xFF, 0xD3, 0xFE, 0x2E, 0xFF, 0x89, 0xFF,
    0x9B, 0x00, 0xB5, 0x00, 0x57, 0x01, 0x07, 0x00, 0x32, 0xFF, 0x16, 0xFF, 0x88, 0xFF, 0x37, 0x00,
    0x1D, 0x01, 0x42, 0x00, 0x20, 0x00, 0x86, 0xFF, 0xF1, 0xFF, 0x15, 0x01, 0x87, 0x00, 0x86, 0x00,
    0x6F, 0x00, 0x67, 0xFF, 0x5B, 0xFF, 0x37, 0x00, 0x85, 0xFF, 0x86, 0x00, 0xE1, 0x00, 0x77, 0xFF,
    0x7F, 0xFF, 0xC6, 0xFE, 0xB0, 0xFE, 0xA3, 0xFF, 0xAE, 0x00, 0x3F, 0x00, 0x00, 0x00, 0x4E, 0x00,
    0xBD, 0xFE, 0xA9, 0xFF, 0xEA, 0xFF, 0xED, 0xFF, 0x83, 0x00, 0x18, 0x00, 0x2F, 0x00, 0x7C, 0x00,
    0xD9, 0xFF, 0x9C, 0xFF, 0xDF, 0xFF, 0xC2, 0xFF, 0xB6, 0x00, 0xED, 0x00, 0xAD, 0xFF, 0xAF, 0xFF,
    0xFC, 0xFF, 0x13, 0x00, 0x34, 0x00, 0x07, 0x00, 0xA9, 0xFF, 0xE9, 0xFF, 0x9C, 0x00, 0x74, 0x00,
    0xD4, 0xFF, 0xB7, 0xFF, 0x4F, 0x00, 0x75, 0x00, 0x9F, 0x00, 0x8B, 0x00, 0x09, 0x00, 0x63, 0xFF,
    0xDA, 0xFF, 0xA9, 0xFF, 0xFE, 0xFF, 0x76, 0xFF, 0x18, 0xFF, 0x5C, 0xFF, 0x73, 0xFF, 0x0B, 0x00,
    0x01, 0x00, 0x03, 0xFF, 0x44, 0xFF, 0x3D, 0xFF, 0xDD, 0xFF, 0x3E, 0x01, 0xA4, 0x00, 0xE0, 0xFF,
    0x09, 0x00, 0x5A, 0xFF, 0x07, 0x00, 0xC2, 0x00, 0xA2, 0x00, 0x67, 0x01, 0x1E, 0x01, 0x08, 0x00,
    0x26, 0x00, 0x03, 0x00, 0xD4, 0xFF, 0x2C, 0x00, 0x32, 0x00, 0x82, 0xFF, 0x69, 0xFF, 0xA1, 0xFE,
    0x34, 0xFF, 0x40, 0x00, 0x08, 0x00, 0x8A, 0x00, 0xB3, 0xFF, 0xA4, 0xFE, 0x28, 0xFF, 0xA6, 0xFF,
    0x1D, 0x00, 0x1A, 0x00, 0x67, 0x00, 0x3E, 0x00, 0x63, 0xFF, 0x48, 0x00, 0xF4, 0xFF, 0x17, 0x00,
    0x76, 0x00, 0x20, 0x00, 0xE6, 0x00, 0xFC, 0xFF, 0x1D, 0x00, 0x93, 0x00, 0x1C, 0x00, 0x80, 0x00,
    0x9A, 0x00, 0x60, 0x00, 0xA7, 0x00, 0x93, 0x00, 0xC2, 0xFF, 0x56, 0xFF, 0x34, 0xFF, 0x6A, 0xFF,
    0xB0, 0xFF, 0xF8, 0xFF, 0xCE, 0xFF, 0xD5, 0xFE, 0x36, 0xFF, 0xB0, 0xFF, 0x7C, 0x00, 0xEC, 0x00,
    0x3F, 0x00, 0x16, 0x00, 0x99, 0xFF, 0xD5, 0xFF, 0xA6, 0x00, 0xE3, 0x00, 0xFF, 0x00, 0xC3, 0x00,
    0x48, 0x00, 0x35, 0x00, 0x32, 0x00, 0x08, 0x00, 0xDE, 0xFF, 0x4A, 0x00, 0x6B, 0x00, 0xB2, 0x00,
    0x22, 0x00, 0xD3, 0xFE, 0xE7, 0xFE, 0x74, 0xFF, 0x8F, 0xFF, 0x30, 0x00, 0xD0, 0xFF, 0xAD, 0xFF,
    0xA6, 0xFF, 0xDD, 0xFF, 0xE9, 0xFF, 0xCF, 0xFF, 0x26, 0x00, 0xA4, 0x00, 0x2B, 0x01, 0x0B, 0x01,
    0x5F, 0x00, 0xE5, 0xFF, 0xF7, 0xFF, 0xC8, 0x00, 0x66, 0x01, 0xC7, 0x00, 0x25, 0x00, 0xB4, 0xFF,
    0x7C, 0xFF, 0xD2, 0xFF, 0x5B, 0x00, 0x82, 0x00, 0x4D, 0x00, 0x92, 0xFF, 0x50, 0xFF, 0x3A, 0xFF,
    0x42, 0xFF, 0x98, 0xFF, 0xEC, 0xFF, 0x1C, 0x00, 0x3E, 0x00, 0x9F, 0xFF, 0x3C, 0xFF, 0x64, 0xFF,
    0xC2, 0xFF, 0x87, 0x00, 0x94, 0x00, 0xB9, 0x00, 0x5F, 0x00, 0x83, 0xFF, 0x97, 0xFF, 0x7F, 0x00,
    0x14, 0x01, 0xF7, 0x00, 0x13, 0x00, 0x63, 0xFF, 0x1B, 0xFF, 0x65, 0xFF, 0x18, 0x00, 0x64, 0x00,
    0x34, 0x00, 0xE9, 0xFF, 0xA5, 0xFF, 0xC6, 0xFF, 0xD7, 0xFF, 0xDE, 0xFF, 0xA3, 0xFF, 0xBB, 0xFF,
    0x13, 0x00, 0x04, 0x00, 0x46, 0xFF, 0x4C, 0xFF, 0x95, 0xFF, 0x10, 0x00, 0x6D, 0x00, 0xF1, 0xFF,
    0x84, 0xFF, 0xD9, 0xFF, 0xA1, 0xFF, 0x31, 0x00, 0x61, 0x00, 0x00, 0x00, 0x60, 0x00, 0x14, 0x00,
    0xC1, 0xFF, 0x41, 0x00, 0xC5, 0xFF, 0x78, 0xFF, 0x48, 0x00, 0x2A, 0x00, 0x78, 0x00, 0x23, 0x00,
    0x63, 0xFF, 0x65, 0xFF, 0xAB, 0xFF, 0x78, 0xFF, 0x28, 0x00, 0x4D, 0x00, 0xC6, 0xFF, 0xC9, 0xFF,
    0x7B, 0xFF, 0x7C, 0xFF, 0x09, 0x00, 0xC9, 0xFF, 0xBD, 0xFF, 0x07, 0x00, 0xA9, 0xFF, 0xA7, 0xFF,
    0x0B, 0x00, 0x2D, 0x00, 0x43, 0x00, 0xFD, 0xFF, 0x99, 0xFF, 0xE9, 0xFF, 0x44, 0x00, 0x5D, 0x00,
    0x72, 0x00, 0x8F, 0x00, 0x40, 0x00, 0xE0, 0xFF, 0x95, 0xFF, 0xB5, 0xFF, 0x16, 0x00, 0x3E, 0x00,
    0x1F, 0x00, 0xD0, 0xFF, 0x18, 0xFF, 0x59, 0xFF, 0x30, 0x00, 0xFF, 0x00, 0x3E, 0x01, 0x5D, 0x00,
    0x79, 0xFF, 0x45, 0xFF, 0x9C, 0xFF, 0x36, 0x00, 0x1B, 0x01, 0xCC, 0x00, 0x0A, 0x00, 0xA4, 0xFF,
    0xBE, 0xFF, 0x61, 0x00, 0xFA, 0x00, 0xE3, 0x00, 0x31, 0x00, 0xF8, 0xFF, 0x7F, 0xFF, 0xAB, 0xFF,
    0xD4, 0xFF, 0x1E, 0x00, 0x90, 0x00, 0x81, 0x00, 0xAE, 0xFF, 0xB6, 0xFF, 0x10, 0x00, 0x1B, 0x00,
    0x2A, 0x00, 0xBD, 0xFF, 0xBE, 0xFF, 0xD3, 0xFF, 0xB2, 0xFF, 0xF5, 0xFF, 0x2A, 0x00, 0xD3, 0xFF,
    0xDB, 0xFF, 0x6E, 0x00, 0x90, 0x00, 0x72, 0x00, 0x2F, 0x00, 0x59, 0x00, 0x81, 0x00, 0x71, 0x00,
    0x6C, 0x00, 0x3E, 0x00, 0x53, 0x00, 0xF9, 0xFF, 0xCC, 0xFF, 0xA8, 0xFF, 0x58, 0xFF, 0xAA, 0xFF,
    0x04, 0x00, 0x12, 0x00, 0xD7, 0xFF, 0xA0, 0xFF, 0x7F, 0xFF, 0xEA, 0xFF, 0x87, 0x00, 0x53, 0x00,
    0x34, 0x00, 0x25, 0x00, 0x98, 0xFF, 0x0B, 0x00, 0x97, 0x00, 0xA4, 0x00, 0xB2, 0x00, 0x29, 0x00,
    0xE5, 0xFF, 0x3A, 0x00, 0x17, 0x00, 0x1F, 0x00, 0x3C, 0x00, 0x2A, 0x00, 0x34, 0x00, 0x6C, 0x00,
    0x18, 0x00, 0x8C, 0xFF, 0x81, 0xFF, 0x5A, 0xFF, 0x80, 0xFF, 0x8A, 0xFF, 0x21, 0xFF, 0xFD, 0xFE,
    0x3B, 0xFF, 0x90, 0xFF, 0x0F, 0x00, 0x28, 0x00, 0xE1, 0xFF, 0xEF, 0xFF, 0x1B, 0x00, 0x67, 0x00,
    0xC6, 0x00, 0xE7, 0x00, 0x7A, 0x00, 0x1E, 0x00, 0xE8, 0xFF, 0xE2, 0xFF, 0x3B, 0x00, 0xF7, 0xFF,
    0x3C, 0x00, 0x4C, 0x00, 0xF1, 0xFF, 0x99, 0xFF, 0xC3, 0xFF, 0xF4, 0xFF, 0x46, 0x00, 0x2D, 0x00,
    0xB4, 0xFF, 0xB5, 0xFF, 0x8B, 0xFF, 0x8A, 0xFF, 0xC7, 0xFF, 0x0E, 0x00, 0x09, 0x00, 0x6B, 0xFF,
    0x51, 0xFF, 0x9A, 0xFF, 0xE1, 0xFF, 0xE8, 0xFF, 0xDF, 0xFF, 0x43, 0x00, 0x24, 0x00, 0x36, 0x00,
    0x6D, 0x00, 0xA9, 0x00, 0x71, 0x00, 0x2D, 0x00, 0x19, 0x00, 0xFC, 0xFF, 0x19, 0x00, 0x1C, 0x00,
    0xD5, 0xFF, 0xBA, 0xFF, 0x95, 0xFF, 0x23, 0xFF, 0x86, 0xFF, 0xDC, 0xFF, 0xE7, 0xFF, 0xEB, 0xFF,
    0x97, 0xFF, 0x9F, 0xFF, 0x94, 0xFF, 0x93, 0xFF, 0xBA, 0xFF, 0xD2, 0xFF, 0xCE, 0xFF, 0xFE, 0xFF,
    0x09, 0x00, 0x22, 0x00, 0xE1, 0xFF, 0xC9, 0xFF, 0x3F, 0x00, 0x80, 0x00, 0xA8, 0x00, 0x8E, 0x00,
    0x25, 0x00, 0x14, 0x00, 0x2B, 0x00, 0x64, 0x00, 0x75, 0x00, 0x31, 0x00, 0xB4, 0xFF, 0xB9, 0xFF,
    0xFE, 0xFF, 0x12, 0x00, 0xE4, 0xFF, 0xB8, 0xFF, 0xA9, 0xFF, 0x9D, 0xFF, 0xC8, 0xFF, 0xDC, 0xFF,
    0x1C, 0x00, 0xBA, 0xFF, 0x61, 0xFF, 0xC9, 0xFF, 0xF7, 0xFF, 0x41, 0x00, 0x12, 0x00, 0xA8, 0xFF,
    0xA0, 0xFF, 0xED, 0xFF, 0x86, 0x00, 0xE6, 0x00, 0xD4, 0x00, 0x54, 0x00, 0xC7, 0xFF, 0xFE, 0xFF,
    0x6D, 0x00, 0xA0, 0x00, 0xA3, 0x00, 0x5B, 0x00, 0x2A, 0x00, 0x4A, 0x00, 0x31, 0x00, 0x17, 0x00,
    0x2E, 0x00, 0x2E, 0x00, 0x24, 0x00, 0xFC, 0xFF, 0xB8, 0xFF, 0xA1, 0xFF, 0xB3, 0xFF, 0xF1, 0xFF,
    0x0B, 0x00, 0xD6, 0xFF, 0xD0, 0xFF, 0xD0, 0xFF, 0xD8, 0xFF, 0xC5, 0xFF, 0xB7, 0xFF, 0xC9, 0xFF,
    0x12, 0x00, 0x1B, 0x00, 0xD1, 0xFF, 0xDA, 0xFF, 0xF2, 0xFF, 0x41, 0x00, 0x81, 0x00, 0x8C, 0x00,
    0x49, 0x00, 0x2E, 0x00, 0x43, 0x00, 0x34, 0x00, 0x88, 0x00, 0x70, 0x00, 0x18, 0x00, 0x4B, 0x00,
    0x70, 0x00, 0x64, 0x00, 0x34, 0x00, 0x01, 0x00, 0xD8, 0xFF, 0xDA, 0xFF, 0x0A, 0x00, 0x1C, 0x00,
    0x33, 0x00, 0x09, 0x00, 0x8B, 0xFF, 0x8A, 0xFF, 0xBC, 0xFF, 0xBC, 0xFF, 0xBA, 0xFF, 0xDB, 0xFF,
    0x13, 0x00, 0x06, 0x00, 0xA6, 0xFF, 0x71, 0xFF, 0xB2, 0xFF, 0xFA, 0xFF, 0x37, 0x00, 0x3B, 0x00,
    0xFC, 0xFF, 0xC1, 0xFF, 0xBD, 0xFF, 0xF9, 0xFF, 0x3B, 0x00, 0x5B, 0x00, 0x54, 0x00, 0x29, 0x00,
    0x0E, 0x00, 0xE0, 0xFF, 0x00, 0x00, 0x1D, 0x00, 0x34, 0x00, 0x32, 0x00, 0x2E, 0x00, 0x14, 0x00,
    0xD0, 0xFF, 0xD9, 0xFF, 0xE1, 0xFF, 0xE5, 0xFF, 0xED, 0xFF, 0xE1, 0xFF, 0xC5, 0xFF, 0x91, 0xFF,
    0x8E, 0xFF, 0xAF, 0xFF, 0xBA, 0xFF, 0xE6, 0xFF, 0xC1, 0xFF, 0xB5, 0xFF, 0xC1, 0xFF, 0xE0, 0xFF,
    0xFE, 0xFF, 0x07, 0x00, 0xFD, 0xFF, 0x0F, 0x00, 0xFC, 0xFF, 0xF4, 0xFF, 0x24, 0x00, 0x05, 0x00,
    0xFE, 0xFF, 0xDF, 0xFF, 0xCD, 0xFF, 0x33, 0x00, 0x67, 0x00, 0x3B, 0x00, 0xEA, 0xFF, 0xAC, 0xFF,
    0x93, 0xFF, 0xB8, 0xFF, 0xFB, 0xFF, 0x28, 0x00, 0x1E, 0x00, 0xD2, 0xFF, 0xB2, 0xFF, 0xC4, 0xFF,
    0xE5, 0xFF, 0x07, 0x00, 0x18, 0x00, 0x0A, 0x00, 0x13, 0x00, 0xFD, 0xFF, 0xF7, 0xFF, 0x0B, 0x00,
    0x06, 0x00, 0x0E, 0x00, 0x30, 0x00, 0x62, 0x00, 0x5F, 0x00, 0x47, 0x00, 0x1E, 0x00, 0x1A, 0x00,
    0x34, 0x00, 0x3C, 0x00, 0x2D, 0x00, 0x25, 0x00, 0x12, 0x00, 0xE0, 0xFF, 0xE0, 0xFF, 0xDA, 0xFF,
    0xE9, 0xFF, 0xF9, 0xFF, 0xEA, 0xFF, 0xDA, 0xFF, 0xBD, 0xFF, 0xBC, 0xFF, 0xC7, 0xFF, 0xF6, 0xFF,
    0x19, 0x00, 0xFB, 0xFF, 0xEA, 0xFF, 0xE3, 0xFF, 0xEE, 0xFF, 0x1E, 0x00, 0x44, 0x00, 0x49, 0x00,
    0x3A, 0x00, 0x1F, 0x00, 0x10, 0x00, 0x18, 0x00, 0x43, 0x00, 0x41, 0x00, 0x65, 0x00, 0x56, 0x00,
    0x4A, 0x00, 0x47, 0x00, 0x23, 0x00, 0x19, 0x00, 0x02, 0x00, 0x06, 0x00, 0xFD, 0xFF, 0xED, 0xFF,
    0xE1, 0xFF, 0xC3, 0xFF, 0xB4, 0xFF, 0xAA, 0xFF, 0xA1, 0xFF, 0xBB, 0xFF, 0xCF, 0xFF, 0xC8, 0xFF,
    0xAB, 0xFF, 0xC2, 0xFF, 0xF7, 0xFF, 0x0E, 0x00, 0x0C, 0x00, 0x1D, 0x00, 0x28, 0x00, 0x2A, 0x00,
    0x35, 0x00, 0x4C, 0x00, 0x4D, 0x00, 0x38, 0x00, 0x08, 0x00, 0x14, 0x00, 0x30, 0x00, 0x34, 0x00,
    0x38, 0x00, 0x31, 0x00, 0x2E, 0x00, 0x1F, 0x00, 0x00, 0x00, 0xF6, 0xFF, 0xF6, 0xFF, 0xCE, 0xFF,
    0xBD, 0xFF, 0xBB, 0xFF, 0xB4, 0xFF, 0xCB, 0xFF, 0xC8, 0xFF, 0xD0, 0xFF, 0xEE, 0xFF, 0xD5, 0xFF,
    0xCD, 0xFF, 0xE1, 0xFF, 0xEE, 0xFF, 0xFF, 0xFF, 0x03, 0x00, 0x1C, 0x00, 0x16, 0x00, 0x05, 0x00,
    0xFF, 0xFF, 0xF3, 0xFF, 0x0A, 0x00, 0x12, 0x00, 0x00, 0x00, 0xF6, 0xFF, 0xEB, 0xFF, 0xF9, 0xFF,
    0x0E, 0x00, 0x10, 0x00, 0x09, 0x00, 0x10, 0x00, 0xF7, 0xFF, 0x05, 0x00, 0x0C, 0x00, 0xEB, 0xFF,
    0xE9, 0xFF, 0xC9, 0xFF, 0xF0, 0xFF, 0x10, 0x00, 0xDF, 0xFF, 0xDA, 0xFF, 0xDA, 0xFF, 0xD8, 0xFF,
    0xD5, 0xFF, 0xEE, 0xFF, 0x00, 0x00, 0xFB, 0xFF, 0xF0, 0xFF, 0xF3, 0xFF, 0x05, 0x00, 0x05, 0x00,
    0xE4, 0xFF, 0xD8, 0xFF, 0xEE, 0xFF, 0xE3, 0xFF, 0xF2, 0xFF, 0x00, 0x00, 0xF6, 0xFF, 0xFD, 0xFF,
    0xE3, 0xFF, 0xEB, 0xFF, 0x03, 0x00, 0x05, 0x00, 0x14, 0x00, 0x17, 0x00, 0x36, 0x00, 0x39, 0x00,
    0x31, 0x00, 0x2D, 0x00, 0x1A, 0x00, 0x24, 0x00, 0x39, 0x00, 0x2F, 0x00, 0x24, 0x00, 0x15, 0x00,
    0xFF, 0xFF, 0xFF, 0xFF, 0x00, 0x00, 0xFE, 0xFF, 0xF8, 0xFF, 0xE9, 0xFF, 0xF0, 0xFF, 0xF0, 0xFF,
    0xE1, 0xFF, 0xCE, 0xFF, 0xD4, 0xFF, 0xEA, 0xFF, 0xFA, 0xFF, 0x0F, 0x00, 0x1F, 0x00, 0x24, 0x00,
    0x20, 0x00, 0x17, 0x00, 0x26, 0x00, 0x2A, 0x00, 0x47, 0x00, 0x50, 0x00, 0x47, 0x00, 0x55, 0x00,
    0x3B, 0x00, 0x2B, 0x00, 0x3F, 0x00, 0x39, 0x00, 0x33, 0x00, 0x1B, 0x00, 0x0B, 0x00, 0x0F, 0x00,
    0x00, 0x00, 0xFD, 0xFF, 0xF9, 0xFF, 0xEC, 0xFF, 0xE1, 0xFF, 0xD5, 0xFF, 0xD3, 0xFF, 0xD1, 0xFF,
    0xD1, 0xFF, 0xD9, 0xFF, 0xE6, 0xFF, 0x03, 0x00, 0xFB, 0xFF, 0xE2, 0xFF, 0xE3, 0xFF, 0xF1, 0xFF,
    0x03, 0x00, 0x11, 0x00, 0x11, 0x00, 0x12, 0x00, 0x1A, 0x00, 0x1D, 0x00, 0x14, 0x00, 0x18, 0x00,
    0x24, 0x00, 0x15, 0x00, 0x11, 0x00, 0x08, 0x00, 0xFA, 0xFF, 0xF7, 0xFF, 0xEF, 0xFF, 0xF0, 0xFF,
    0xF1, 0xFF, 0xEF, 0xFF, 0xE2, 0xFF, 0xD3, 0xFF, 0xDD, 0xFF, 0xD6, 0xFF, 0xD0, 0xFF, 0xDC, 0xFF,
    0xD7, 0xFF, 0xD4, 0xFF, 0xDA, 0xFF, 0xED, 0xFF, 0xF9, 0xFF, 0xF3, 0xFF, 0xF5, 0xFF, 0xE5, 0xFF,
    0xEB, 0xFF, 0x00, 0x00, 0x07, 0x00, 0x0B, 0x00, 0x10, 0x00, 0x0B, 0x00, 0x10, 0x00, 0x02, 0x00,
    0xFE, 0xFF, 0x01, 0x00, 0xF5, 0xFF, 0xF7, 0xFF, 0xF1, 0xFF, 0xF3, 0xFF, 0xFF, 0xFF, 0xF4, 0xFF,
    0xDE, 0xFF, 0xD9, 0xFF, 0xD7, 0xFF, 0xCF, 0xFF, 0xDC, 0xFF, 0xEA, 0xFF, 0xEA, 0xFF, 0xE7, 0xFF,
    0xE1, 0xFF, 0xE7, 0xFF, 0xF6, 0xFF, 0x00, 0x00, 0xFD, 0xFF, 0x03, 0x00, 0x05, 0x00, 0xF6, 0xFF,
    0xF2, 0xFF, 0xFB, 0xFF, 0x0C, 0x00, 0x21, 0x00, 0x22, 0x00, 0x21, 0x00, 0x18, 0x00, 0x06, 0x00,
    0x00, 0x00, 0x02, 0x00, 0x05, 0x00, 0x10, 0x00, 0xFF, 0xFF, 0xEE, 0xFF, 0xEC, 0xFF, 0xE1, 0xFF,
    0xE8, 0xFF, 0xEF, 0xFF, 0xF2, 0xFF, 0x06, 0x00, 0x08, 0x00, 0x0C, 0x00, 0x11, 0x00, 0x0B, 0x00,
    0x0A, 0x00, 0x0A, 0x00, 0x13, 0x00, 0x1D, 0x00, 0x1C, 0x00, 0x0C, 0x00, 0x06, 0x00, 0x05, 0x00,
    0x0E, 0x00, 0x17, 0x00, 0x1B, 0x00, 0x19, 0x00, 0x18, 0x00, 0x15, 0x00, 0x0D, 0x00, 0x09, 0x00,
    0x10, 0x00, 0x18, 0x00, 0x16, 0x00, 0x13, 0x00, 0x04, 0x00, 0x06, 0x00, 0x0C, 0x00, 0x08, 0x00,
    0x0D, 0x00, 0x0E, 0x00, 0x13, 0x00, 0x19, 0x00, 0x0B, 0x00, 0x05, 0x00, 0x02, 0x00, 0xFE, 0xFF,
    0x04, 0x00, 0x0E, 0x00, 0x0B, 0x00, 0xFF, 0xFF, 0x00, 0x00, 0x08, 0x00, 0x0F, 0x00, 0x0C, 0x00,
    0xFF, 0xFF, 0xFF, 0xFF, 0x05, 0x00, 0x04, 0x00, 0x04, 0x00, 0xF8, 0xFF, 0xEC, 0xFF, 0xF3, 0xFF,
    0xF6, 0xFF, 0xFE, 0xFF, 0xFD, 0xFF, 0xFC, 0xFF, 0x04, 0x00, 0x06, 0x00, 0x11, 0x00, 0x12, 0x00,
    0x10, 0x00, 0x0E, 0x00, 0x09, 0x00, 0x06, 0x00, 0x0E, 0x00, 0x0D, 0x00, 0x03, 0x00, 0x02, 0x00,
    0xFB, 0xFF, 0xF4, 0xFF, 0xF2, 0xFF, 0xF6, 0xFF, 0xFA, 0xFF, 0xFA, 0xFF, 0xF9, 0xFF, 0xF3, 0xFF,
    0xEE, 0xFF, 0xEE, 0xFF, 0xF6, 0xFF, 0xF9, 0xFF, 0xFB, 0xFF, 0xF9, 0xFF, 0xF6, 0xFF, 0xF6, 0xFF,
    0xFF, 0xFF, 0x07, 0x00, 0x02, 0x00, 0xFD, 0xFF, 0xFA, 0xFF, 0xF9, 0xFF, 0xF4, 0xFF, 0xF2, 0xFF,
    0xF8, 0xFF, 0xFA, 0xFF, 0xFD, 0xFF, 0x02, 0x00, 0x02, 0x00, 0x01, 0x00, 0xFF, 0xFF, 0xFE, 0xFF,
    0xFD, 0xFF, 0xF8, 0xFF, 0xF8, 0xFF, 0xF3, 0xFF, 0xED, 0xFF, 0xEB, 0xFF, 0xE4, 0xFF, 0xE4, 0xFF,
    0xE8, 0xFF, 0xE8, 0xFF, 0xF3, 0xFF, 0x00, 0x00, 0x02, 0x00, 0x00, 0x00, 0x00, 0x00, 0x00, 0x00,
    0x05, 0x00, 0x08, 0x00, 0x0A, 0x00, 0x08, 0x00, 0x03, 0x00, 0xFF, 0xFF, 0xF7, 0xFF, 0xF7, 0xFF,
    0xF9, 0xFF, 0xF0, 0xFF, 0xF5, 0xFF, 0xF7, 0xFF, 0xEC, 0xFF, 0xED, 0xFF, 0xF3, 0xFF, 0xFB, 0xFF,
    0x07, 0x00, 0x08, 0x00, 0x0A, 0x00, 0x0E, 0x00, 0x0F, 0x00, 0x0C, 0x00, 0x04, 0x00, 0x02, 0x00,
    0xFE, 0xFF, 0xF9, 0xFF, 0xFC, 0xFF, 0x03, 0x00, 0x01, 0x00, 0x00, 0x00, 0x03, 0x00, 0x02, 0x00,
    0x07, 0x00, 0x0D, 0x00, 0x13, 0x00, 0x13, 0x00, 0x0D, 0x00, 0x0E, 0x00, 0x0C, 0x00, 0x0A, 0x00,
    0x08, 0x00, 0x00, 0x00, 0x00, 0x00, 0xFF, 0xFF, 0xF8, 0xFF, 0xF8, 0xFF, 0xF8, 0xFF, 0xF6, 0xFF,
    0xF4, 0xFF, 0xF3, 0xFF, 0xF5, 0xFF, 0xF6, 0xFF, 0xFC, 0xFF, 0x03, 0x00, 0x03, 0x00, 0x02, 0x00,
    0x03, 0x00, 0x06, 0x00, 0x11, 0x00, 0x12, 0x00, 0x0B, 0x00, 0x09, 0x00, 0x02, 0x00, 0x02, 0x00,
    0x01, 0x00, 0x03, 0x00, 0x02, 0x00, 0x02, 0x00, 0x05, 0x00, 0x02, 0x00, 0x02, 0x00, 0x04, 0x00,
    0x05, 0x00, 0x09, 0x00, 0x0F, 0x00, 0x13, 0x00, 0x10, 0x00, 0x06, 0x00, 0x03, 0x00, 0x01, 0x00,
    0xFE, 0xFF, 0xFD, 0xFF, 0xF6, 0xFF, 0xF3, 0xFF, 0xF8, 0xFF, 0x00, 0x00, 0x06, 0x00, 0x06, 0x00,
    0x01, 0x00, 0xFE, 0xFF, 0xFF, 0xFF, 0x03, 0x00, 0x03, 0x00, 0x01, 0x00, 0x00, 0x00, 0xFF, 0xFF,
    0x02, 0x00, 0xFF, 0xFF, 0xFF, 0xFF, 0xFF, 0xFF, 0xF9, 0xFF, 0xFC, 0xFF, 0x03, 0x00, 0x06, 0x00,
    0x09, 0x00, 0x08, 0x00, 0x08, 0x00, 0x0A, 0x00, 0x09, 0x00, 0x0B, 0x00, 0x0C, 0x00, 0x08, 0x00,
    0x03, 0x00, 0xFF, 0xFF, 0x00, 0x00, 0x02, 0x00, 0x03, 0x00, 0x00, 0x00, 0xFC, 0xFF, 0xF0, 0xFF,
    0xEE, 0xFF, 0xF5, 0xFF, 0xF3, 0xFF, 0xFA, 0xFF, 0xFB, 0xFF, 0xF9, 0xFF, 0x01, 0x00, 0x01, 0x00,
    0xFF, 0xFF, 0xFE, 0xFF, 0xFF, 0xFF, 0xFE, 0xFF, 0x00, 0x00, 0xFE, 0xFF, 0xF8, 0xFF, 0xFA, 0xFF,
    0xF7, 0xFF, 0xF8, 0xFF, 0xFE, 0xFF, 0x03, 0x00, 0x03, 0x00, 0xFF, 0xFF, 0x06, 0x00, 0x07, 0x00,
    0x09, 0x00, 0x0C, 0x00, 0x0C, 0x00, 0x0A, 0x00, 0x08, 0x00, 0x05, 0x00, 0x00, 0x00, 0xFE, 0xFF,
    0xFA, 0xFF, 0xFB, 0xFF, 0xFC, 0xFF, 0xFB, 0xFF, 0xF9, 0xFF, 0xF6, 0xFF, 0xF7, 0xFF, 0xF5, 0xFF,
    0xF7, 0xFF, 0xF9, 0xFF, 0xFD, 0xFF, 0x00, 0x00, 0x07, 0x00, 0x07, 0x00, 0x06, 0x00, 0x02, 0x00,
    0xFF, 0xFF, 0x00, 0x00, 0x01, 0x00, 0xFF, 0xFF, 0x00, 0x00, 0xFC, 0xFF, 0xF4, 0xFF, 0xFC, 0xFF,
    0xFF, 0xFF, 0x02, 0x00, 0x06, 0x00, 0x03, 0x00, 0x00, 0x00, 0x00, 0x00, 0x02, 0x00, 0x05, 0x00,
    0x06, 0x00, 0x06, 0x00, 0x08, 0x00, 0x06, 0x00, 0x00, 0x00, 0x01, 0x00, 0xFD, 0xFF, 0xFB, 0xFF,
    0xFC, 0xFF, 0xF6, 0xFF, 0xF7, 0xFF, 0xFD, 0xFF, 0xFF, 0xFF, 0xFE, 0xFF, 0xFD, 0xFF, 0xFD, 0xFF,
    0xFC, 0xFF, 0xFF, 0xFF, 0x03, 0x00, 0x05, 0x00, 0x02, 0x00, 0x02, 0x00, 0xFF, 0xFF, 0xFE, 0xFF,
    0xFF, 0xFF, 0xFD, 0xFF, 0xFD, 0xFF, 0xFC, 0xFF, 0xFA, 0xFF, 0xFA, 0xFF, 0xFA, 0xFF, 0xF9, 0xFF,
    0xFA, 0xFF, 0xFC, 0xFF, 0xFF, 0xFF, 0x01, 0x00, 0x05, 0x00, 0x06, 0x00, 0x05, 0x00, 0x0C, 0x00,
    0x0A, 0x00, 0x06, 0x00, 0x07, 0x00, 0x04, 0x00, 0x04, 0x00, 0x07, 0x00, 0x04, 0x00, 0x00, 0x00,
    0x00, 0x00, 0x00, 0x00, 0x00, 0x00, 0xFF, 0xFF, 0xFE, 0xFF, 0xFD, 0xFF, 0x01, 0x00, 0x03, 0x00,
    0x05, 0x00, 0x03, 0x00, 0x01, 0x00, 0x03, 0x00, 0x04, 0x00, 0x05, 0x00, 0x04, 0x00, 0x03, 0x00,
    0x02, 0x00, 0x02, 0x00, 0x03, 0x00, 0x01, 0x00, 0xFE, 0xFF, 0xFC, 0xFF, 0xFC, 0xFF, 0xFE, 0xFF,
    0x00, 0x00, 0x02, 0x00, 0x01, 0x00, 0x03, 0x00, 0x02, 0x00, 0x04, 0x00, 0x07, 0x00, 0x05, 0x00,
    0x05, 0x00, 0x04, 0x00, 0x02, 0x00, 0x00, 0x00, 0x00, 0x00, 0xFC, 0xFF, 0xFB, 0xFF, 0xFB, 0xFF,
    0xFD, 0xFF, 0x00, 0x00, 0xFF, 0xFF, 0x01, 0x00, 0x01, 0x00, 0x02, 0x00, 0x02, 0x00, 0x02, 0x00,
    0x03, 0x00, 0x04, 0x00, 0x02, 0x00, 0x00, 0x00, 0xFC, 0xFF, 0xF9, 0xFF, 0xF8, 0xFF, 0xFA, 0xFF,
    0xFA, 0xFF, 0xFB, 0xFF, 0xFB, 0xFF, 0xFB, 0xFF, 0xF9, 0xFF, 0xF8, 0xFF, 0xFB, 0xFF, 0xFC, 0xFF,
    0xFD, 0xFF, 0xFE, 0xFF, 0x00, 0x00, 0x00, 0x00, 0x01, 0x00, 0x00, 0x00, 0x02, 0x00, 0x02, 0x00,
    0x01, 0x00, 0xFF, 0xFF, 0xFF, 0xFF, 0xFD, 0xFF, 0xFE, 0xFF, 0xFD, 0xFF, 0xFD, 0xFF, 0xFF, 0xFF,
    0xFD, 0xFF, 0xFF, 0xFF, 0x00, 0x00, 0xFE, 0xFF, 0xFC, 0xFF, 0xF9, 0xFF, 0xF8, 0xFF, 0xFB, 0xFF,
    0xFC, 0xFF, 0xFD, 0xFF, 0xFF, 0xFF, 0x00, 0x00, 0xFF, 0xFF, 0x00, 0x00, 0x00, 0x00, 0xFF, 0xFF,
    0xFF, 0xFF, 0xFF, 0xFF, 0x00, 0x00, 0x01, 0x00, 0x02, 0x00, 0x02, 0x00, 0x04, 0x00, 0x06, 0x00,
    0x05, 0x00, 0x04, 0x00, 0x03, 0x00, 0x00, 0x00, 0xFF, 0xFF, 0xFF, 0xFF, 0xFC, 0xFF, 0xFB, 0xFF,
    0xF9, 0xFF, 0xF9, 0xFF, 0xFA, 0xFF, 0xFB, 0xFF, 0xFA, 0xFF, 0xFC, 0xFF, 0xFF, 0xFF, 0x00, 0x00,
    0x00, 0x00, 0x02, 0x00, 0x01, 0x00, 0x00, 0x00, 0x00, 0x00, 0x00, 0x00, 0x00, 0x00, 0x01, 0x00,
    0x02, 0x00, 0x03, 0x00, 0x03, 0x00, 0x04, 0x00, 0x02, 0x00, 0x02, 0x00, 0x04, 0x00, 0x06, 0x00,
    0x07, 0x00, 0x05, 0x00, 0x03, 0x00, 0x05, 0x00, 0x04, 0x00, 0x06, 0x00, 0x08, 0x00, 0x07, 0x00,
    0x05, 0x00, 0x04, 0x00, 0x04, 0x00, 0x01, 0x00, 0x03, 0x00, 0x01, 0x00, 0xFF, 0xFF, 0xFE, 0xFF,
    0xFC, 0xFF, 0xFC, 0xFF, 0xFB, 0xFF, 0xFB, 0xFF, 0xFB, 0xFF, 0xFA, 0xFF, 0xFC, 0xFF, 0xFE, 0xFF,
    0x00, 0x00, 0x04, 0x00, 0x06, 0x00, 0x04, 0x00, 0x04, 0x00, 0x05, 0x00, 0x04, 0x00, 0x02, 0x00,
    0x01, 0x00, 0x04, 0x00, 0x03, 0x00, 0x01, 0x00, 0x01, 0x00, 0xFF, 0xFF, 0x00, 0x00, 0x00, 0x00,
    0xFF, 0xFF, 0xFE, 0xFF, 0xFE, 0xFF, 0xFD, 0xFF, 0xFB, 0xFF, 0xFC, 0xFF, 0xFD, 0xFF, 0x00, 0x00,
    0xFF, 0xFF, 0x00, 0x00, 0x00, 0x00, 0xFE, 0xFF, 0xFE, 0xFF, 0xFF, 0xFF, 0xFF, 0xFF, 0xFE, 0xFF,
    0xFE, 0xFF, 0xFD, 0xFF, 0xFD, 0xFF, 0xFB, 0xFF, 0xFC, 0xFF, 0xFD, 0xFF, 0xFE, 0xFF, 0xFF, 0xFF,
    0x00, 0x00, 0x01, 0x00, 0x00, 0x00, 0x00, 0x00, 0x02, 0x00, 0x01, 0x00, 0x02, 0x00
};
const unsigned int rock_wav_len = sizeof(rock_wav);
